0 verbose cli /usr/local/bin/node /usr/local/bin/npm
1 info using npm@11.16.0
2 info using node@v24.14.0
3 silly config load:file:/usr/local/lib/node_modules/npm/npmrc
4 silly config load:file:/Users/mac/Desktop/App/NAE_Manages01/.npmrc
5 silly config load:file:/Users/mac/.npmrc
6 silly config load:file:/usr/local/etc/npmrc
7 verbose title npm i
8 verbose argv "i"
9 verbose logfile logs-max:10 dir:/Users/mac/Desktop/App/NAE_Manages01/.npm_cache/_logs/2026-07-27T16_02_38_228Z-
10 verbose logfile /Users/mac/Desktop/App/NAE_Manages01/.npm_cache/_logs/2026-07-27T16_02_38_228Z-debug-0.log
11 silly logfile done cleaning log files
12 silly packumentCache heap:2348810240 maxSize:587202560 maxEntrySize:293601280
13 silly idealTree buildDeps
14 silly fetch manifest @amcharts/amcharts5@^5.19.1
15 silly packumentCache full:https://registry.npmjs.org/@amcharts%2famcharts5 cache-miss
16 http fetch GET 200 https://registry.npmjs.org/npm 232ms
17 http fetch GET 200 https://registry.npmjs.org/@amcharts%2famcharts5 863ms (cache miss)
18 silly packumentCache full:https://registry.npmjs.org/@amcharts%2famcharts5 set size:undefined disposed:false
19 silly fetch manifest cors@^2.8.6
20 silly packumentCache full:https://registry.npmjs.org/cors cache-miss
21 http fetch GET 200 https://registry.npmjs.org/cors 290ms (cache miss)
22 silly packumentCache full:https://registry.npmjs.org/cors set size:undefined disposed:false
23 silly fetch manifest dotenv@^17.4.2
24 silly packumentCache full:https://registry.npmjs.org/dotenv cache-miss
25 http fetch GET 200 https://registry.npmjs.org/dotenv 290ms (cache miss)
26 silly packumentCache full:https://registry.npmjs.org/dotenv set size:undefined disposed:false
27 silly fetch manifest express@^5.2.1
28 silly packumentCache full:https://registry.npmjs.org/express cache-miss
29 http fetch GET 200 https://registry.npmjs.org/express 83ms (cache miss)
30 silly packumentCache full:https://registry.npmjs.org/express set size:undefined disposed:false
31 silly fetch manifest jsonwebtoken@^9.0.3
32 silly packumentCache full:https://registry.npmjs.org/jsonwebtoken cache-miss
33 http fetch GET 200 https://registry.npmjs.org/jsonwebtoken 42ms (cache miss)
34 silly packumentCache full:https://registry.npmjs.org/jsonwebtoken set size:undefined disposed:false
35 silly fetch manifest multer@^2.1.1
36 silly packumentCache full:https://registry.npmjs.org/multer cache-miss
37 http fetch GET 200 https://registry.npmjs.org/multer 284ms (cache miss)
38 silly packumentCache full:https://registry.npmjs.org/multer set size:undefined disposed:false
39 silly fetch manifest mysql2@^3.22.4
40 silly packumentCache full:https://registry.npmjs.org/mysql2 cache-miss
41 http fetch GET 200 https://registry.npmjs.org/mysql2 76ms (cache miss)
42 silly packumentCache full:https://registry.npmjs.org/mysql2 set size:undefined disposed:false
43 silly fetch manifest @types/node@>= 8
44 silly packumentCache full:https://registry.npmjs.org/@types%2fnode cache-miss
45 http fetch GET 200 https://registry.npmjs.org/@types%2fnode 291ms (cache miss)
46 silly packumentCache full:https://registry.npmjs.org/@types%2fnode set size:undefined disposed:false
47 silly fetch manifest node-cron@^4.6.0
48 silly packumentCache full:https://registry.npmjs.org/node-cron cache-miss
49 http fetch GET 200 https://registry.npmjs.org/node-cron 286ms (cache miss)
50 silly packumentCache full:https://registry.npmjs.org/node-cron set size:undefined disposed:false
51 silly fetch manifest puppeteer@^25.3.0
52 silly packumentCache full:https://registry.npmjs.org/puppeteer cache-miss
53 http fetch GET 200 https://registry.npmjs.org/puppeteer 365ms (cache miss)
54 silly packumentCache full:https://registry.npmjs.org/puppeteer set size:undefined disposed:false
55 silly fetch manifest puppeteer-extra@^3.3.6
56 silly packumentCache full:https://registry.npmjs.org/puppeteer-extra cache-miss
57 http fetch GET 200 https://registry.npmjs.org/puppeteer-extra 288ms (cache miss)
58 silly packumentCache full:https://registry.npmjs.org/puppeteer-extra set size:undefined disposed:false
59 silly fetch manifest @types/puppeteer@*
60 silly packumentCache full:https://registry.npmjs.org/@types%2fpuppeteer cache-miss
61 http fetch GET 200 https://registry.npmjs.org/@types%2fpuppeteer 506ms (cache miss)
62 silly packumentCache full:https://registry.npmjs.org/@types%2fpuppeteer set size:undefined disposed:false
63 silly fetch manifest puppeteer-core@*
64 silly packumentCache full:https://registry.npmjs.org/puppeteer-core cache-miss
65 http fetch GET 200 https://registry.npmjs.org/puppeteer-core 316ms (cache miss)
66 silly packumentCache full:https://registry.npmjs.org/puppeteer-core set size:undefined disposed:false
67 silly fetch manifest puppeteer-extra-plugin-stealth@^2.11.2
68 silly packumentCache full:https://registry.npmjs.org/puppeteer-extra-plugin-stealth cache-miss
69 http fetch GET 200 https://registry.npmjs.org/puppeteer-extra-plugin-stealth 278ms (cache miss)
70 silly packumentCache full:https://registry.npmjs.org/puppeteer-extra-plugin-stealth set size:undefined disposed:false
71 silly fetch manifest playwright-extra@*
72 silly packumentCache full:https://registry.npmjs.org/playwright-extra cache-miss
73 http fetch GET 200 https://registry.npmjs.org/playwright-extra 278ms (cache miss)
74 silly packumentCache full:https://registry.npmjs.org/playwright-extra set size:undefined disposed:false
75 silly fetch manifest playwright@*
76 silly packumentCache full:https://registry.npmjs.org/playwright cache-miss
77 http fetch GET 200 https://registry.npmjs.org/playwright 575ms (cache miss)
78 silly packumentCache full:https://registry.npmjs.org/playwright set size:undefined disposed:false
79 silly fetch manifest playwright-core@*
80 silly packumentCache full:https://registry.npmjs.org/playwright-core cache-miss
81 http fetch GET 200 https://registry.npmjs.org/playwright-core 520ms (cache miss)
82 silly packumentCache full:https://registry.npmjs.org/playwright-core set size:undefined disposed:false
83 silly fetch manifest xlsx@^0.18.5
84 silly packumentCache full:https://registry.npmjs.org/xlsx cache-miss
85 http fetch GET 200 https://registry.npmjs.org/xlsx 299ms (cache miss)
86 silly packumentCache full:https://registry.npmjs.org/xlsx set size:undefined disposed:false
87 silly fetch manifest @tailwindcss/postcss@^4.3.0
88 silly packumentCache full:https://registry.npmjs.org/@tailwindcss%2fpostcss cache-miss
89 http fetch GET 200 https://registry.npmjs.org/@tailwindcss%2fpostcss 626ms (cache miss)
90 silly packumentCache full:https://registry.npmjs.org/@tailwindcss%2fpostcss set size:undefined disposed:false
91 silly fetch manifest autoprefixer@^10.5.0
92 silly packumentCache full:https://registry.npmjs.org/autoprefixer cache-miss
93 http fetch GET 200 https://registry.npmjs.org/autoprefixer 306ms (cache miss)
94 silly packumentCache full:https://registry.npmjs.org/autoprefixer set size:undefined disposed:false
95 silly fetch manifest postcss@^8.5.15
96 silly packumentCache full:https://registry.npmjs.org/postcss cache-miss
97 http fetch GET 200 https://registry.npmjs.org/postcss 313ms (cache miss)
98 silly packumentCache full:https://registry.npmjs.org/postcss set size:undefined disposed:false
99 silly fetch manifest concurrently@^9.2.1
100 silly packumentCache full:https://registry.npmjs.org/concurrently cache-miss
101 http fetch GET 200 https://registry.npmjs.org/concurrently 288ms (cache miss)
102 silly packumentCache full:https://registry.npmjs.org/concurrently set size:undefined disposed:false
103 silly fetch manifest nodemon@^3.1.14
104 silly packumentCache full:https://registry.npmjs.org/nodemon cache-miss
105 http fetch GET 200 https://registry.npmjs.org/nodemon 296ms (cache miss)
106 silly packumentCache full:https://registry.npmjs.org/nodemon set size:undefined disposed:false
107 silly fetch manifest tailwindcss@^4.3.0
108 silly packumentCache full:https://registry.npmjs.org/tailwindcss cache-miss
109 http fetch GET 200 https://registry.npmjs.org/tailwindcss 625ms (cache miss)
110 silly packumentCache full:https://registry.npmjs.org/tailwindcss set size:undefined disposed:false
111 silly fetch manifest vite@^8.0.14
112 silly packumentCache full:https://registry.npmjs.org/vite cache-miss
113 http fetch GET 200 https://registry.npmjs.org/vite 1851ms (cache miss)
114 silly packumentCache full:https://registry.npmjs.org/vite set size:undefined disposed:false
115 silly fetch manifest @types/node@^20.19.0 || >=22.12.0
116 silly packumentCache full:https://registry.npmjs.org/@types%2fnode cache-miss
117 http cache https://registry.npmjs.org/@types%2fnode 12ms (cache hit)
118 silly packumentCache full:https://registry.npmjs.org/@types%2fnode set size:11080817 disposed:false
119 silly fetch manifest @vitejs/devtools@^0.3.0
120 silly packumentCache full:https://registry.npmjs.org/@vitejs%2fdevtools cache-miss
121 http fetch GET 200 https://registry.npmjs.org/@vitejs%2fdevtools 309ms (cache miss)
122 silly packumentCache full:https://registry.npmjs.org/@vitejs%2fdevtools set size:undefined disposed:false
123 silly fetch manifest esbuild@^0.27.0 || ^0.28.0
124 silly packumentCache full:https://registry.npmjs.org/esbuild cache-miss
125 http fetch GET 200 https://registry.npmjs.org/esbuild 360ms (cache miss)
126 silly packumentCache full:https://registry.npmjs.org/esbuild set size:undefined disposed:false
127 silly fetch manifest jiti@>=1.21.0
128 silly packumentCache full:https://registry.npmjs.org/jiti cache-miss
129 http fetch GET 200 https://registry.npmjs.org/jiti 55ms (cache miss)
130 silly packumentCache full:https://registry.npmjs.org/jiti set size:undefined disposed:false
131 silly fetch manifest less@^4.0.0
132 silly packumentCache full:https://registry.npmjs.org/less cache-miss
133 http fetch GET 200 https://registry.npmjs.org/less 54ms (cache miss)
134 silly packumentCache full:https://registry.npmjs.org/less set size:undefined disposed:false
135 silly fetch manifest sass@^1.70.0
136 silly packumentCache full:https://registry.npmjs.org/sass cache-miss
137 http fetch GET 200 https://registry.npmjs.org/sass 70ms (cache miss)
138 silly packumentCache full:https://registry.npmjs.org/sass set size:undefined disposed:false
139 silly fetch manifest sass-embedded@^1.70.0
140 silly packumentCache full:https://registry.npmjs.org/sass-embedded cache-miss
141 http fetch GET 200 https://registry.npmjs.org/sass-embedded 287ms (cache miss)
142 silly packumentCache full:https://registry.npmjs.org/sass-embedded set size:undefined disposed:false
143 silly fetch manifest stylus@>=0.54.8
144 silly packumentCache full:https://registry.npmjs.org/stylus cache-miss
145 http fetch GET 200 https://registry.npmjs.org/stylus 48ms (cache miss)
146 silly packumentCache full:https://registry.npmjs.org/stylus set size:undefined disposed:false
147 silly fetch manifest sugarss@^5.0.0
148 silly packumentCache full:https://registry.npmjs.org/sugarss cache-miss
149 http fetch GET 200 https://registry.npmjs.org/sugarss 42ms (cache miss)
150 silly packumentCache full:https://registry.npmjs.org/sugarss set size:undefined disposed:false
151 silly fetch manifest terser@^5.16.0
152 silly packumentCache full:https://registry.npmjs.org/terser cache-miss
153 http fetch GET 200 https://registry.npmjs.org/terser 64ms (cache miss)
154 silly packumentCache full:https://registry.npmjs.org/terser set size:undefined disposed:false
155 silly fetch manifest tsx@^4.8.1
156 silly packumentCache full:https://registry.npmjs.org/tsx cache-miss
157 http fetch GET 200 https://registry.npmjs.org/tsx 56ms (cache miss)
158 silly packumentCache full:https://registry.npmjs.org/tsx set size:undefined disposed:false
159 silly fetch manifest yaml@^2.4.2
160 silly packumentCache full:https://registry.npmjs.org/yaml cache-miss
161 http fetch GET 200 https://registry.npmjs.org/yaml 49ms (cache miss)
162 silly packumentCache full:https://registry.npmjs.org/yaml set size:undefined disposed:false
163 silly placeDep ROOT @amcharts/amcharts5@5.20.0 OK for: nae_manages01@2.0.0 want: ^5.19.1
164 silly placeDep ROOT @tailwindcss/postcss@4.3.3 OK for: nae_manages01@2.0.0 want: ^4.3.0
165 silly placeDep ROOT autoprefixer@10.5.4 OK for: nae_manages01@2.0.0 want: ^10.5.0
166 silly placeDep ROOT postcss@8.5.23 OK for: autoprefixer@10.5.4 want: ^8.1.0
167 silly placeDep ROOT concurrently@9.2.4 OK for: nae_manages01@2.0.0 want: ^9.2.1
168 silly placeDep ROOT cors@2.8.6 OK for: nae_manages01@2.0.0 want: ^2.8.6
169 silly placeDep ROOT dotenv@17.4.2 OK for: nae_manages01@2.0.0 want: ^17.4.2
170 silly placeDep ROOT express@5.2.1 OK for: nae_manages01@2.0.0 want: ^5.2.1
171 silly placeDep ROOT jsonwebtoken@9.0.3 OK for: nae_manages01@2.0.0 want: ^9.0.3
172 silly placeDep ROOT multer@2.2.0 OK for: nae_manages01@2.0.0 want: ^2.1.1
173 silly placeDep ROOT mysql2@3.23.1 OK for: nae_manages01@2.0.0 want: ^3.22.4
174 silly placeDep ROOT @types/node@26.1.1 OK for: mysql2@3.23.1 want: >= 8
175 silly placeDep ROOT node-cron@4.6.0 OK for: nae_manages01@2.0.0 want: ^4.6.0
176 silly placeDep ROOT nodemon@3.1.14 OK for: nae_manages01@2.0.0 want: ^3.1.14
177 silly placeDep ROOT puppeteer@25.4.0 OK for: nae_manages01@2.0.0 want: ^25.3.0
178 silly placeDep ROOT puppeteer-extra@3.3.6 OK for: nae_manages01@2.0.0 want: ^3.3.6
179 silly placeDep ROOT puppeteer-extra-plugin-stealth@2.11.2 OK for: nae_manages01@2.0.0 want: ^2.11.2
180 silly placeDep ROOT tailwindcss@4.3.3 OK for: nae_manages01@2.0.0 want: ^4.3.0
181 silly placeDep ROOT vite@8.1.5 OK for: nae_manages01@2.0.0 want: ^8.0.14
182 silly placeDep ROOT xlsx@0.18.5 OK for: nae_manages01@2.0.0 want: ^0.18.5
183 silly fetch manifest @types/d3@^7.0.0
184 silly packumentCache full:https://registry.npmjs.org/@types%2fd3 cache-miss
185 silly fetch manifest @types/d3-chord@^3.0.0
186 silly packumentCache full:https://registry.npmjs.org/@types%2fd3-chord cache-miss
187 silly fetch manifest @types/d3-hierarchy@3.1.1
188 silly packumentCache full:https://registry.npmjs.org/@types%2fd3-hierarchy cache-miss
189 silly fetch manifest @types/d3-sankey@^0.11.1
190 silly packumentCache full:https://registry.npmjs.org/@types%2fd3-sankey cache-miss
191 silly fetch manifest @types/d3-shape@^3.0.0
192 silly packumentCache full:https://registry.npmjs.org/@types%2fd3-shape cache-miss
193 silly fetch manifest @types/geojson@^7946.0.8
194 silly packumentCache full:https://registry.npmjs.org/@types%2fgeojson cache-miss
195 silly fetch manifest @types/polylabel@^1.0.5
196 silly packumentCache full:https://registry.npmjs.org/@types%2fpolylabel cache-miss
197 http fetch GET 200 https://registry.npmjs.org/@types%2fd3-shape 350ms (cache miss)
198 silly packumentCache full:https://registry.npmjs.org/@types%2fd3-shape set size:undefined disposed:false
199 silly fetch manifest @types/svg-arc-to-cubic-bezier@^3.2.0
200 silly packumentCache full:https://registry.npmjs.org/@types%2fsvg-arc-to-cubic-bezier cache-miss
201 http fetch GET 200 https://registry.npmjs.org/@types%2fd3-chord 520ms (cache miss)
202 silly packumentCache full:https://registry.npmjs.org/@types%2fd3-chord set size:undefined disposed:false
203 silly fetch manifest d3@^7.0.0
204 silly packumentCache full:https://registry.npmjs.org/d3 cache-miss
205 http fetch GET 200 https://registry.npmjs.org/@types%2fd3 525ms (cache miss)
206 silly packumentCache full:https://registry.npmjs.org/@types%2fd3 set size:undefined disposed:false
207 silly fetch manifest d3-chord@^3.0.0
208 silly packumentCache full:https://registry.npmjs.org/d3-chord cache-miss
209 http fetch GET 200 https://registry.npmjs.org/@types%2fd3-sankey 559ms (cache miss)
210 silly packumentCache full:https://registry.npmjs.org/@types%2fd3-sankey set size:undefined disposed:false
211 silly fetch manifest d3-force@^3.0.0
212 silly packumentCache full:https://registry.npmjs.org/d3-force cache-miss
213 http fetch GET 200 https://registry.npmjs.org/@types%2fgeojson 561ms (cache miss)
214 silly packumentCache full:https://registry.npmjs.org/@types%2fgeojson set size:undefined disposed:false
215 silly fetch manifest d3-geo@^3.0.0
216 silly packumentCache full:https://registry.npmjs.org/d3-geo cache-miss
217 http fetch GET 200 https://registry.npmjs.org/@types%2fpolylabel 569ms (cache miss)
218 silly packumentCache full:https://registry.npmjs.org/@types%2fpolylabel set size:undefined disposed:false
219 silly fetch manifest d3-hierarchy@^3.0.0
220 silly packumentCache full:https://registry.npmjs.org/d3-hierarchy cache-miss
221 http fetch GET 200 https://registry.npmjs.org/@types%2fd3-hierarchy 597ms (cache miss)
222 silly packumentCache full:https://registry.npmjs.org/@types%2fd3-hierarchy set size:undefined disposed:false
223 silly fetch manifest d3-sankey@^0.12.3
224 silly packumentCache full:https://registry.npmjs.org/d3-sankey cache-miss
225 http fetch GET 200 https://registry.npmjs.org/d3-chord 277ms (cache miss)
226 silly packumentCache full:https://registry.npmjs.org/d3-chord set size:undefined disposed:false
227 silly fetch manifest d3-selection@^3.0.0
228 silly packumentCache full:https://registry.npmjs.org/d3-selection cache-miss
229 http fetch GET 200 https://registry.npmjs.org/d3 296ms (cache miss)
230 silly packumentCache full:https://registry.npmjs.org/d3 set size:undefined disposed:false
231 silly fetch manifest d3-shape@^3.0.0
232 silly packumentCache full:https://registry.npmjs.org/d3-shape cache-miss
233 http fetch GET 200 https://registry.npmjs.org/d3-force 271ms (cache miss)
234 silly packumentCache full:https://registry.npmjs.org/d3-force set size:undefined disposed:false
235 silly fetch manifest d3-transition@^3.0.0
236 silly packumentCache full:https://registry.npmjs.org/d3-transition cache-miss
237 http fetch GET 200 https://registry.npmjs.org/d3-geo 289ms (cache miss)
238 silly packumentCache full:https://registry.npmjs.org/d3-geo set size:undefined disposed:false
239 silly fetch manifest d3-voronoi-treemap@^1.1.2
240 silly packumentCache full:https://registry.npmjs.org/d3-voronoi-treemap cache-miss
241 http fetch GET 200 https://registry.npmjs.org/d3-hierarchy 290ms (cache miss)
242 silly packumentCache full:https://registry.npmjs.org/d3-hierarchy set size:undefined disposed:false
243 silly fetch manifest flatpickr@^4.6.13
244 silly packumentCache full:https://registry.npmjs.org/flatpickr cache-miss
245 http fetch GET 200 https://registry.npmjs.org/@types%2fsvg-arc-to-cubic-bezier 517ms (cache miss)
246 silly packumentCache full:https://registry.npmjs.org/@types%2fsvg-arc-to-cubic-bezier set size:undefined disposed:false
247 silly fetch manifest markerjs2@^2.29.4
248 silly packumentCache full:https://registry.npmjs.org/markerjs2 cache-miss
249 http fetch GET 200 https://registry.npmjs.org/d3-sankey 319ms (cache miss)
250 silly packumentCache full:https://registry.npmjs.org/d3-sankey set size:undefined disposed:false
251 silly fetch manifest pdfmake@~0.3.9
252 silly packumentCache full:https://registry.npmjs.org/pdfmake cache-miss
253 http fetch GET 200 https://registry.npmjs.org/d3-shape 285ms (cache miss)
254 silly packumentCache full:https://registry.npmjs.org/d3-shape set size:undefined disposed:false
255 silly fetch manifest polylabel@^1.1.0
256 silly packumentCache full:https://registry.npmjs.org/polylabel cache-miss
257 http fetch GET 200 https://registry.npmjs.org/d3-voronoi-treemap 265ms (cache miss)
258 silly packumentCache full:https://registry.npmjs.org/d3-voronoi-treemap set size:undefined disposed:false
259 silly fetch manifest seedrandom@^3.0.5
260 silly packumentCache full:https://registry.npmjs.org/seedrandom cache-miss
261 http fetch GET 200 https://registry.npmjs.org/d3-selection 315ms (cache miss)
262 silly packumentCache full:https://registry.npmjs.org/d3-selection set size:undefined disposed:false
263 silly fetch manifest svg-arc-to-cubic-bezier@^3.2.0
264 silly packumentCache full:https://registry.npmjs.org/svg-arc-to-cubic-bezier cache-miss
265 http fetch GET 200 https://registry.npmjs.org/d3-transition 300ms (cache miss)
266 silly packumentCache full:https://registry.npmjs.org/d3-transition set size:undefined disposed:false
267 silly fetch manifest tslib@^2.2.0
268 silly packumentCache full:https://registry.npmjs.org/tslib cache-miss
269 http fetch GET 200 https://registry.npmjs.org/markerjs2 270ms (cache miss)
270 silly packumentCache full:https://registry.npmjs.org/markerjs2 set size:undefined disposed:false
271 silly fetch manifest postcss@^8.5.16
272 silly packumentCache full:https://registry.npmjs.org/postcss cache-miss
273 http cache https://registry.npmjs.org/postcss 3ms (cache hit)
274 silly packumentCache full:https://registry.npmjs.org/postcss set size:749954 disposed:false
275 silly fetch manifest tailwindcss@4.3.3
276 silly packumentCache full:https://registry.npmjs.org/tailwindcss cache-miss
277 http cache https://registry.npmjs.org/tailwindcss 16ms (cache hit)
278 silly packumentCache full:https://registry.npmjs.org/tailwindcss set size:10778950 disposed:false
279 silly fetch manifest @alloc/quick-lru@^5.2.0
280 silly packumentCache full:https://registry.npmjs.org/@alloc%2fquick-lru cache-miss
281 http fetch GET 200 https://registry.npmjs.org/flatpickr 340ms (cache miss)
282 silly packumentCache full:https://registry.npmjs.org/flatpickr set size:undefined disposed:false
283 silly fetch manifest @tailwindcss/node@4.3.3
284 silly packumentCache full:https://registry.npmjs.org/@tailwindcss%2fnode cache-miss
285 http fetch GET 200 https://registry.npmjs.org/tslib 68ms (cache miss)
286 silly packumentCache full:https://registry.npmjs.org/tslib set size:undefined disposed:false
287 silly fetch manifest @tailwindcss/oxide@4.3.3
288 silly packumentCache full:https://registry.npmjs.org/@tailwindcss%2foxide cache-miss
289 http fetch GET 200 https://registry.npmjs.org/pdfmake 303ms (cache miss)
290 silly packumentCache full:https://registry.npmjs.org/pdfmake set size:undefined disposed:false
291 silly fetch manifest picocolors@^1.1.1
292 silly packumentCache full:https://registry.npmjs.org/picocolors cache-miss
293 http fetch GET 200 https://registry.npmjs.org/picocolors 43ms (cache miss)
294 silly packumentCache full:https://registry.npmjs.org/picocolors set size:undefined disposed:false
295 silly fetch manifest fraction.js@^5.3.4
296 silly packumentCache full:https://registry.npmjs.org/fraction.js cache-miss
297 http fetch GET 200 https://registry.npmjs.org/polylabel 264ms (cache miss)
298 silly packumentCache full:https://registry.npmjs.org/polylabel set size:undefined disposed:false
299 silly fetch manifest browserslist@^4.28.6
300 silly packumentCache full:https://registry.npmjs.org/browserslist cache-miss
301 http fetch GET 200 https://registry.npmjs.org/seedrandom 267ms (cache miss)
302 silly packumentCache full:https://registry.npmjs.org/seedrandom set size:undefined disposed:false
303 silly fetch manifest caniuse-lite@^1.0.30001806
304 silly packumentCache full:https://registry.npmjs.org/caniuse-lite cache-miss
305 http fetch GET 200 https://registry.npmjs.org/svg-arc-to-cubic-bezier 272ms (cache miss)
306 silly packumentCache full:https://registry.npmjs.org/svg-arc-to-cubic-bezier set size:undefined disposed:false
307 silly fetch manifest postcss-value-parser@^4.2.0
308 silly packumentCache full:https://registry.npmjs.org/postcss-value-parser cache-miss
309 http fetch GET 200 https://registry.npmjs.org/fraction.js 290ms (cache miss)
310 silly packumentCache full:https://registry.npmjs.org/fraction.js set size:undefined disposed:false
311 silly fetch manifest nanoid@^3.3.16
312 silly packumentCache full:https://registry.npmjs.org/nanoid cache-miss
313 http fetch GET 200 https://registry.npmjs.org/nanoid 62ms (cache miss)
314 silly packumentCache full:https://registry.npmjs.org/nanoid set size:undefined disposed:false
315 silly fetch manifest source-map-js@^1.2.1
316 silly packumentCache full:https://registry.npmjs.org/source-map-js cache-miss
317 http fetch GET 200 https://registry.npmjs.org/postcss-value-parser 259ms (cache miss)
318 silly packumentCache full:https://registry.npmjs.org/postcss-value-parser set size:undefined disposed:false
319 silly fetch manifest rxjs@7.8.2
320 silly packumentCache full:https://registry.npmjs.org/rxjs cache-miss
321 http fetch GET 200 https://registry.npmjs.org/browserslist 285ms (cache miss)
322 silly packumentCache full:https://registry.npmjs.org/browserslist set size:undefined disposed:false
323 silly fetch manifest chalk@4.1.2
324 silly packumentCache full:https://registry.npmjs.org/chalk cache-miss
325 http fetch GET 200 https://registry.npmjs.org/@alloc%2fquick-lru 512ms (cache miss)
326 silly packumentCache full:https://registry.npmjs.org/@alloc%2fquick-lru set size:undefined disposed:false
327 silly fetch manifest yargs@17.7.2
328 silly packumentCache full:https://registry.npmjs.org/yargs cache-miss
329 http fetch GET 200 https://registry.npmjs.org/caniuse-lite 366ms (cache miss)
330 silly packumentCache full:https://registry.npmjs.org/caniuse-lite set size:undefined disposed:false
331 silly fetch manifest tree-kill@1.2.2
332 silly packumentCache full:https://registry.npmjs.org/tree-kill cache-miss
333 http fetch GET 200 https://registry.npmjs.org/yargs 63ms (cache miss)
334 silly packumentCache full:https://registry.npmjs.org/yargs set size:undefined disposed:false
335 silly fetch manifest shell-quote@1.9.0
336 silly packumentCache full:https://registry.npmjs.org/shell-quote cache-miss
337 http fetch GET 200 https://registry.npmjs.org/@tailwindcss%2fnode 588ms (cache miss)
338 silly packumentCache full:https://registry.npmjs.org/@tailwindcss%2fnode set size:undefined disposed:false
339 silly fetch manifest supports-color@8.1.1
340 silly packumentCache full:https://registry.npmjs.org/supports-color cache-miss
341 http fetch GET 200 https://registry.npmjs.org/tree-kill 38ms (cache miss)
342 silly packumentCache full:https://registry.npmjs.org/tree-kill set size:undefined disposed:false
343 silly fetch manifest object-assign@^4
344 silly packumentCache full:https://registry.npmjs.org/object-assign cache-miss
345 http fetch GET 200 https://registry.npmjs.org/@tailwindcss%2foxide 616ms (cache miss)
346 silly packumentCache full:https://registry.npmjs.org/@tailwindcss%2foxide set size:undefined disposed:false
347 silly fetch manifest vary@^1
348 silly packumentCache full:https://registry.npmjs.org/vary cache-miss
349 http fetch GET 200 https://registry.npmjs.org/supports-color 38ms (cache miss)
350 silly packumentCache full:https://registry.npmjs.org/supports-color set size:undefined disposed:false
351 silly fetch manifest qs@^6.14.0
352 silly packumentCache full:https://registry.npmjs.org/qs cache-miss
353 http fetch GET 200 https://registry.npmjs.org/vary 28ms (cache miss)
354 silly packumentCache full:https://registry.npmjs.org/vary set size:undefined disposed:false
355 silly fetch manifest depd@^2.0.0
356 silly packumentCache full:https://registry.npmjs.org/depd cache-miss
357 http fetch GET 200 https://registry.npmjs.org/qs 47ms (cache miss)
358 silly packumentCache full:https://registry.npmjs.org/qs set size:undefined disposed:false
359 silly fetch manifest etag@^1.8.1
360 silly packumentCache full:https://registry.npmjs.org/etag cache-miss
361 http fetch GET 200 https://registry.npmjs.org/source-map-js 283ms (cache miss)
362 silly packumentCache full:https://registry.npmjs.org/source-map-js set size:undefined disposed:false
363 silly fetch manifest once@^1.4.0
364 silly packumentCache full:https://registry.npmjs.org/once cache-miss
365 http fetch GET 200 https://registry.npmjs.org/etag 33ms (cache miss)
366 silly packumentCache full:https://registry.npmjs.org/etag set size:undefined disposed:false
367 silly fetch manifest send@^1.1.0
368 silly packumentCache full:https://registry.npmjs.org/send cache-miss
369 http fetch GET 200 https://registry.npmjs.org/chalk 265ms (cache miss)
370 silly packumentCache full:https://registry.npmjs.org/chalk set size:undefined disposed:false
371 silly fetch manifest vary@^1.1.2
372 silly packumentCache full:https://registry.npmjs.org/vary cache-miss
373 http cache https://registry.npmjs.org/vary 1ms (cache hit)
374 silly packumentCache full:https://registry.npmjs.org/vary set size:15994 disposed:false
375 silly fetch manifest debug@^4.4.0
376 silly packumentCache full:https://registry.npmjs.org/debug cache-miss
377 http fetch GET 200 https://registry.npmjs.org/rxjs 290ms (cache miss)
378 silly packumentCache full:https://registry.npmjs.org/rxjs set size:undefined disposed:false
379 silly fetch manifest fresh@^2.0.0
380 silly packumentCache full:https://registry.npmjs.org/fresh cache-miss
381 http fetch GET 200 https://registry.npmjs.org/once 46ms (cache miss)
382 silly packumentCache full:https://registry.npmjs.org/once set size:undefined disposed:false
383 silly fetch manifest cookie@^0.7.1
384 silly packumentCache full:https://registry.npmjs.org/cookie cache-miss
385 http fetch GET 200 https://registry.npmjs.org/debug 35ms (cache miss)
386 silly packumentCache full:https://registry.npmjs.org/debug set size:undefined disposed:false
387 silly fetch manifest router@^2.2.0
388 silly packumentCache full:https://registry.npmjs.org/router cache-miss
389 http fetch GET 200 https://registry.npmjs.org/fresh 31ms (cache miss)
390 silly packumentCache full:https://registry.npmjs.org/fresh set size:undefined disposed:false
391 silly fetch manifest accepts@^2.0.0
392 silly packumentCache full:https://registry.npmjs.org/accepts cache-miss
393 http fetch GET 200 https://registry.npmjs.org/cookie 35ms (cache miss)
394 silly packumentCache full:https://registry.npmjs.org/cookie set size:undefined disposed:false
395 silly fetch manifest type-is@^2.0.1
396 silly packumentCache full:https://registry.npmjs.org/type-is cache-miss
397 http fetch GET 200 https://registry.npmjs.org/accepts 34ms (cache miss)
398 silly packumentCache full:https://registry.npmjs.org/accepts set size:undefined disposed:false
399 silly fetch manifest parseurl@^1.3.3
400 silly packumentCache full:https://registry.npmjs.org/parseurl cache-miss
401 http fetch GET 200 https://registry.npmjs.org/type-is 37ms (cache miss)
402 silly packumentCache full:https://registry.npmjs.org/type-is set size:undefined disposed:false
403 silly fetch manifest statuses@^2.0.1
404 silly packumentCache full:https://registry.npmjs.org/statuses cache-miss
405 http fetch GET 200 https://registry.npmjs.org/shell-quote 265ms (cache miss)
406 silly packumentCache full:https://registry.npmjs.org/shell-quote set size:undefined disposed:false
407 silly fetch manifest encodeurl@^2.0.0
408 silly packumentCache full:https://registry.npmjs.org/encodeurl cache-miss
409 http fetch GET 200 https://registry.npmjs.org/statuses 41ms (cache miss)
410 silly packumentCache full:https://registry.npmjs.org/statuses set size:undefined disposed:false
411 silly fetch manifest mime-types@^3.0.0
412 silly packumentCache full:https://registry.npmjs.org/mime-types cache-miss
413 http fetch GET 200 https://registry.npmjs.org/object-assign 276ms (cache miss)
414 silly packumentCache full:https://registry.npmjs.org/object-assign set size:undefined disposed:false
415 silly fetch manifest proxy-addr@^2.0.7
416 silly packumentCache full:https://registry.npmjs.org/proxy-addr cache-miss
417 http fetch GET 200 https://registry.npmjs.org/mime-types 49ms (cache miss)
418 silly packumentCache full:https://registry.npmjs.org/mime-types set size:undefined disposed:false
419 silly fetch manifest body-parser@^2.2.1
420 silly packumentCache full:https://registry.npmjs.org/body-parser cache-miss
421 http fetch GET 200 https://registry.npmjs.org/depd 266ms (cache miss)
422 silly packumentCache full:https://registry.npmjs.org/depd set size:undefined disposed:false
423 silly fetch manifest escape-html@^1.0.3
424 silly packumentCache full:https://registry.npmjs.org/escape-html cache-miss
425 http fetch GET 200 https://registry.npmjs.org/escape-html 29ms (cache miss)
426 silly packumentCache full:https://registry.npmjs.org/escape-html set size:undefined disposed:false
427 silly fetch manifest http-errors@^2.0.0
428 silly packumentCache full:https://registry.npmjs.org/http-errors cache-miss
429 http fetch GET 200 https://registry.npmjs.org/body-parser 59ms (cache miss)
430 silly packumentCache full:https://registry.npmjs.org/body-parser set size:undefined disposed:false
431 silly fetch manifest on-finished@^2.4.1
432 silly packumentCache full:https://registry.npmjs.org/on-finished cache-miss
433 http fetch GET 200 https://registry.npmjs.org/http-errors 32ms (cache miss)
434 silly packumentCache full:https://registry.npmjs.org/http-errors set size:undefined disposed:false
435 silly fetch manifest content-type@^1.0.5
436 silly packumentCache full:https://registry.npmjs.org/content-type cache-miss
437 http fetch GET 200 https://registry.npmjs.org/send 282ms (cache miss)
438 silly packumentCache full:https://registry.npmjs.org/send set size:undefined disposed:false
439 silly fetch manifest finalhandler@^2.1.0
440 silly packumentCache full:https://registry.npmjs.org/finalhandler cache-miss
441 http fetch GET 200 https://registry.npmjs.org/router 275ms (cache miss)
442 silly packumentCache full:https://registry.npmjs.org/router set size:undefined disposed:false
443 silly fetch manifest range-parser@^1.2.1
444 silly packumentCache full:https://registry.npmjs.org/range-parser cache-miss
445 http fetch GET 200 https://registry.npmjs.org/range-parser 32ms (cache miss)
446 silly packumentCache full:https://registry.npmjs.org/range-parser set size:undefined disposed:false
447 silly fetch manifest serve-static@^2.2.0
448 silly packumentCache full:https://registry.npmjs.org/serve-static cache-miss
449 http fetch GET 200 https://registry.npmjs.org/parseurl 262ms (cache miss)
450 silly packumentCache full:https://registry.npmjs.org/parseurl set size:undefined disposed:false
451 silly fetch manifest cookie-signature@^1.2.1
452 silly packumentCache full:https://registry.npmjs.org/cookie-signature cache-miss
453 http fetch GET 200 https://registry.npmjs.org/encodeurl 265ms (cache miss)
454 silly packumentCache full:https://registry.npmjs.org/encodeurl set size:undefined disposed:false
455 silly fetch manifest merge-descriptors@^2.0.0
456 silly packumentCache full:https://registry.npmjs.org/merge-descriptors cache-miss
457 http fetch GET 200 https://registry.npmjs.org/cookie-signature 35ms (cache miss)
458 silly packumentCache full:https://registry.npmjs.org/cookie-signature set size:undefined disposed:false
459 silly fetch manifest content-disposition@^1.0.0
460 silly packumentCache full:https://registry.npmjs.org/content-disposition cache-miss
461 http fetch GET 200 https://registry.npmjs.org/content-disposition 37ms (cache miss)
462 silly packumentCache full:https://registry.npmjs.org/content-disposition set size:undefined disposed:false
463 silly fetch manifest ms@^2.1.1
464 silly packumentCache full:https://registry.npmjs.org/ms cache-miss
465 http fetch GET 200 https://registry.npmjs.org/proxy-addr 282ms (cache miss)
466 silly packumentCache full:https://registry.npmjs.org/proxy-addr set size:undefined disposed:false
467 silly fetch manifest jws@^4.0.1
468 silly packumentCache full:https://registry.npmjs.org/jws cache-miss
469 http fetch GET 200 https://registry.npmjs.org/ms 47ms (cache miss)
470 silly packumentCache full:https://registry.npmjs.org/ms set size:undefined disposed:false
471 silly fetch manifest semver@^7.5.4
472 silly packumentCache full:https://registry.npmjs.org/semver cache-miss
473 http fetch GET 200 https://registry.npmjs.org/content-type 258ms (cache miss)
474 silly packumentCache full:https://registry.npmjs.org/content-type set size:undefined disposed:false
475 silly fetch manifest lodash.once@^4.0.0
476 silly packumentCache full:https://registry.npmjs.org/lodash.once cache-miss
477 http fetch GET 200 https://registry.npmjs.org/semver 45ms (cache miss)
478 silly packumentCache full:https://registry.npmjs.org/semver set size:undefined disposed:false
479 silly fetch manifest lodash.includes@^4.3.0
480 silly packumentCache full:https://registry.npmjs.org/lodash.includes cache-miss
481 http fetch GET 200 https://registry.npmjs.org/finalhandler 267ms (cache miss)
482 silly packumentCache full:https://registry.npmjs.org/finalhandler set size:undefined disposed:false
483 silly fetch manifest lodash.isnumber@^3.0.3
484 silly packumentCache full:https://registry.npmjs.org/lodash.isnumber cache-miss
485 http fetch GET 200 https://registry.npmjs.org/on-finished 289ms (cache miss)
486 silly packumentCache full:https://registry.npmjs.org/on-finished set size:undefined disposed:false
487 silly fetch manifest lodash.isstring@^4.0.1
488 silly packumentCache full:https://registry.npmjs.org/lodash.isstring cache-miss
489 http fetch GET 200 https://registry.npmjs.org/lodash.includes 35ms (cache miss)
490 silly packumentCache full:https://registry.npmjs.org/lodash.includes set size:undefined disposed:false
491 silly fetch manifest lodash.isboolean@^3.0.3
492 silly packumentCache full:https://registry.npmjs.org/lodash.isboolean cache-miss
493 http fetch GET 200 https://registry.npmjs.org/lodash.isboolean 33ms (cache miss)
494 silly packumentCache full:https://registry.npmjs.org/lodash.isboolean set size:undefined disposed:false
495 silly fetch manifest lodash.isinteger@^4.0.4
496 silly packumentCache full:https://registry.npmjs.org/lodash.isinteger cache-miss
497 http fetch GET 200 https://registry.npmjs.org/serve-static 274ms (cache miss)
498 silly packumentCache full:https://registry.npmjs.org/serve-static set size:undefined disposed:false
499 silly fetch manifest lodash.isplainobject@^4.0.6
500 silly packumentCache full:https://registry.npmjs.org/lodash.isplainobject cache-miss
501 http fetch GET 200 https://registry.npmjs.org/merge-descriptors 256ms (cache miss)
502 silly packumentCache full:https://registry.npmjs.org/merge-descriptors set size:undefined disposed:false
503 silly fetch manifest append-field@^1.0.0
504 silly packumentCache full:https://registry.npmjs.org/append-field cache-miss
505 http fetch GET 200 https://registry.npmjs.org/jws 269ms (cache miss)
506 silly packumentCache full:https://registry.npmjs.org/jws set size:undefined disposed:false
507 silly fetch manifest busboy@^1.6.0
508 silly packumentCache full:https://registry.npmjs.org/busboy cache-miss
509 http fetch GET 200 https://registry.npmjs.org/lodash.once 271ms (cache miss)
510 silly packumentCache full:https://registry.npmjs.org/lodash.once set size:undefined disposed:false
511 silly fetch manifest concat-stream@^2.0.0
512 silly packumentCache full:https://registry.npmjs.org/concat-stream cache-miss
513 http fetch GET 200 https://registry.npmjs.org/lodash.isstring 276ms (cache miss)
514 silly packumentCache full:https://registry.npmjs.org/lodash.isstring set size:undefined disposed:false
515 silly fetch manifest type-is@^1.6.18
516 silly packumentCache full:https://registry.npmjs.org/type-is cache-miss
517 http fetch GET 200 https://registry.npmjs.org/lodash.isnumber 282ms (cache miss)
518 silly packumentCache full:https://registry.npmjs.org/lodash.isnumber set size:undefined disposed:false
519 silly fetch manifest long@^5.3.2
520 silly packumentCache full:https://registry.npmjs.org/long cache-miss
521 http cache https://registry.npmjs.org/type-is 4ms (cache hit)
522 silly packumentCache full:https://registry.npmjs.org/type-is set size:88614 disposed:false
523 silly fetch manifest denque@^2.1.0
524 silly packumentCache full:https://registry.npmjs.org/denque cache-miss
525 http fetch GET 200 https://registry.npmjs.org/lodash.isinteger 268ms (cache miss)
526 silly packumentCache full:https://registry.npmjs.org/lodash.isinteger set size:undefined disposed:false
527 silly fetch manifest lru.min@^1.1.4
528 silly packumentCache full:https://registry.npmjs.org/lru.min cache-miss
529 http fetch GET 200 https://registry.npmjs.org/lodash.isplainobject 261ms (cache miss)
530 silly packumentCache full:https://registry.npmjs.org/lodash.isplainobject set size:undefined disposed:false
531 silly fetch manifest iconv-lite@^0.7.2
532 silly packumentCache full:https://registry.npmjs.org/iconv-lite cache-miss
533 http fetch GET 200 https://registry.npmjs.org/append-field 269ms (cache miss)
534 silly packumentCache full:https://registry.npmjs.org/append-field set size:undefined disposed:false
535 silly fetch manifest sql-escaper@^1.5.1
536 silly packumentCache full:https://registry.npmjs.org/sql-escaper cache-miss
537 http fetch GET 200 https://registry.npmjs.org/lru.min 47ms (cache miss)
538 silly packumentCache full:https://registry.npmjs.org/lru.min set size:undefined disposed:false
539 silly fetch manifest aws-ssl-profiles@^1.1.2
540 silly packumentCache full:https://registry.npmjs.org/aws-ssl-profiles cache-miss
541 http fetch GET 200 https://registry.npmjs.org/iconv-lite 37ms (cache miss)
542 silly packumentCache full:https://registry.npmjs.org/iconv-lite set size:undefined disposed:false
543 silly fetch manifest generate-function@^2.3.1
544 silly packumentCache full:https://registry.npmjs.org/generate-function cache-miss
545 http fetch GET 200 https://registry.npmjs.org/aws-ssl-profiles 36ms (cache miss)
546 silly packumentCache full:https://registry.npmjs.org/aws-ssl-profiles set size:undefined disposed:false
547 silly fetch manifest named-placeholders@^1.1.6
548 silly packumentCache full:https://registry.npmjs.org/named-placeholders cache-miss
549 http fetch GET 200 https://registry.npmjs.org/busboy 271ms (cache miss)
550 silly packumentCache full:https://registry.npmjs.org/busboy set size:undefined disposed:false
551 silly fetch manifest undici-types@~8.3.0
552 silly packumentCache full:https://registry.npmjs.org/undici-types cache-miss
553 http fetch GET 200 https://registry.npmjs.org/named-placeholders 34ms (cache miss)
554 silly packumentCache full:https://registry.npmjs.org/named-placeholders set size:undefined disposed:false
555 silly fetch manifest debug@^4
556 silly packumentCache full:https://registry.npmjs.org/debug cache-miss
557 http cache https://registry.npmjs.org/debug 2ms (cache hit)
558 silly packumentCache full:https://registry.npmjs.org/debug set size:195840 disposed:false
559 silly fetch manifest touch@^3.1.0
560 silly packumentCache full:https://registry.npmjs.org/touch cache-miss
561 http fetch GET 200 https://registry.npmjs.org/undici-types 43ms (cache miss)
562 silly packumentCache full:https://registry.npmjs.org/undici-types set size:undefined disposed:false
563 silly fetch manifest semver@^7.5.3
564 silly packumentCache full:https://registry.npmjs.org/semver cache-miss
565 http cache https://registry.npmjs.org/semver 3ms (cache hit)
566 silly packumentCache full:https://registry.npmjs.org/semver set size:246069 disposed:false
567 silly fetch manifest chokidar@^3.5.2
568 silly packumentCache full:https://registry.npmjs.org/chokidar cache-miss
569 http fetch GET 200 https://registry.npmjs.org/concat-stream 279ms (cache miss)
570 silly packumentCache full:https://registry.npmjs.org/concat-stream set size:undefined disposed:false
571 silly fetch manifest minimatch@^10.2.1
572 silly packumentCache full:https://registry.npmjs.org/minimatch cache-miss
573 http fetch GET 200 https://registry.npmjs.org/denque 265ms (cache miss)
574 silly packumentCache full:https://registry.npmjs.org/denque set size:undefined disposed:false
575 silly fetch manifest undefsafe@^2.0.5
576 silly packumentCache full:https://registry.npmjs.org/undefsafe cache-miss
577 http fetch GET 200 https://registry.npmjs.org/minimatch 46ms (cache miss)
578 silly packumentCache full:https://registry.npmjs.org/minimatch set size:undefined disposed:false
579 silly fetch manifest pstree.remy@^1.1.8
580 silly packumentCache full:https://registry.npmjs.org/pstree.remy cache-miss
581 http fetch GET 200 https://registry.npmjs.org/long 302ms (cache miss)
582 silly packumentCache full:https://registry.npmjs.org/long set size:undefined disposed:false
583 silly fetch manifest supports-color@^5.5.0
584 silly packumentCache full:https://registry.npmjs.org/supports-color cache-miss
585 http cache https://registry.npmjs.org/supports-color 2ms (cache hit)
586 silly packumentCache full:https://registry.npmjs.org/supports-color set size:124169 disposed:false
587 silly fetch manifest ignore-by-default@^1.0.1
588 silly packumentCache full:https://registry.npmjs.org/ignore-by-default cache-miss
589 http fetch GET 200 https://registry.npmjs.org/sql-escaper 272ms (cache miss)
590 silly packumentCache full:https://registry.npmjs.org/sql-escaper set size:undefined disposed:false
591 silly fetch manifest simple-update-notifier@^2.0.0
592 silly packumentCache full:https://registry.npmjs.org/simple-update-notifier cache-miss
593 http fetch GET 200 https://registry.npmjs.org/generate-function 258ms (cache miss)
594 silly packumentCache full:https://registry.npmjs.org/generate-function set size:undefined disposed:false
595 silly fetch manifest lilconfig@^3.1.3
596 silly packumentCache full:https://registry.npmjs.org/lilconfig cache-miss
597 http fetch GET 200 https://registry.npmjs.org/touch 266ms (cache miss)
598 silly packumentCache full:https://registry.npmjs.org/touch set size:undefined disposed:false
599 silly fetch manifest chromium-bidi@17.0.2
600 silly packumentCache full:https://registry.npmjs.org/chromium-bidi cache-miss
601 http fetch GET 200 https://registry.npmjs.org/chokidar 272ms (cache miss)
602 silly packumentCache full:https://registry.npmjs.org/chokidar set size:undefined disposed:false
603 silly fetch manifest puppeteer-core@25.4.0
604 silly packumentCache full:https://registry.npmjs.org/puppeteer-core cache-miss
605 http cache https://registry.npmjs.org/puppeteer-core 6ms (cache hit)
606 silly packumentCache full:https://registry.npmjs.org/puppeteer-core set size:1554071 disposed:false
607 silly fetch manifest devtools-protocol@0.0.1653615
608 silly packumentCache full:https://registry.npmjs.org/devtools-protocol cache-miss
609 http fetch GET 200 https://registry.npmjs.org/undefsafe 263ms (cache miss)
610 silly packumentCache full:https://registry.npmjs.org/undefsafe set size:undefined disposed:false
611 silly fetch manifest @puppeteer/browsers@3.0.6
612 silly packumentCache full:https://registry.npmjs.org/@puppeteer%2fbrowsers cache-miss
613 http fetch GET 200 https://registry.npmjs.org/pstree.remy 272ms (cache miss)
614 silly packumentCache full:https://registry.npmjs.org/pstree.remy set size:undefined disposed:false
615 silly fetch manifest typed-query-selector@^2.12.2
616 silly packumentCache full:https://registry.npmjs.org/typed-query-selector cache-miss
617 http fetch GET 200 https://registry.npmjs.org/ignore-by-default 279ms (cache miss)
618 silly packumentCache full:https://registry.npmjs.org/ignore-by-default set size:undefined disposed:false
619 silly fetch manifest @types/debug@^4.1.0
620 silly packumentCache full:https://registry.npmjs.org/@types%2fdebug cache-miss
621 http fetch GET 200 https://registry.npmjs.org/simple-update-notifier 270ms (cache miss)
622 silly packumentCache full:https://registry.npmjs.org/simple-update-notifier set size:undefined disposed:false
623 silly fetch manifest debug@^4.1.1
624 silly packumentCache full:https://registry.npmjs.org/debug cache-hit
625 silly fetch manifest deepmerge@^4.2.2
626 silly packumentCache full:https://registry.npmjs.org/deepmerge cache-miss
627 http fetch GET 200 https://registry.npmjs.org/lilconfig 265ms (cache miss)
628 silly packumentCache full:https://registry.npmjs.org/lilconfig set size:undefined disposed:false
629 silly fetch manifest puppeteer-extra-plugin@^3.2.3
630 silly packumentCache full:https://registry.npmjs.org/puppeteer-extra-plugin cache-miss
631 http fetch GET 200 https://registry.npmjs.org/@types%2fdebug 59ms (cache miss)
632 silly packumentCache full:https://registry.npmjs.org/@types%2fdebug set size:undefined disposed:false
633 silly fetch manifest puppeteer-extra-plugin-user-preferences@^2.4.1
634 silly packumentCache full:https://registry.npmjs.org/puppeteer-extra-plugin-user-preferences cache-miss
635 http fetch GET 200 https://registry.npmjs.org/chromium-bidi 288ms (cache miss)
636 silly packumentCache full:https://registry.npmjs.org/chromium-bidi set size:undefined disposed:false
637 silly fetch manifest rolldown@~1.1.5
638 silly packumentCache full:https://registry.npmjs.org/rolldown cache-miss
639 http fetch GET 200 https://registry.npmjs.org/typed-query-selector 276ms (cache miss)
640 silly packumentCache full:https://registry.npmjs.org/typed-query-selector set size:undefined disposed:false
641 silly fetch manifest picomatch@^4.0.5
642 silly packumentCache full:https://registry.npmjs.org/picomatch cache-miss
643 http fetch GET 200 https://registry.npmjs.org/devtools-protocol 374ms (cache miss)
644 silly packumentCache full:https://registry.npmjs.org/devtools-protocol set size:undefined disposed:false
645 silly fetch manifest tinyglobby@^0.2.17
646 silly packumentCache full:https://registry.npmjs.org/tinyglobby cache-miss
647 http fetch GET 200 https://registry.npmjs.org/deepmerge 263ms (cache miss)
648 silly packumentCache full:https://registry.npmjs.org/deepmerge set size:undefined disposed:false
649 silly fetch manifest lightningcss@^1.32.0
650 silly packumentCache full:https://registry.npmjs.org/lightningcss cache-miss
651 http fetch GET 200 https://registry.npmjs.org/puppeteer-extra-plugin 270ms (cache miss)
652 silly packumentCache full:https://registry.npmjs.org/puppeteer-extra-plugin set size:undefined disposed:false
653 silly fetch manifest fsevents@~2.3.3
654 silly packumentCache full:https://registry.npmjs.org/fsevents cache-miss
655 http fetch GET 200 https://registry.npmjs.org/lightningcss 36ms (cache miss)
656 silly packumentCache full:https://registry.npmjs.org/lightningcss set size:undefined disposed:false
657 silly fetch manifest cfb@~1.2.1
658 silly packumentCache full:https://registry.npmjs.org/cfb cache-miss
659 http fetch GET 200 https://registry.npmjs.org/puppeteer-extra-plugin-user-preferences 290ms (cache miss)
660 silly packumentCache full:https://registry.npmjs.org/puppeteer-extra-plugin-user-preferences set size:undefined disposed:false
661 silly fetch manifest ssf@~0.11.2
662 silly packumentCache full:https://registry.npmjs.org/ssf cache-miss
663 http fetch GET 200 https://registry.npmjs.org/fsevents 39ms (cache miss)
664 silly packumentCache full:https://registry.npmjs.org/fsevents set size:undefined disposed:false
665 silly fetch manifest wmf@~1.0.1
666 silly packumentCache full:https://registry.npmjs.org/wmf cache-miss
667 http fetch GET 200 https://registry.npmjs.org/@puppeteer%2fbrowsers 529ms (cache miss)
668 silly packumentCache full:https://registry.npmjs.org/@puppeteer%2fbrowsers set size:undefined disposed:false
669 silly fetch manifest word@~0.3.0
670 silly packumentCache full:https://registry.npmjs.org/word cache-miss
671 http fetch GET 200 https://registry.npmjs.org/rolldown 345ms (cache miss)
672 silly packumentCache full:https://registry.npmjs.org/rolldown set size:undefined disposed:false
673 silly fetch manifest crc-32@~1.2.1
674 silly packumentCache full:https://registry.npmjs.org/crc-32 cache-miss
675 http fetch GET 200 https://registry.npmjs.org/picomatch 281ms (cache miss)
676 silly packumentCache full:https://registry.npmjs.org/picomatch set size:undefined disposed:false
677 silly fetch manifest adler-32@~1.3.0
678 silly packumentCache full:https://registry.npmjs.org/adler-32 cache-miss
679 http fetch GET 200 https://registry.npmjs.org/tinyglobby 274ms (cache miss)
680 silly packumentCache full:https://registry.npmjs.org/tinyglobby set size:undefined disposed:false
681 silly fetch manifest codepage@~1.15.0
682 silly packumentCache full:https://registry.npmjs.org/codepage cache-miss
683 http fetch GET 200 https://registry.npmjs.org/cfb 267ms (cache miss)
684 silly packumentCache full:https://registry.npmjs.org/cfb set size:undefined disposed:false
685 http fetch GET 200 https://registry.npmjs.org/wmf 265ms (cache miss)
686 silly packumentCache full:https://registry.npmjs.org/wmf set size:undefined disposed:false
687 http fetch GET 200 https://registry.npmjs.org/ssf 283ms (cache miss)
688 silly packumentCache full:https://registry.npmjs.org/ssf set size:undefined disposed:false
689 http fetch GET 200 https://registry.npmjs.org/word 278ms (cache miss)
690 silly packumentCache full:https://registry.npmjs.org/word set size:undefined disposed:false
691 http fetch GET 200 https://registry.npmjs.org/crc-32 267ms (cache miss)
692 silly packumentCache full:https://registry.npmjs.org/crc-32 set size:undefined disposed:false
693 http fetch GET 200 https://registry.npmjs.org/adler-32 263ms (cache miss)
694 silly packumentCache full:https://registry.npmjs.org/adler-32 set size:undefined disposed:false
695 http fetch GET 200 https://registry.npmjs.org/codepage 279ms (cache miss)
696 silly packumentCache full:https://registry.npmjs.org/codepage set size:undefined disposed:false
697 silly placeDep ROOT @types/d3@7.4.3 OK for: @amcharts/amcharts5@5.20.0 want: ^7.0.0
698 silly placeDep ROOT @types/d3-chord@3.0.6 OK for: @amcharts/amcharts5@5.20.0 want: ^3.0.0
699 silly placeDep ROOT @types/d3-hierarchy@3.1.1 OK for: @amcharts/amcharts5@5.20.0 want: 3.1.1
700 silly placeDep ROOT @types/d3-sankey@0.11.2 OK for: @amcharts/amcharts5@5.20.0 want: ^0.11.1
701 silly placeDep ROOT @types/d3-shape@3.1.8 OK for: @amcharts/amcharts5@5.20.0 want: ^3.0.0
702 silly placeDep ROOT @types/geojson@7946.0.16 OK for: @amcharts/amcharts5@5.20.0 want: ^7946.0.8
703 silly placeDep ROOT @types/polylabel@1.1.3 OK for: @amcharts/amcharts5@5.20.0 want: ^1.0.5
704 silly placeDep ROOT @types/svg-arc-to-cubic-bezier@3.2.3 OK for: @amcharts/amcharts5@5.20.0 want: ^3.2.0
705 silly placeDep ROOT d3@7.9.0 OK for: @amcharts/amcharts5@5.20.0 want: ^7.0.0
706 silly placeDep ROOT d3-chord@3.0.1 OK for: @amcharts/amcharts5@5.20.0 want: ^3.0.0
707 silly placeDep ROOT d3-force@3.0.0 OK for: @amcharts/amcharts5@5.20.0 want: ^3.0.0
708 silly placeDep ROOT d3-geo@3.1.1 OK for: @amcharts/amcharts5@5.20.0 want: ^3.0.0
709 silly placeDep ROOT d3-hierarchy@3.1.2 OK for: @amcharts/amcharts5@5.20.0 want: ^3.0.0
710 silly placeDep ROOT d3-sankey@0.12.3 OK for: @amcharts/amcharts5@5.20.0 want: ^0.12.3
711 silly placeDep ROOT d3-selection@3.0.0 OK for: @amcharts/amcharts5@5.20.0 want: ^3.0.0
712 silly placeDep ROOT d3-shape@3.2.0 OK for: @amcharts/amcharts5@5.20.0 want: ^3.0.0
713 silly placeDep ROOT d3-transition@3.0.1 OK for: @amcharts/amcharts5@5.20.0 want: ^3.0.0
714 silly placeDep ROOT d3-voronoi-treemap@1.1.2 OK for: @amcharts/amcharts5@5.20.0 want: ^1.1.2
715 silly placeDep ROOT flatpickr@4.6.13 OK for: @amcharts/amcharts5@5.20.0 want: ^4.6.13
716 silly placeDep ROOT markerjs2@2.32.7 OK for: @amcharts/amcharts5@5.20.0 want: ^2.29.4
717 silly placeDep ROOT pdfmake@0.3.11 OK for: @amcharts/amcharts5@5.20.0 want: ~0.3.9
718 silly placeDep ROOT polylabel@1.1.0 OK for: @amcharts/amcharts5@5.20.0 want: ^1.1.0
719 silly placeDep ROOT seedrandom@3.0.5 OK for: @amcharts/amcharts5@5.20.0 want: ^3.0.5
720 silly placeDep ROOT svg-arc-to-cubic-bezier@3.2.0 OK for: @amcharts/amcharts5@5.20.0 want: ^3.2.0
721 silly placeDep ROOT tslib@2.8.1 OK for: @amcharts/amcharts5@5.20.0 want: ^2.2.0
722 silly fetch manifest @types/d3-dsv@*
723 silly packumentCache full:https://registry.npmjs.org/@types%2fd3-dsv cache-miss
724 silly fetch manifest @types/d3-geo@*
725 silly packumentCache full:https://registry.npmjs.org/@types%2fd3-geo cache-miss
726 silly fetch manifest @types/d3-axis@*
727 silly packumentCache full:https://registry.npmjs.org/@types%2fd3-axis cache-miss
728 silly fetch manifest @types/d3-drag@*
729 silly packumentCache full:https://registry.npmjs.org/@types%2fd3-drag cache-miss
730 silly fetch manifest @types/d3-ease@*
731 silly packumentCache full:https://registry.npmjs.org/@types%2fd3-ease cache-miss
732 silly fetch manifest @types/d3-path@*
733 silly packumentCache full:https://registry.npmjs.org/@types%2fd3-path cache-miss
734 silly fetch manifest @types/d3-time@*
735 silly packumentCache full:https://registry.npmjs.org/@types%2fd3-time cache-miss
736 http fetch GET 200 https://registry.npmjs.org/@types%2fd3-path 288ms (cache miss)
737 silly packumentCache full:https://registry.npmjs.org/@types%2fd3-path set size:undefined disposed:false
738 silly fetch manifest @types/d3-zoom@*
739 silly packumentCache full:https://registry.npmjs.org/@types%2fd3-zoom cache-miss
740 http fetch GET 200 https://registry.npmjs.org/@types%2fd3-dsv 512ms (cache miss)
741 silly packumentCache full:https://registry.npmjs.org/@types%2fd3-dsv set size:undefined disposed:false
742 silly fetch manifest @types/d3-array@*
743 silly packumentCache full:https://registry.npmjs.org/@types%2fd3-array cache-miss
744 http fetch GET 200 https://registry.npmjs.org/@types%2fd3-time 516ms (cache miss)
745 silly packumentCache full:https://registry.npmjs.org/@types%2fd3-time set size:undefined disposed:false
746 silly fetch manifest @types/d3-brush@*
747 silly packumentCache full:https://registry.npmjs.org/@types%2fd3-brush cache-miss
748 http fetch GET 200 https://registry.npmjs.org/@types%2fd3-geo 519ms (cache miss)
749 silly packumentCache full:https://registry.npmjs.org/@types%2fd3-geo set size:undefined disposed:false
750 silly fetch manifest @types/d3-chord@*
751 silly packumentCache full:https://registry.npmjs.org/@types%2fd3-chord cache-miss
752 http fetch GET 200 https://registry.npmjs.org/@types%2fd3-drag 523ms (cache miss)
753 silly packumentCache full:https://registry.npmjs.org/@types%2fd3-drag set size:undefined disposed:false
754 silly fetch manifest @types/d3-color@*
755 silly packumentCache full:https://registry.npmjs.org/@types%2fd3-color cache-miss
756 http cache https://registry.npmjs.org/@types%2fd3-chord 5ms (cache hit)
757 silly packumentCache full:https://registry.npmjs.org/@types%2fd3-chord set size:57950 disposed:false
758 silly fetch manifest @types/d3-fetch@*
759 silly packumentCache full:https://registry.npmjs.org/@types%2fd3-fetch cache-miss
760 http fetch GET 200 https://registry.npmjs.org/@types%2fd3-ease 530ms (cache miss)
761 silly packumentCache full:https://registry.npmjs.org/@types%2fd3-ease set size:undefined disposed:false
762 silly fetch manifest @types/d3-force@*
763 silly packumentCache full:https://registry.npmjs.org/@types%2fd3-force cache-miss
764 http fetch GET 200 https://registry.npmjs.org/@types%2fd3-axis 532ms (cache miss)
765 silly packumentCache full:https://registry.npmjs.org/@types%2fd3-axis set size:undefined disposed:false
766 silly fetch manifest @types/d3-scale@*
767 silly packumentCache full:https://registry.npmjs.org/@types%2fd3-scale cache-miss
768 http fetch GET 200 https://registry.npmjs.org/@types%2fd3-zoom 509ms (cache miss)
769 silly packumentCache full:https://registry.npmjs.org/@types%2fd3-zoom set size:undefined disposed:false
770 silly fetch manifest @types/d3-shape@*
771 silly packumentCache full:https://registry.npmjs.org/@types%2fd3-shape cache-miss
772 http cache https://registry.npmjs.org/@types%2fd3-shape 3ms (cache hit)
773 silly packumentCache full:https://registry.npmjs.org/@types%2fd3-shape set size:115816 disposed:false
774 silly fetch manifest @types/d3-timer@*
775 silly packumentCache full:https://registry.npmjs.org/@types%2fd3-timer cache-miss
776 http fetch GET 200 https://registry.npmjs.org/@types%2fd3-scale 290ms (cache miss)
777 silly packumentCache full:https://registry.npmjs.org/@types%2fd3-scale set size:undefined disposed:false
778 silly fetch manifest @types/d3-format@*
779 silly packumentCache full:https://registry.npmjs.org/@types%2fd3-format cache-miss
780 http fetch GET 200 https://registry.npmjs.org/@types%2fd3-color 503ms (cache miss)
781 silly packumentCache full:https://registry.npmjs.org/@types%2fd3-color set size:undefined disposed:false
782 silly fetch manifest @types/d3-random@*
783 silly packumentCache full:https://registry.npmjs.org/@types%2fd3-random cache-miss
784 http fetch GET 200 https://registry.npmjs.org/@types%2fd3-array 518ms (cache miss)
785 silly packumentCache full:https://registry.npmjs.org/@types%2fd3-array set size:undefined disposed:false
786 silly fetch manifest @types/d3-contour@*
787 silly packumentCache full:https://registry.npmjs.org/@types%2fd3-contour cache-miss
788 http fetch GET 200 https://registry.npmjs.org/@types%2fd3-brush 518ms (cache miss)
789 silly packumentCache full:https://registry.npmjs.org/@types%2fd3-brush set size:undefined disposed:false
790 silly fetch manifest @types/d3-polygon@*
791 silly packumentCache full:https://registry.npmjs.org/@types%2fd3-polygon cache-miss
792 http fetch GET 200 https://registry.npmjs.org/@types%2fd3-force 516ms (cache miss)
793 silly packumentCache full:https://registry.npmjs.org/@types%2fd3-force set size:undefined disposed:false
794 silly fetch manifest @types/d3-delaunay@*
795 silly packumentCache full:https://registry.npmjs.org/@types%2fd3-delaunay cache-miss
796 http fetch GET 200 https://registry.npmjs.org/@types%2fd3-fetch 531ms (cache miss)
797 silly packumentCache full:https://registry.npmjs.org/@types%2fd3-fetch set size:undefined disposed:false
798 silly fetch manifest @types/d3-dispatch@*
799 silly packumentCache full:https://registry.npmjs.org/@types%2fd3-dispatch cache-miss
800 http fetch GET 200 https://registry.npmjs.org/@types%2fd3-delaunay 41ms (cache miss)
801 silly packumentCache full:https://registry.npmjs.org/@types%2fd3-delaunay set size:undefined disposed:false
802 silly fetch manifest @types/d3-quadtree@*
803 silly packumentCache full:https://registry.npmjs.org/@types%2fd3-quadtree cache-miss
804 http fetch GET 200 https://registry.npmjs.org/@types%2fd3-timer 509ms (cache miss)
805 silly packumentCache full:https://registry.npmjs.org/@types%2fd3-timer set size:undefined disposed:false
806 silly fetch manifest @types/d3-hierarchy@*
807 silly packumentCache full:https://registry.npmjs.org/@types%2fd3-hierarchy cache-miss
808 http cache https://registry.npmjs.org/@types%2fd3-hierarchy 4ms (cache hit)
809 silly packumentCache full:https://registry.npmjs.org/@types%2fd3-hierarchy set size:75085 disposed:false
810 silly fetch manifest @types/d3-selection@*
811 silly packumentCache full:https://registry.npmjs.org/@types%2fd3-selection cache-miss
812 http fetch GET 200 https://registry.npmjs.org/@types%2fd3-format 511ms (cache miss)
813 silly packumentCache full:https://registry.npmjs.org/@types%2fd3-format set size:undefined disposed:false
814 silly fetch manifest @types/d3-transition@*
815 silly packumentCache full:https://registry.npmjs.org/@types%2fd3-transition cache-miss
816 http fetch GET 200 https://registry.npmjs.org/@types%2fd3-random 516ms (cache miss)
817 silly packumentCache full:https://registry.npmjs.org/@types%2fd3-random set size:undefined disposed:false
818 silly fetch manifest @types/d3-interpolate@*
819 silly packumentCache full:https://registry.npmjs.org/@types%2fd3-interpolate cache-miss
820 http fetch GET 200 https://registry.npmjs.org/@types%2fd3-contour 515ms (cache miss)
821 silly packumentCache full:https://registry.npmjs.org/@types%2fd3-contour set size:undefined disposed:false
822 silly fetch manifest @types/d3-time-format@*
823 silly packumentCache full:https://registry.npmjs.org/@types%2fd3-time-format cache-miss
824 http fetch GET 200 https://registry.npmjs.org/@types%2fd3-polygon 513ms (cache miss)
825 silly packumentCache full:https://registry.npmjs.org/@types%2fd3-polygon set size:undefined disposed:false
826 silly fetch manifest @types/d3-scale-chromatic@*
827 silly packumentCache full:https://registry.npmjs.org/@types%2fd3-scale-chromatic cache-miss
828 http fetch GET 200 https://registry.npmjs.org/@types%2fd3-dispatch 516ms (cache miss)
829 silly packumentCache full:https://registry.npmjs.org/@types%2fd3-dispatch set size:undefined disposed:false
830 silly fetch manifest @types/d3-shape@^1
831 silly packumentCache full:https://registry.npmjs.org/@types%2fd3-shape cache-hit
832 silly fetch manifest d3-dsv@3
833 silly packumentCache full:https://registry.npmjs.org/d3-dsv cache-miss
834 http fetch GET 200 https://registry.npmjs.org/@types%2fd3-quadtree 511ms (cache miss)
835 silly packumentCache full:https://registry.npmjs.org/@types%2fd3-quadtree set size:undefined disposed:false
836 silly fetch manifest d3-geo@3
837 silly packumentCache full:https://registry.npmjs.org/d3-geo cache-miss
838 http cache https://registry.npmjs.org/d3-geo 2ms (cache hit)
839 silly packumentCache full:https://registry.npmjs.org/d3-geo set size:350591 disposed:false
840 silly fetch manifest d3-axis@3
841 silly packumentCache full:https://registry.npmjs.org/d3-axis cache-miss
842 http fetch GET 200 https://registry.npmjs.org/@types%2fd3-selection 515ms (cache miss)
843 silly packumentCache full:https://registry.npmjs.org/@types%2fd3-selection set size:undefined disposed:false
844 silly fetch manifest d3-drag@3
845 silly packumentCache full:https://registry.npmjs.org/d3-drag cache-miss
846 http fetch GET 200 https://registry.npmjs.org/d3-dsv 278ms (cache miss)
847 silly packumentCache full:https://registry.npmjs.org/d3-dsv set size:undefined disposed:false
848 silly fetch manifest d3-ease@3
849 silly packumentCache full:https://registry.npmjs.org/d3-ease cache-miss
850 http fetch GET 200 https://registry.npmjs.org/@types%2fd3-transition 529ms (cache miss)
851 silly packumentCache full:https://registry.npmjs.org/@types%2fd3-transition set size:undefined disposed:false
852 silly fetch manifest d3-path@3
853 silly packumentCache full:https://registry.npmjs.org/d3-path cache-miss
854 http fetch GET 200 https://registry.npmjs.org/d3-axis 277ms (cache miss)
855 silly packumentCache full:https://registry.npmjs.org/d3-axis set size:undefined disposed:false
856 silly fetch manifest d3-time@3
857 silly packumentCache full:https://registry.npmjs.org/d3-time cache-miss
858 http fetch GET 200 https://registry.npmjs.org/@types%2fd3-interpolate 510ms (cache miss)
859 silly packumentCache full:https://registry.npmjs.org/@types%2fd3-interpolate set size:undefined disposed:false
860 silly fetch manifest d3-zoom@3
861 silly packumentCache full:https://registry.npmjs.org/d3-zoom cache-miss
862 http fetch GET 200 https://registry.npmjs.org/@types%2fd3-time-format 515ms (cache miss)
863 silly packumentCache full:https://registry.npmjs.org/@types%2fd3-time-format set size:undefined disposed:false
864 silly fetch manifest d3-array@3
865 silly packumentCache full:https://registry.npmjs.org/d3-array cache-miss
866 http fetch GET 200 https://registry.npmjs.org/@types%2fd3-scale-chromatic 519ms (cache miss)
867 silly packumentCache full:https://registry.npmjs.org/@types%2fd3-scale-chromatic set size:undefined disposed:false
868 silly fetch manifest d3-brush@3
869 silly packumentCache full:https://registry.npmjs.org/d3-brush cache-miss
870 http fetch GET 200 https://registry.npmjs.org/d3-drag 273ms (cache miss)
871 silly packumentCache full:https://registry.npmjs.org/d3-drag set size:undefined disposed:false
872 silly fetch manifest d3-chord@3
873 silly packumentCache full:https://registry.npmjs.org/d3-chord cache-miss
874 http cache https://registry.npmjs.org/d3-chord 3ms (cache hit)
875 silly packumentCache full:https://registry.npmjs.org/d3-chord set size:214811 disposed:false
876 silly fetch manifest d3-color@3
877 silly packumentCache full:https://registry.npmjs.org/d3-color cache-miss
878 http fetch GET 200 https://registry.npmjs.org/d3-ease 280ms (cache miss)
879 silly packumentCache full:https://registry.npmjs.org/d3-ease set size:undefined disposed:false
880 silly fetch manifest d3-fetch@3
881 silly packumentCache full:https://registry.npmjs.org/d3-fetch cache-miss
882 http fetch GET 200 https://registry.npmjs.org/d3-path 276ms (cache miss)
883 silly packumentCache full:https://registry.npmjs.org/d3-path set size:undefined disposed:false
884 silly fetch manifest d3-force@3
885 silly packumentCache full:https://registry.npmjs.org/d3-force cache-miss
886 http cache https://registry.npmjs.org/d3-force 2ms (cache hit)
887 silly packumentCache full:https://registry.npmjs.org/d3-force set size:277462 disposed:false
888 silly fetch manifest d3-scale@4
889 silly packumentCache full:https://registry.npmjs.org/d3-scale cache-miss
890 http fetch GET 200 https://registry.npmjs.org/d3-time 278ms (cache miss)
891 silly packumentCache full:https://registry.npmjs.org/d3-time set size:undefined disposed:false
892 silly fetch manifest d3-shape@3
893 silly packumentCache full:https://registry.npmjs.org/d3-shape cache-miss
894 http cache https://registry.npmjs.org/d3-shape 3ms (cache hit)
895 silly packumentCache full:https://registry.npmjs.org/d3-shape set size:275657 disposed:false
896 silly fetch manifest d3-timer@3
897 silly packumentCache full:https://registry.npmjs.org/d3-timer cache-miss
898 http fetch GET 200 https://registry.npmjs.org/d3-zoom 280ms (cache miss)
899 silly packumentCache full:https://registry.npmjs.org/d3-zoom set size:undefined disposed:false
900 silly fetch manifest d3-format@3
901 silly packumentCache full:https://registry.npmjs.org/d3-format cache-miss
902 http fetch GET 200 https://registry.npmjs.org/d3-brush 275ms (cache miss)
903 silly packumentCache full:https://registry.npmjs.org/d3-brush set size:undefined disposed:false
904 silly fetch manifest d3-random@3
905 silly packumentCache full:https://registry.npmjs.org/d3-random cache-miss
906 http fetch GET 200 https://registry.npmjs.org/d3-array 284ms (cache miss)
907 silly packumentCache full:https://registry.npmjs.org/d3-array set size:undefined disposed:false
908 silly fetch manifest d3-contour@4
909 silly packumentCache full:https://registry.npmjs.org/d3-contour cache-miss
910 http fetch GET 200 https://registry.npmjs.org/d3-format 34ms (cache miss)
911 silly packumentCache full:https://registry.npmjs.org/d3-format set size:undefined disposed:false
912 silly fetch manifest d3-polygon@3
913 silly packumentCache full:https://registry.npmjs.org/d3-polygon cache-miss
914 http fetch GET 200 https://registry.npmjs.org/d3-color 267ms (cache miss)
915 silly packumentCache full:https://registry.npmjs.org/d3-color set size:undefined disposed:false
916 silly fetch manifest d3-delaunay@6
917 silly packumentCache full:https://registry.npmjs.org/d3-delaunay cache-miss
918 http fetch GET 200 https://registry.npmjs.org/d3-fetch 266ms (cache miss)
919 silly packumentCache full:https://registry.npmjs.org/d3-fetch set size:undefined disposed:false
920 silly fetch manifest d3-dispatch@3
921 silly packumentCache full:https://registry.npmjs.org/d3-dispatch cache-miss
922 http fetch GET 200 https://registry.npmjs.org/d3-timer 267ms (cache miss)
923 silly packumentCache full:https://registry.npmjs.org/d3-timer set size:undefined disposed:false
924 silly fetch manifest d3-quadtree@3
925 silly packumentCache full:https://registry.npmjs.org/d3-quadtree cache-miss
926 http fetch GET 200 https://registry.npmjs.org/d3-scale 325ms (cache miss)
927 silly packumentCache full:https://registry.npmjs.org/d3-scale set size:undefined disposed:false
928 silly fetch manifest d3-hierarchy@3
929 silly packumentCache full:https://registry.npmjs.org/d3-hierarchy cache-miss
930 http cache https://registry.npmjs.org/d3-hierarchy 2ms (cache hit)
931 silly packumentCache full:https://registry.npmjs.org/d3-hierarchy set size:312426 disposed:false
932 silly fetch manifest d3-selection@3
933 silly packumentCache full:https://registry.npmjs.org/d3-selection cache-miss
934 http cache https://registry.npmjs.org/d3-selection 3ms (cache hit)
935 silly packumentCache full:https://registry.npmjs.org/d3-selection set size:436645 disposed:false
936 silly fetch manifest d3-transition@3
937 silly packumentCache full:https://registry.npmjs.org/d3-transition cache-miss
938 http cache https://registry.npmjs.org/d3-transition 3ms (cache hit)
939 silly packumentCache full:https://registry.npmjs.org/d3-transition set size:440595 disposed:false
940 silly fetch manifest d3-interpolate@3
941 silly packumentCache full:https://registry.npmjs.org/d3-interpolate cache-miss
942 http fetch GET 200 https://registry.npmjs.org/d3-contour 265ms (cache miss)
943 silly packumentCache full:https://registry.npmjs.org/d3-contour set size:undefined disposed:false
944 silly fetch manifest d3-time-format@4
945 silly packumentCache full:https://registry.npmjs.org/d3-time-format cache-miss
946 http fetch GET 200 https://registry.npmjs.org/d3-random 289ms (cache miss)
947 silly packumentCache full:https://registry.npmjs.org/d3-random set size:undefined disposed:false
948 silly fetch manifest d3-scale-chromatic@3
949 silly packumentCache full:https://registry.npmjs.org/d3-scale-chromatic cache-miss
950 http fetch GET 200 https://registry.npmjs.org/d3-polygon 269ms (cache miss)
951 silly packumentCache full:https://registry.npmjs.org/d3-polygon set size:undefined disposed:false
952 silly fetch manifest d3-path@1 - 3
953 silly packumentCache full:https://registry.npmjs.org/d3-path cache-miss
954 http cache https://registry.npmjs.org/d3-path 2ms (cache hit)
955 silly packumentCache full:https://registry.npmjs.org/d3-path set size:77883 disposed:false
956 silly fetch manifest d3-dispatch@1 - 3
957 silly packumentCache full:https://registry.npmjs.org/d3-dispatch cache-miss
958 http fetch GET 200 https://registry.npmjs.org/d3-delaunay 268ms (cache miss)
959 silly packumentCache full:https://registry.npmjs.org/d3-delaunay set size:undefined disposed:false
960 silly fetch manifest d3-quadtree@1 - 3
961 silly packumentCache full:https://registry.npmjs.org/d3-quadtree cache-miss
962 http fetch GET 200 https://registry.npmjs.org/d3-dispatch 274ms (cache miss)
963 silly packumentCache full:https://registry.npmjs.org/d3-dispatch set size:undefined disposed:false
964 silly fetch manifest d3-timer@1 - 3
965 silly packumentCache full:https://registry.npmjs.org/d3-timer cache-miss
966 http cache https://registry.npmjs.org/d3-timer 1ms (cache hit)
967 silly packumentCache full:https://registry.npmjs.org/d3-timer set size:101516 disposed:false
968 silly fetch manifest d3-array@2.5.0 - 3
969 silly packumentCache full:https://registry.npmjs.org/d3-array cache-miss
970 http cache https://registry.npmjs.org/d3-array 1ms (cache hit)
971 silly packumentCache full:https://registry.npmjs.org/d3-array set size:246308 disposed:false
972 silly fetch manifest d3-array@1 - 2
973 silly packumentCache full:https://registry.npmjs.org/d3-array cache-hit
974 silly fetch manifest d3-shape@^1.2.0
975 silly packumentCache full:https://registry.npmjs.org/d3-shape cache-hit
976 silly fetch manifest d3-path@^3.1.0
977 silly packumentCache full:https://registry.npmjs.org/d3-path cache-hit
978 silly fetch manifest d3-color@1 - 3
979 silly packumentCache full:https://registry.npmjs.org/d3-color cache-miss
980 http cache https://registry.npmjs.org/d3-color 2ms (cache hit)
981 silly packumentCache full:https://registry.npmjs.org/d3-color set size:142335 disposed:false
982 silly fetch manifest d3-dispatch@1 - 3
983 silly packumentCache full:https://registry.npmjs.org/d3-dispatch cache-miss
984 http fetch GET 200 https://registry.npmjs.org/d3-dispatch 39ms (cache miss)
985 silly packumentCache full:https://registry.npmjs.org/d3-dispatch set size:undefined disposed:false
986 silly fetch manifest d3-ease@1 - 3
987 silly packumentCache full:https://registry.npmjs.org/d3-ease cache-miss
988 http cache https://registry.npmjs.org/d3-dispatch 2ms (cache hit)
989 silly packumentCache full:https://registry.npmjs.org/d3-dispatch set size:82955 disposed:false
990 silly fetch manifest d3-interpolate@1 - 3
991 silly packumentCache full:https://registry.npmjs.org/d3-interpolate cache-miss
992 http cache https://registry.npmjs.org/d3-ease 2ms (cache hit)
993 silly packumentCache full:https://registry.npmjs.org/d3-ease set size:109490 disposed:false
994 silly fetch manifest d3-voronoi-map@2.*
995 silly packumentCache full:https://registry.npmjs.org/d3-voronoi-map cache-miss
996 http fetch GET 200 https://registry.npmjs.org/d3-quadtree 263ms (cache miss)
997 silly packumentCache full:https://registry.npmjs.org/d3-quadtree set size:undefined disposed:false
998 silly fetch manifest linebreak@^1.1.0
999 silly packumentCache full:https://registry.npmjs.org/linebreak cache-miss
1000 http fetch GET 200 https://registry.npmjs.org/d3-interpolate 298ms (cache miss)
1001 silly packumentCache full:https://registry.npmjs.org/d3-interpolate set size:undefined disposed:false
1002 silly fetch manifest pdfkit@^0.19.1
1003 silly packumentCache full:https://registry.npmjs.org/pdfkit cache-miss
1004 http fetch GET 200 https://registry.npmjs.org/d3-time-format 276ms (cache miss)
1005 silly packumentCache full:https://registry.npmjs.org/d3-time-format set size:undefined disposed:false
1006 silly fetch manifest xmldoc@^2.0.3
1007 silly packumentCache full:https://registry.npmjs.org/xmldoc cache-miss
1008 http fetch GET 200 https://registry.npmjs.org/d3-scale-chromatic 276ms (cache miss)
1009 silly packumentCache full:https://registry.npmjs.org/d3-scale-chromatic set size:undefined disposed:false
1010 silly fetch manifest tinyqueue@^2.0.3
1011 silly packumentCache full:https://registry.npmjs.org/tinyqueue cache-miss
1012 http fetch GET 200 https://registry.npmjs.org/d3-quadtree 269ms (cache miss)
1013 silly packumentCache full:https://registry.npmjs.org/d3-quadtree set size:undefined disposed:false
1014 http fetch GET 200 https://registry.npmjs.org/d3-interpolate 271ms (cache miss)
1015 silly packumentCache full:https://registry.npmjs.org/d3-interpolate set size:undefined disposed:false
1016 http fetch GET 200 https://registry.npmjs.org/d3-voronoi-map 275ms (cache miss)
1017 silly packumentCache full:https://registry.npmjs.org/d3-voronoi-map set size:undefined disposed:false
1018 http fetch GET 200 https://registry.npmjs.org/linebreak 264ms (cache miss)
1019 silly packumentCache full:https://registry.npmjs.org/linebreak set size:undefined disposed:false
1020 http fetch GET 200 https://registry.npmjs.org/pdfkit 313ms (cache miss)
1021 silly packumentCache full:https://registry.npmjs.org/pdfkit set size:undefined disposed:false
1022 http fetch GET 200 https://registry.npmjs.org/xmldoc 277ms (cache miss)
1023 silly packumentCache full:https://registry.npmjs.org/xmldoc set size:undefined disposed:false
1024 http fetch GET 200 https://registry.npmjs.org/tinyqueue 270ms (cache miss)
1025 silly packumentCache full:https://registry.npmjs.org/tinyqueue set size:undefined disposed:false
1026 silly placeDep ROOT @alloc/quick-lru@5.2.0 OK for: @tailwindcss/postcss@4.3.3 want: ^5.2.0
1027 silly placeDep ROOT @tailwindcss/node@4.3.3 OK for: @tailwindcss/postcss@4.3.3 want: 4.3.3
1028 silly placeDep ROOT @tailwindcss/oxide@4.3.3 OK for: @tailwindcss/postcss@4.3.3 want: 4.3.3
1029 silly fetch manifest jiti@^2.7.0
1030 silly packumentCache full:https://registry.npmjs.org/jiti cache-miss
1031 silly fetch manifest lightningcss@1.32.0
1032 silly packumentCache full:https://registry.npmjs.org/lightningcss cache-miss
1033 silly fetch manifest magic-string@^0.30.21
1034 silly packumentCache full:https://registry.npmjs.org/magic-string cache-miss
1035 silly fetch manifest enhanced-resolve@^5.24.1
1036 silly packumentCache full:https://registry.npmjs.org/enhanced-resolve cache-miss
1037 silly fetch manifest @jridgewell/remapping@^2.3.5
1038 silly packumentCache full:https://registry.npmjs.org/@jridgewell%2fremapping cache-miss
1039 silly fetch manifest @tailwindcss/oxide-darwin-x64@4.3.3
1040 silly packumentCache full:https://registry.npmjs.org/@tailwindcss%2foxide-darwin-x64 cache-miss
1041 silly fetch manifest @tailwindcss/oxide-freebsd-x64@4.3.3
1042 silly packumentCache full:https://registry.npmjs.org/@tailwindcss%2foxide-freebsd-x64 cache-miss
1043 http cache https://registry.npmjs.org/lightningcss 8ms (cache hit)
1044 silly packumentCache full:https://registry.npmjs.org/lightningcss set size:191065 disposed:false
1045 silly fetch manifest @tailwindcss/oxide-wasm32-wasi@4.3.3
1046 silly packumentCache full:https://registry.npmjs.org/@tailwindcss%2foxide-wasm32-wasi cache-miss
1047 http cache https://registry.npmjs.org/jiti 12ms (cache hit)
1048 silly packumentCache full:https://registry.npmjs.org/jiti set size:387989 disposed:false
1049 silly fetch manifest @tailwindcss/oxide-darwin-arm64@4.3.3
1050 silly packumentCache full:https://registry.npmjs.org/@tailwindcss%2foxide-darwin-arm64 cache-miss
1051 http fetch GET 200 https://registry.npmjs.org/enhanced-resolve 54ms (cache miss)
1052 silly packumentCache full:https://registry.npmjs.org/enhanced-resolve set size:undefined disposed:false
1053 silly fetch manifest @tailwindcss/oxide-android-arm64@4.3.3
1054 silly packumentCache full:https://registry.npmjs.org/@tailwindcss%2foxide-android-arm64 cache-miss
1055 http fetch GET 200 https://registry.npmjs.org/magic-string 277ms (cache miss)
1056 silly packumentCache full:https://registry.npmjs.org/magic-string set size:undefined disposed:false
1057 silly fetch manifest @tailwindcss/oxide-linux-x64-gnu@4.3.3
1058 silly packumentCache full:https://registry.npmjs.org/@tailwindcss%2foxide-linux-x64-gnu cache-miss
1059 http fetch GET 200 https://registry.npmjs.org/@tailwindcss%2foxide-darwin-x64 399ms (cache miss)
1060 silly packumentCache full:https://registry.npmjs.org/@tailwindcss%2foxide-darwin-x64 set size:undefined disposed:false
1061 silly fetch manifest @tailwindcss/oxide-linux-x64-musl@4.3.3
1062 silly packumentCache full:https://registry.npmjs.org/@tailwindcss%2foxide-linux-x64-musl cache-miss
1063 http fetch GET 200 https://registry.npmjs.org/@jridgewell%2fremapping 520ms (cache miss)
1064 silly packumentCache full:https://registry.npmjs.org/@jridgewell%2fremapping set size:undefined disposed:false
1065 silly fetch manifest @tailwindcss/oxide-win32-x64-msvc@4.3.3
1066 silly packumentCache full:https://registry.npmjs.org/@tailwindcss%2foxide-win32-x64-msvc cache-miss
1067 http fetch GET 200 https://registry.npmjs.org/@tailwindcss%2foxide-wasm32-wasi 753ms (cache miss)
1068 silly packumentCache full:https://registry.npmjs.org/@tailwindcss%2foxide-wasm32-wasi set size:undefined disposed:false
1069 silly fetch manifest @tailwindcss/oxide-linux-arm64-gnu@4.3.3
1070 silly packumentCache full:https://registry.npmjs.org/@tailwindcss%2foxide-linux-arm64-gnu cache-miss
1071 http fetch GET 200 https://registry.npmjs.org/@tailwindcss%2foxide-freebsd-x64 817ms (cache miss)
1072 silly packumentCache full:https://registry.npmjs.org/@tailwindcss%2foxide-freebsd-x64 set size:undefined disposed:false
1073 silly fetch manifest @tailwindcss/oxide-linux-arm64-musl@4.3.3
1074 silly packumentCache full:https://registry.npmjs.org/@tailwindcss%2foxide-linux-arm64-musl cache-miss
1075 http fetch GET 200 https://registry.npmjs.org/@tailwindcss%2foxide-android-arm64 780ms (cache miss)
1076 silly packumentCache full:https://registry.npmjs.org/@tailwindcss%2foxide-android-arm64 set size:undefined disposed:false
1077 silly fetch manifest @tailwindcss/oxide-win32-arm64-msvc@4.3.3
1078 silly packumentCache full:https://registry.npmjs.org/@tailwindcss%2foxide-win32-arm64-msvc cache-miss
1079 http fetch GET 200 https://registry.npmjs.org/@tailwindcss%2foxide-darwin-arm64 837ms (cache miss)
1080 silly packumentCache full:https://registry.npmjs.org/@tailwindcss%2foxide-darwin-arm64 set size:undefined disposed:false
1081 silly fetch manifest @tailwindcss/oxide-linux-arm-gnueabihf@4.3.3
1082 silly packumentCache full:https://registry.npmjs.org/@tailwindcss%2foxide-linux-arm-gnueabihf cache-miss
1083 http fetch GET 200 https://registry.npmjs.org/@tailwindcss%2foxide-linux-x64-gnu 596ms (cache miss)
1084 silly packumentCache full:https://registry.npmjs.org/@tailwindcss%2foxide-linux-x64-gnu set size:undefined disposed:false
1085 http fetch GET 200 https://registry.npmjs.org/@tailwindcss%2foxide-linux-x64-musl 830ms (cache miss)
1086 silly packumentCache full:https://registry.npmjs.org/@tailwindcss%2foxide-linux-x64-musl set size:undefined disposed:false
1087 http fetch GET 200 https://registry.npmjs.org/@tailwindcss%2foxide-linux-arm64-gnu 616ms (cache miss)
1088 silly packumentCache full:https://registry.npmjs.org/@tailwindcss%2foxide-linux-arm64-gnu set size:undefined disposed:false
1089 http fetch GET 200 https://registry.npmjs.org/@tailwindcss%2foxide-win32-x64-msvc 883ms (cache miss)
1090 silly packumentCache full:https://registry.npmjs.org/@tailwindcss%2foxide-win32-x64-msvc set size:undefined disposed:false
1091 http fetch GET 200 https://registry.npmjs.org/@tailwindcss%2foxide-linux-arm-gnueabihf 673ms (cache miss)
1092 silly packumentCache full:https://registry.npmjs.org/@tailwindcss%2foxide-linux-arm-gnueabihf set size:undefined disposed:false
1093 http fetch GET 200 https://registry.npmjs.org/@tailwindcss%2foxide-win32-arm64-msvc 767ms (cache miss)
1094 silly packumentCache full:https://registry.npmjs.org/@tailwindcss%2foxide-win32-arm64-msvc set size:undefined disposed:false
1095 http fetch GET 200 https://registry.npmjs.org/@tailwindcss%2foxide-linux-arm64-musl 876ms (cache miss)
1096 silly packumentCache full:https://registry.npmjs.org/@tailwindcss%2foxide-linux-arm64-musl set size:undefined disposed:false
1097 silly placeDep ROOT @jridgewell/remapping@2.3.5 OK for: @tailwindcss/node@4.3.3 want: ^2.3.5
1098 silly placeDep ROOT enhanced-resolve@5.24.3 OK for: @tailwindcss/node@4.3.3 want: ^5.24.1
1099 silly placeDep ROOT jiti@2.7.0 OK for: @tailwindcss/node@4.3.3 want: ^2.7.0
1100 silly placeDep ROOT lightningcss@1.32.0 OK for: @tailwindcss/node@4.3.3 want: 1.32.0
1101 silly placeDep ROOT magic-string@0.30.21 OK for: @tailwindcss/node@4.3.3 want: ^0.30.21
1102 silly placeDep ROOT source-map-js@1.2.1 OK for: @tailwindcss/node@4.3.3 want: ^1.2.1
1103 silly fetch manifest @jridgewell/gen-mapping@^0.3.5
1104 silly packumentCache full:https://registry.npmjs.org/@jridgewell%2fgen-mapping cache-miss
1105 silly fetch manifest @jridgewell/trace-mapping@^0.3.24
1106 silly packumentCache full:https://registry.npmjs.org/@jridgewell%2ftrace-mapping cache-miss
1107 silly fetch manifest graceful-fs@^4.2.4
1108 silly packumentCache full:https://registry.npmjs.org/graceful-fs cache-miss
1109 silly fetch manifest tapable@^2.3.3
1110 silly packumentCache full:https://registry.npmjs.org/tapable cache-miss
1111 silly fetch manifest detect-libc@^2.0.3
1112 silly packumentCache full:https://registry.npmjs.org/detect-libc cache-miss
1113 silly fetch manifest lightningcss-darwin-x64@1.32.0
1114 silly packumentCache full:https://registry.npmjs.org/lightningcss-darwin-x64 cache-miss
1115 silly fetch manifest lightningcss-freebsd-x64@1.32.0
1116 silly packumentCache full:https://registry.npmjs.org/lightningcss-freebsd-x64 cache-miss
1117 http fetch GET 200 https://registry.npmjs.org/lightningcss-darwin-x64 36ms (cache miss)
1118 silly packumentCache full:https://registry.npmjs.org/lightningcss-darwin-x64 set size:undefined disposed:false
1119 silly fetch manifest lightningcss-darwin-arm64@1.32.0
1120 silly packumentCache full:https://registry.npmjs.org/lightningcss-darwin-arm64 cache-miss
1121 http fetch GET 200 https://registry.npmjs.org/graceful-fs 37ms (cache miss)
1122 silly packumentCache full:https://registry.npmjs.org/graceful-fs set size:undefined disposed:false
1123 silly fetch manifest lightningcss-android-arm64@1.32.0
1124 silly packumentCache full:https://registry.npmjs.org/lightningcss-android-arm64 cache-miss
1125 http fetch GET 200 https://registry.npmjs.org/detect-libc 45ms (cache miss)
1126 silly packumentCache full:https://registry.npmjs.org/detect-libc set size:undefined disposed:false
1127 silly fetch manifest lightningcss-linux-x64-gnu@1.32.0
1128 silly packumentCache full:https://registry.npmjs.org/lightningcss-linux-x64-gnu cache-miss
1129 http fetch GET 200 https://registry.npmjs.org/lightningcss-darwin-arm64 36ms (cache miss)
1130 silly packumentCache full:https://registry.npmjs.org/lightningcss-darwin-arm64 set size:undefined disposed:false
1131 silly fetch manifest lightningcss-linux-x64-musl@1.32.0
1132 silly packumentCache full:https://registry.npmjs.org/lightningcss-linux-x64-musl cache-miss
1133 http fetch GET 200 https://registry.npmjs.org/lightningcss-linux-x64-gnu 34ms (cache miss)
1134 silly packumentCache full:https://registry.npmjs.org/lightningcss-linux-x64-gnu set size:undefined disposed:false
1135 silly fetch manifest lightningcss-win32-x64-msvc@1.32.0
1136 silly packumentCache full:https://registry.npmjs.org/lightningcss-win32-x64-msvc cache-miss
1137 http fetch GET 200 https://registry.npmjs.org/lightningcss-linux-x64-musl 32ms (cache miss)
1138 silly packumentCache full:https://registry.npmjs.org/lightningcss-linux-x64-musl set size:undefined disposed:false
1139 silly fetch manifest lightningcss-linux-arm64-gnu@1.32.0
1140 silly packumentCache full:https://registry.npmjs.org/lightningcss-linux-arm64-gnu cache-miss
1141 http fetch GET 200 https://registry.npmjs.org/tapable 278ms (cache miss)
1142 silly packumentCache full:https://registry.npmjs.org/tapable set size:undefined disposed:false
1143 silly fetch manifest lightningcss-linux-arm64-musl@1.32.0
1144 silly packumentCache full:https://registry.npmjs.org/lightningcss-linux-arm64-musl cache-miss
1145 http fetch GET 200 https://registry.npmjs.org/lightningcss-freebsd-x64 281ms (cache miss)
1146 silly packumentCache full:https://registry.npmjs.org/lightningcss-freebsd-x64 set size:undefined disposed:false
1147 silly fetch manifest lightningcss-win32-arm64-msvc@1.32.0
1148 silly packumentCache full:https://registry.npmjs.org/lightningcss-win32-arm64-msvc cache-miss
1149 http fetch GET 200 https://registry.npmjs.org/@jridgewell%2fgen-mapping 293ms (cache miss)
1150 silly packumentCache full:https://registry.npmjs.org/@jridgewell%2fgen-mapping set size:undefined disposed:false
1151 silly fetch manifest lightningcss-linux-arm-gnueabihf@1.32.0
1152 silly packumentCache full:https://registry.npmjs.org/lightningcss-linux-arm-gnueabihf cache-miss
1153 http fetch GET 200 https://registry.npmjs.org/lightningcss-android-arm64 269ms (cache miss)
1154 silly packumentCache full:https://registry.npmjs.org/lightningcss-android-arm64 set size:undefined disposed:false
1155 silly fetch manifest @jridgewell/sourcemap-codec@^1.5.5
1156 silly packumentCache full:https://registry.npmjs.org/@jridgewell%2fsourcemap-codec cache-miss
1157 http fetch GET 200 https://registry.npmjs.org/lightningcss-linux-arm64-musl 34ms (cache miss)
1158 silly packumentCache full:https://registry.npmjs.org/lightningcss-linux-arm64-musl set size:undefined disposed:false
1159 http fetch GET 200 https://registry.npmjs.org/lightningcss-win32-arm64-msvc 43ms (cache miss)
1160 silly packumentCache full:https://registry.npmjs.org/lightningcss-win32-arm64-msvc set size:undefined disposed:false
1161 http fetch GET 200 https://registry.npmjs.org/lightningcss-win32-x64-msvc 266ms (cache miss)
1162 silly packumentCache full:https://registry.npmjs.org/lightningcss-win32-x64-msvc set size:undefined disposed:false
1163 http fetch GET 200 https://registry.npmjs.org/lightningcss-linux-arm64-gnu 259ms (cache miss)
1164 silly packumentCache full:https://registry.npmjs.org/lightningcss-linux-arm64-gnu set size:undefined disposed:false
1165 http fetch GET 200 https://registry.npmjs.org/@jridgewell%2ftrace-mapping 534ms (cache miss)
1166 silly packumentCache full:https://registry.npmjs.org/@jridgewell%2ftrace-mapping set size:undefined disposed:false
1167 http fetch GET 200 https://registry.npmjs.org/lightningcss-linux-arm-gnueabihf 314ms (cache miss)
1168 silly packumentCache full:https://registry.npmjs.org/lightningcss-linux-arm-gnueabihf set size:undefined disposed:false
1169 http fetch GET 200 https://registry.npmjs.org/@jridgewell%2fsourcemap-codec 326ms (cache miss)
1170 silly packumentCache full:https://registry.npmjs.org/@jridgewell%2fsourcemap-codec set size:undefined disposed:false
1171 silly placeDep ROOT @jridgewell/gen-mapping@0.3.13 OK for: @jridgewell/remapping@2.3.5 want: ^0.3.5
1172 silly placeDep ROOT @jridgewell/trace-mapping@0.3.31 OK for: @jridgewell/remapping@2.3.5 want: ^0.3.24
1173 silly fetch manifest @jridgewell/sourcemap-codec@^1.5.0
1174 silly packumentCache full:https://registry.npmjs.org/@jridgewell%2fsourcemap-codec cache-miss
1175 silly fetch manifest @jridgewell/resolve-uri@^3.1.0
1176 silly packumentCache full:https://registry.npmjs.org/@jridgewell%2fresolve-uri cache-miss
1177 silly fetch manifest @jridgewell/sourcemap-codec@^1.4.14
1178 silly packumentCache full:https://registry.npmjs.org/@jridgewell%2fsourcemap-codec cache-miss
1179 http cache https://registry.npmjs.org/@jridgewell%2fsourcemap-codec 2ms (cache hit)
1180 silly packumentCache full:https://registry.npmjs.org/@jridgewell%2fsourcemap-codec set size:51856 disposed:false
1181 http cache https://registry.npmjs.org/@jridgewell%2fsourcemap-codec 3ms (cache hit)
1182 silly packumentCache full:https://registry.npmjs.org/@jridgewell%2fsourcemap-codec set size:51856 disposed:false
1183 silly packumentCache full:https://registry.npmjs.org/@jridgewell%2fsourcemap-codec dispose
1184 http fetch GET 200 https://registry.npmjs.org/@jridgewell%2fresolve-uri 290ms (cache miss)
1185 silly packumentCache full:https://registry.npmjs.org/@jridgewell%2fresolve-uri set size:undefined disposed:false
1186 silly placeDep ROOT @jridgewell/sourcemap-codec@1.5.5 OK for: @jridgewell/gen-mapping@0.3.13 want: ^1.5.0
1187 silly placeDep ROOT @jridgewell/resolve-uri@3.1.2 OK for: @jridgewell/trace-mapping@0.3.31 want: ^3.1.0
1188 silly placeDep ROOT @tailwindcss/oxide-android-arm64@4.3.3 OK for: @tailwindcss/oxide@4.3.3 want: 4.3.3
1189 silly placeDep ROOT @tailwindcss/oxide-darwin-arm64@4.3.3 OK for: @tailwindcss/oxide@4.3.3 want: 4.3.3
1190 silly placeDep ROOT @tailwindcss/oxide-darwin-x64@4.3.3 OK for: @tailwindcss/oxide@4.3.3 want: 4.3.3
1191 silly placeDep ROOT @tailwindcss/oxide-freebsd-x64@4.3.3 OK for: @tailwindcss/oxide@4.3.3 want: 4.3.3
1192 silly placeDep ROOT @tailwindcss/oxide-linux-arm-gnueabihf@4.3.3 OK for: @tailwindcss/oxide@4.3.3 want: 4.3.3
1193 silly placeDep ROOT @tailwindcss/oxide-linux-arm64-gnu@4.3.3 OK for: @tailwindcss/oxide@4.3.3 want: 4.3.3
1194 silly placeDep ROOT @tailwindcss/oxide-linux-arm64-musl@4.3.3 OK for: @tailwindcss/oxide@4.3.3 want: 4.3.3
1195 silly placeDep ROOT @tailwindcss/oxide-linux-x64-gnu@4.3.3 OK for: @tailwindcss/oxide@4.3.3 want: 4.3.3
1196 silly placeDep ROOT @tailwindcss/oxide-linux-x64-musl@4.3.3 OK for: @tailwindcss/oxide@4.3.3 want: 4.3.3
1197 silly placeDep ROOT @tailwindcss/oxide-wasm32-wasi@4.3.3 OK for: @tailwindcss/oxide@4.3.3 want: 4.3.3
1198 silly placeDep ROOT @tailwindcss/oxide-win32-arm64-msvc@4.3.3 OK for: @tailwindcss/oxide@4.3.3 want: 4.3.3
1199 silly placeDep ROOT @tailwindcss/oxide-win32-x64-msvc@4.3.3 OK for: @tailwindcss/oxide@4.3.3 want: 4.3.3
1200 silly placeDep ROOT @types/d3-array@3.2.2 OK for: @types/d3@7.4.3 want: *
1201 silly placeDep ROOT @types/d3-axis@3.0.6 OK for: @types/d3@7.4.3 want: *
1202 silly placeDep ROOT @types/d3-brush@3.0.6 OK for: @types/d3@7.4.3 want: *
1203 silly placeDep ROOT @types/d3-color@3.1.3 OK for: @types/d3@7.4.3 want: *
1204 silly placeDep ROOT @types/d3-contour@3.0.6 OK for: @types/d3@7.4.3 want: *
1205 silly placeDep ROOT @types/d3-delaunay@6.0.4 OK for: @types/d3@7.4.3 want: *
1206 silly placeDep ROOT @types/d3-dispatch@3.0.7 OK for: @types/d3@7.4.3 want: *
1207 silly placeDep ROOT @types/d3-drag@3.0.7 OK for: @types/d3@7.4.3 want: *
1208 silly placeDep ROOT @types/d3-dsv@3.0.7 OK for: @types/d3@7.4.3 want: *
1209 silly placeDep ROOT @types/d3-ease@3.0.2 OK for: @types/d3@7.4.3 want: *
1210 silly placeDep ROOT @types/d3-fetch@3.0.7 OK for: @types/d3@7.4.3 want: *
1211 silly placeDep ROOT @types/d3-force@3.0.10 OK for: @types/d3@7.4.3 want: *
1212 silly placeDep ROOT @types/d3-format@3.0.4 OK for: @types/d3@7.4.3 want: *
1213 silly placeDep ROOT @types/d3-geo@3.1.0 OK for: @types/d3@7.4.3 want: *
1214 silly placeDep ROOT @types/d3-interpolate@3.0.4 OK for: @types/d3@7.4.3 want: *
1215 silly placeDep ROOT @types/d3-path@3.1.1 OK for: @types/d3@7.4.3 want: *
1216 silly placeDep ROOT @types/d3-polygon@3.0.2 OK for: @types/d3@7.4.3 want: *
1217 silly placeDep ROOT @types/d3-quadtree@3.0.6 OK for: @types/d3@7.4.3 want: *
1218 silly placeDep ROOT @types/d3-random@3.0.4 OK for: @types/d3@7.4.3 want: *
1219 silly placeDep ROOT @types/d3-scale@4.0.9 OK for: @types/d3@7.4.3 want: *
1220 silly placeDep ROOT @types/d3-scale-chromatic@3.1.0 OK for: @types/d3@7.4.3 want: *
1221 silly placeDep ROOT @types/d3-selection@3.0.11 OK for: @types/d3@7.4.3 want: *
1222 silly placeDep ROOT @types/d3-time@3.0.4 OK for: @types/d3@7.4.3 want: *
1223 silly placeDep ROOT @types/d3-time-format@4.0.3 OK for: @types/d3@7.4.3 want: *
1224 silly placeDep ROOT @types/d3-timer@3.0.2 OK for: @types/d3@7.4.3 want: *
1225 silly placeDep ROOT @types/d3-transition@3.0.9 OK for: @types/d3@7.4.3 want: *
1226 silly placeDep ROOT @types/d3-zoom@3.0.8 OK for: @types/d3@7.4.3 want: *
1227 silly placeDep node_modules/@types/d3-sankey @types/d3-shape@1.3.12 OK for: @types/d3-sankey@0.11.2 want: ^1
1228 silly fetch manifest @types/d3-path@^1
1229 silly packumentCache full:https://registry.npmjs.org/@types%2fd3-path cache-miss
1230 http cache https://registry.npmjs.org/@types%2fd3-path 1ms (cache hit)
1231 silly packumentCache full:https://registry.npmjs.org/@types%2fd3-path set size:41268 disposed:false
1232 silly placeDep ROOT undici-types@8.3.0 OK for: @types/node@26.1.1 want: ~8.3.0
1233 silly placeDep ROOT browserslist@4.28.7 OK for: autoprefixer@10.5.4 want: ^4.28.6
1234 silly placeDep ROOT caniuse-lite@1.0.30001806 OK for: autoprefixer@10.5.4 want: ^1.0.30001806
1235 silly placeDep ROOT fraction.js@5.3.4 OK for: autoprefixer@10.5.4 want: ^5.3.4
1236 silly placeDep ROOT picocolors@1.1.1 OK for: autoprefixer@10.5.4 want: ^1.1.1
1237 silly placeDep ROOT postcss-value-parser@4.2.0 OK for: autoprefixer@10.5.4 want: ^4.2.0
1238 silly fetch manifest node-releases@^2.0.51
1239 silly packumentCache full:https://registry.npmjs.org/node-releases cache-miss
1240 silly fetch manifest electron-to-chromium@^1.5.393
1241 silly packumentCache full:https://registry.npmjs.org/electron-to-chromium cache-miss
1242 silly fetch manifest update-browserslist-db@^1.2.3
1243 silly packumentCache full:https://registry.npmjs.org/update-browserslist-db cache-miss
1244 silly fetch manifest baseline-browser-mapping@^2.10.44
1245 silly packumentCache full:https://registry.npmjs.org/baseline-browser-mapping cache-miss
1246 http fetch GET 200 https://registry.npmjs.org/node-releases 62ms (cache miss)
1247 silly packumentCache full:https://registry.npmjs.org/node-releases set size:undefined disposed:false
1248 http fetch GET 200 https://registry.npmjs.org/update-browserslist-db 291ms (cache miss)
1249 silly packumentCache full:https://registry.npmjs.org/update-browserslist-db set size:undefined disposed:false
1250 http fetch GET 200 https://registry.npmjs.org/baseline-browser-mapping 326ms (cache miss)
1251 silly packumentCache full:https://registry.npmjs.org/baseline-browser-mapping set size:undefined disposed:false
1252 http fetch GET 200 https://registry.npmjs.org/electron-to-chromium 365ms (cache miss)
1253 silly packumentCache full:https://registry.npmjs.org/electron-to-chromium set size:undefined disposed:false
1254 silly fetch manifest browserslist@>= 4.21.0
1255 silly packumentCache full:https://registry.npmjs.org/browserslist cache-miss
1256 http cache https://registry.npmjs.org/browserslist 12ms (cache hit)
1257 silly packumentCache full:https://registry.npmjs.org/browserslist set size:516369 disposed:false
1258 silly placeDep ROOT baseline-browser-mapping@2.11.4 OK for: browserslist@4.28.7 want: ^2.10.44
1259 silly placeDep ROOT electron-to-chromium@1.5.396 OK for: browserslist@4.28.7 want: ^1.5.393
1260 silly placeDep ROOT node-releases@2.0.51 OK for: browserslist@4.28.7 want: ^2.0.51
1261 silly placeDep ROOT update-browserslist-db@1.2.3 OK for: browserslist@4.28.7 want: ^1.2.3
1262 silly fetch manifest escalade@^3.2.0
1263 silly packumentCache full:https://registry.npmjs.org/escalade cache-miss
1264 http fetch GET 200 https://registry.npmjs.org/escalade 276ms (cache miss)
1265 silly packumentCache full:https://registry.npmjs.org/escalade set size:undefined disposed:false
1266 silly placeDep ROOT chalk@4.1.2 OK for: concurrently@9.2.4 want: 4.1.2
1267 silly placeDep ROOT rxjs@7.8.2 OK for: concurrently@9.2.4 want: 7.8.2
1268 silly placeDep ROOT shell-quote@1.9.0 OK for: concurrently@9.2.4 want: 1.9.0
1269 silly placeDep ROOT supports-color@8.1.1 OK for: concurrently@9.2.4 want: 8.1.1
1270 silly placeDep ROOT tree-kill@1.2.2 OK for: concurrently@9.2.4 want: 1.2.2
1271 silly placeDep ROOT yargs@17.7.2 OK for: concurrently@9.2.4 want: 17.7.2
1272 silly fetch manifest ansi-styles@^4.1.0
1273 silly packumentCache full:https://registry.npmjs.org/ansi-styles cache-miss
1274 silly fetch manifest supports-color@^7.1.0
1275 silly packumentCache full:https://registry.npmjs.org/supports-color cache-hit
1276 silly fetch manifest has-flag@^4.0.0
1277 silly packumentCache full:https://registry.npmjs.org/has-flag cache-miss
1278 silly fetch manifest y18n@^5.0.5
1279 silly packumentCache full:https://registry.npmjs.org/y18n cache-miss
1280 silly fetch manifest cliui@^8.0.1
1281 silly packumentCache full:https://registry.npmjs.org/cliui cache-miss
1282 silly fetch manifest escalade@^3.1.1
1283 silly packumentCache full:https://registry.npmjs.org/escalade cache-miss
1284 silly fetch manifest string-width@^4.2.3
1285 silly packumentCache full:https://registry.npmjs.org/string-width cache-miss
1286 silly fetch manifest yargs-parser@^21.1.1
1287 silly packumentCache full:https://registry.npmjs.org/yargs-parser cache-miss
1288 http cache https://registry.npmjs.org/escalade 4ms (cache hit)
1289 silly packumentCache full:https://registry.npmjs.org/escalade set size:33724 disposed:false
1290 silly fetch manifest get-caller-file@^2.0.5
1291 silly packumentCache full:https://registry.npmjs.org/get-caller-file cache-miss
1292 http fetch GET 200 https://registry.npmjs.org/cliui 40ms (cache miss)
1293 silly packumentCache full:https://registry.npmjs.org/cliui set size:undefined disposed:false
1294 silly fetch manifest require-directory@^2.1.1
1295 silly packumentCache full:https://registry.npmjs.org/require-directory cache-miss
1296 http fetch GET 200 https://registry.npmjs.org/ansi-styles 45ms (cache miss)
1297 silly packumentCache full:https://registry.npmjs.org/ansi-styles set size:undefined disposed:false
1298 http fetch GET 200 https://registry.npmjs.org/has-flag 272ms (cache miss)
1299 silly packumentCache full:https://registry.npmjs.org/has-flag set size:undefined disposed:false
1300 http fetch GET 200 https://registry.npmjs.org/y18n 285ms (cache miss)
1301 silly packumentCache full:https://registry.npmjs.org/y18n set size:undefined disposed:false
1302 http fetch GET 200 https://registry.npmjs.org/string-width 286ms (cache miss)
1303 silly packumentCache full:https://registry.npmjs.org/string-width set size:undefined disposed:false
1304 http fetch GET 200 https://registry.npmjs.org/get-caller-file 283ms (cache miss)
1305 silly packumentCache full:https://registry.npmjs.org/get-caller-file set size:undefined disposed:false
1306 http fetch GET 200 https://registry.npmjs.org/yargs-parser 297ms (cache miss)
1307 silly packumentCache full:https://registry.npmjs.org/yargs-parser set size:undefined disposed:false
1308 http fetch GET 200 https://registry.npmjs.org/require-directory 270ms (cache miss)
1309 silly packumentCache full:https://registry.npmjs.org/require-directory set size:undefined disposed:false
1310 silly placeDep ROOT ansi-styles@4.3.0 OK for: chalk@4.1.2 want: ^4.1.0
1311 silly placeDep node_modules/chalk supports-color@7.2.0 OK for: chalk@4.1.2 want: ^7.1.0
1312 silly fetch manifest color-convert@^2.0.1
1313 silly packumentCache full:https://registry.npmjs.org/color-convert cache-miss
1314 http fetch GET 200 https://registry.npmjs.org/color-convert 277ms (cache miss)
1315 silly packumentCache full:https://registry.npmjs.org/color-convert set size:undefined disposed:false
1316 silly placeDep ROOT color-convert@2.0.1 OK for: ansi-styles@4.3.0 want: ^2.0.1
1317 silly fetch manifest color-name@~1.1.4
1318 silly packumentCache full:https://registry.npmjs.org/color-name cache-miss
1319 http fetch GET 200 https://registry.npmjs.org/color-name 268ms (cache miss)
1320 silly packumentCache full:https://registry.npmjs.org/color-name set size:undefined disposed:false
1321 silly placeDep ROOT color-name@1.1.4 OK for: color-convert@2.0.1 want: ~1.1.4
1322 silly placeDep ROOT object-assign@4.1.1 OK for: cors@2.8.6 want: ^4
1323 silly placeDep ROOT vary@1.1.2 OK for: cors@2.8.6 want: ^1
1324 silly placeDep ROOT d3-array@3.2.4 OK for: d3@7.9.0 want: 3
1325 silly placeDep ROOT d3-axis@3.0.0 OK for: d3@7.9.0 want: 3
1326 silly placeDep ROOT d3-brush@3.0.0 OK for: d3@7.9.0 want: 3
1327 silly placeDep ROOT d3-color@3.1.0 OK for: d3@7.9.0 want: 3
1328 silly placeDep ROOT d3-contour@4.0.2 OK for: d3@7.9.0 want: 4
1329 silly placeDep ROOT d3-delaunay@6.0.4 OK for: d3@7.9.0 want: 6
1330 silly placeDep ROOT d3-dispatch@3.0.1 OK for: d3@7.9.0 want: 3
1331 silly placeDep ROOT d3-drag@3.0.0 OK for: d3@7.9.0 want: 3
1332 silly placeDep ROOT d3-dsv@3.0.1 OK for: d3@7.9.0 want: 3
1333 silly placeDep ROOT d3-ease@3.0.1 OK for: d3@7.9.0 want: 3
1334 silly placeDep ROOT d3-fetch@3.0.1 OK for: d3@7.9.0 want: 3
1335 silly placeDep ROOT d3-format@3.1.2 OK for: d3@7.9.0 want: 3
1336 silly placeDep ROOT d3-interpolate@3.0.1 OK for: d3@7.9.0 want: 3
1337 silly placeDep ROOT d3-path@3.1.0 OK for: d3@7.9.0 want: 3
1338 silly placeDep ROOT d3-polygon@3.0.1 OK for: d3@7.9.0 want: 3
1339 silly placeDep ROOT d3-quadtree@3.0.1 OK for: d3@7.9.0 want: 3
1340 silly placeDep ROOT d3-random@3.0.1 OK for: d3@7.9.0 want: 3
1341 silly placeDep ROOT d3-scale@4.0.2 OK for: d3@7.9.0 want: 4
1342 silly placeDep ROOT d3-scale-chromatic@3.1.0 OK for: d3@7.9.0 want: 3
1343 silly placeDep ROOT d3-time@3.1.0 OK for: d3@7.9.0 want: 3
1344 silly placeDep ROOT d3-time-format@4.1.0 OK for: d3@7.9.0 want: 4
1345 silly placeDep ROOT d3-timer@3.0.1 OK for: d3@7.9.0 want: 3
1346 silly placeDep ROOT d3-zoom@3.0.0 OK for: d3@7.9.0 want: 3
1347 silly fetch manifest internmap@1 - 2
1348 silly packumentCache full:https://registry.npmjs.org/internmap cache-miss
1349 silly fetch manifest d3-drag@2 - 3
1350 silly packumentCache full:https://registry.npmjs.org/d3-drag cache-miss
1351 silly fetch manifest delaunator@5
1352 silly packumentCache full:https://registry.npmjs.org/delaunator cache-miss
1353 silly fetch manifest commander@7
1354 silly packumentCache full:https://registry.npmjs.org/commander cache-miss
1355 silly fetch manifest iconv-lite@0.6
1356 silly packumentCache full:https://registry.npmjs.org/iconv-lite cache-miss
1357 silly fetch manifest rw@1
1358 silly packumentCache full:https://registry.npmjs.org/rw cache-miss
1359 silly fetch manifest d3-time@2.1.1 - 3
1360 silly packumentCache full:https://registry.npmjs.org/d3-time cache-miss
1361 http cache https://registry.npmjs.org/iconv-lite 5ms (cache hit)
1362 silly packumentCache full:https://registry.npmjs.org/iconv-lite set size:126462 disposed:false
1363 silly fetch manifest d3-time-format@2 - 4
1364 silly packumentCache full:https://registry.npmjs.org/d3-time-format cache-miss
1365 http cache https://registry.npmjs.org/d3-drag 6ms (cache hit)
1366 silly packumentCache full:https://registry.npmjs.org/d3-drag set size:116130 disposed:false
1367 http cache https://registry.npmjs.org/d3-time 6ms (cache hit)
1368 silly packumentCache full:https://registry.npmjs.org/d3-time set size:150406 disposed:false
1369 http cache https://registry.npmjs.org/d3-time-format 2ms (cache hit)
1370 silly packumentCache full:https://registry.npmjs.org/d3-time-format set size:124514 disposed:false
1371 http fetch GET 200 https://registry.npmjs.org/commander 57ms (cache miss)
1372 silly packumentCache full:https://registry.npmjs.org/commander set size:undefined disposed:false
1373 http fetch GET 200 https://registry.npmjs.org/internmap 282ms (cache miss)
1374 silly packumentCache full:https://registry.npmjs.org/internmap set size:undefined disposed:false
1375 http fetch GET 200 https://registry.npmjs.org/delaunator 286ms (cache miss)
1376 silly packumentCache full:https://registry.npmjs.org/delaunator set size:undefined disposed:false
1377 http fetch GET 200 https://registry.npmjs.org/rw 340ms (cache miss)
1378 silly packumentCache full:https://registry.npmjs.org/rw set size:undefined disposed:false
1379 silly placeDep ROOT internmap@2.0.3 OK for: d3-array@3.2.4 want: 1 - 2
1380 silly placeDep ROOT delaunator@5.1.0 OK for: d3-delaunay@6.0.4 want: 5
1381 silly fetch manifest robust-predicates@^3.0.2
1382 silly packumentCache full:https://registry.npmjs.org/robust-predicates cache-miss
1383 http fetch GET 200 https://registry.npmjs.org/robust-predicates 277ms (cache miss)
1384 silly packumentCache full:https://registry.npmjs.org/robust-predicates set size:undefined disposed:false
1385 silly placeDep ROOT commander@7.2.0 OK for: d3-dsv@3.0.1 want: 7
1386 silly placeDep ROOT iconv-lite@0.6.3 OK for: d3-dsv@3.0.1 want: 0.6
1387 silly placeDep ROOT rw@1.3.3 OK for: d3-dsv@3.0.1 want: 1
1388 silly fetch manifest safer-buffer@>= 2.1.2 < 3.0.0
1389 silly packumentCache full:https://registry.npmjs.org/safer-buffer cache-miss
1390 http fetch GET 200 https://registry.npmjs.org/safer-buffer 285ms (cache miss)
1391 silly packumentCache full:https://registry.npmjs.org/safer-buffer set size:undefined disposed:false
1392 silly placeDep node_modules/d3-sankey d3-array@2.12.1 OK for: d3-sankey@0.12.3 want: 1 - 2
1393 silly placeDep node_modules/d3-sankey d3-shape@1.3.7 OK for: d3-sankey@0.12.3 want: ^1.2.0
1394 silly fetch manifest internmap@^1.0.0
1395 silly packumentCache full:https://registry.npmjs.org/internmap cache-miss
1396 silly fetch manifest d3-path@1
1397 silly packumentCache full:https://registry.npmjs.org/d3-path cache-hit
1398 http cache https://registry.npmjs.org/internmap 4ms (cache hit)
1399 silly packumentCache full:https://registry.npmjs.org/internmap set size:19637 disposed:false
1400 silly placeDep ROOT d3-voronoi-map@2.1.1 OK for: d3-voronoi-treemap@1.1.2 want: 2.*
1401 silly fetch manifest d3-dispatch@2.*
1402 silly packumentCache full:https://registry.npmjs.org/d3-dispatch cache-hit
1403 silly fetch manifest d3-polygon@2.*
1404 silly packumentCache full:https://registry.npmjs.org/d3-polygon cache-miss
1405 silly fetch manifest d3-timer@2.*
1406 silly packumentCache full:https://registry.npmjs.org/d3-timer cache-hit
1407 silly fetch manifest d3-weighted-voronoi@1.*
1408 silly packumentCache full:https://registry.npmjs.org/d3-weighted-voronoi cache-miss
1409 http cache https://registry.npmjs.org/d3-polygon 13ms (cache hit)
1410 silly packumentCache full:https://registry.npmjs.org/d3-polygon set size:59224 disposed:false
1411 http fetch GET 200 https://registry.npmjs.org/d3-weighted-voronoi 334ms (cache miss)
1412 silly packumentCache full:https://registry.npmjs.org/d3-weighted-voronoi set size:undefined disposed:false
1413 silly placeDep node_modules/d3-voronoi-map d3-dispatch@2.0.0 OK for: d3-voronoi-map@2.1.1 want: 2.*
1414 silly placeDep node_modules/d3-voronoi-map d3-polygon@2.0.0 OK for: d3-voronoi-map@2.1.1 want: 2.*
1415 silly placeDep node_modules/d3-voronoi-map d3-timer@2.0.0 OK for: d3-voronoi-map@2.1.1 want: 2.*
1416 silly placeDep ROOT d3-weighted-voronoi@1.1.3 OK for: d3-voronoi-map@2.1.1 want: 1.*
1417 silly fetch manifest d3-polygon@2
1418 silly packumentCache full:https://registry.npmjs.org/d3-polygon cache-hit
1419 silly fetch manifest d3-array@2
1420 silly packumentCache full:https://registry.npmjs.org/d3-array cache-hit
1421 silly placeDep node_modules/d3-weighted-voronoi d3-array@2.12.1 OK for: d3-weighted-voronoi@1.1.3 want: 2
1422 silly placeDep node_modules/d3-weighted-voronoi d3-polygon@2.0.0 OK for: d3-weighted-voronoi@1.1.3 want: 2
1423 silly placeDep ROOT robust-predicates@3.0.3 OK for: delaunator@5.1.0 want: ^3.0.2
1424 silly placeDep ROOT graceful-fs@4.2.11 OK for: enhanced-resolve@5.24.3 want: ^4.2.4
1425 silly placeDep ROOT tapable@2.3.3 OK for: enhanced-resolve@5.24.3 want: ^2.3.3
1426 silly placeDep ROOT accepts@2.0.0 OK for: express@5.2.1 want: ^2.0.0
1427 silly placeDep ROOT body-parser@2.3.0 OK for: express@5.2.1 want: ^2.2.1
1428 silly placeDep ROOT content-disposition@1.1.0 OK for: express@5.2.1 want: ^1.0.0
1429 silly placeDep ROOT content-type@1.0.5 OK for: express@5.2.1 want: ^1.0.5
1430 silly placeDep ROOT cookie@0.7.2 OK for: express@5.2.1 want: ^0.7.1
1431 silly placeDep ROOT cookie-signature@1.2.2 OK for: express@5.2.1 want: ^1.2.1
1432 silly placeDep ROOT debug@4.4.3 OK for: express@5.2.1 want: ^4.4.0
1433 silly placeDep ROOT depd@2.0.0 OK for: express@5.2.1 want: ^2.0.0
1434 silly placeDep ROOT encodeurl@2.0.0 OK for: express@5.2.1 want: ^2.0.0
1435 silly placeDep ROOT escape-html@1.0.3 OK for: express@5.2.1 want: ^1.0.3
1436 silly placeDep ROOT etag@1.8.1 OK for: express@5.2.1 want: ^1.8.1
1437 silly placeDep ROOT finalhandler@2.1.1 OK for: express@5.2.1 want: ^2.1.0
1438 silly placeDep ROOT fresh@2.0.0 OK for: express@5.2.1 want: ^2.0.0
1439 silly placeDep ROOT http-errors@2.0.1 OK for: express@5.2.1 want: ^2.0.0
1440 silly placeDep ROOT merge-descriptors@2.0.0 OK for: express@5.2.1 want: ^2.0.0
1441 silly placeDep ROOT mime-types@3.0.2 OK for: express@5.2.1 want: ^3.0.0
1442 silly placeDep ROOT on-finished@2.4.1 OK for: express@5.2.1 want: ^2.4.1
1443 silly placeDep ROOT once@1.4.0 OK for: express@5.2.1 want: ^1.4.0
1444 silly placeDep ROOT parseurl@1.3.3 OK for: express@5.2.1 want: ^1.3.3
1445 silly placeDep ROOT proxy-addr@2.0.7 OK for: express@5.2.1 want: ^2.0.7
1446 silly placeDep ROOT qs@6.15.3 OK for: express@5.2.1 want: ^6.14.0
1447 silly placeDep ROOT range-parser@1.3.0 OK for: express@5.2.1 want: ^1.2.1
1448 silly placeDep ROOT router@2.2.0 OK for: express@5.2.1 want: ^2.2.0
1449 silly placeDep ROOT send@1.2.1 OK for: express@5.2.1 want: ^1.1.0
1450 silly placeDep ROOT serve-static@2.2.1 OK for: express@5.2.1 want: ^2.2.0
1451 silly placeDep ROOT statuses@2.0.2 OK for: express@5.2.1 want: ^2.0.1
1452 silly placeDep ROOT type-is@2.1.0 OK for: express@5.2.1 want: ^2.0.1
1453 silly fetch manifest negotiator@^1.0.0
1454 silly packumentCache full:https://registry.npmjs.org/negotiator cache-miss
1455 silly fetch manifest qs@^6.15.2
1456 silly packumentCache full:https://registry.npmjs.org/qs cache-miss
1457 silly fetch manifest bytes@^3.1.2
1458 silly packumentCache full:https://registry.npmjs.org/bytes cache-miss
1459 silly fetch manifest debug@^4.4.3
1460 silly packumentCache full:https://registry.npmjs.org/debug cache-hit
1461 silly fetch manifest type-is@^2.1.0
1462 silly packumentCache full:https://registry.npmjs.org/type-is cache-hit
1463 silly fetch manifest raw-body@^3.0.2
1464 silly packumentCache full:https://registry.npmjs.org/raw-body cache-miss
1465 silly fetch manifest http-errors@^2.0.1
1466 silly packumentCache full:https://registry.npmjs.org/http-errors cache-miss
1467 silly fetch manifest content-type@^2.0.0
1468 silly packumentCache full:https://registry.npmjs.org/content-type cache-miss
1469 silly fetch manifest ms@^2.1.3
1470 silly packumentCache full:https://registry.npmjs.org/ms cache-miss
1471 http cache https://registry.npmjs.org/http-errors 11ms (cache hit)
1472 silly packumentCache full:https://registry.npmjs.org/http-errors set size:71987 disposed:false
1473 silly fetch manifest inherits@~2.0.4
1474 silly packumentCache full:https://registry.npmjs.org/inherits cache-miss
1475 http cache https://registry.npmjs.org/qs 28ms (cache hit)
1476 silly packumentCache full:https://registry.npmjs.org/qs set size:360318 disposed:false
1477 silly fetch manifest setprototypeof@~1.2.0
1478 silly packumentCache full:https://registry.npmjs.org/setprototypeof cache-miss
1479 http cache https://registry.npmjs.org/content-type 41ms (cache hit)
1480 silly packumentCache full:https://registry.npmjs.org/content-type set size:18994 disposed:false
1481 silly fetch manifest statuses@~2.0.2
1482 silly packumentCache full:https://registry.npmjs.org/statuses cache-miss
1483 http cache https://registry.npmjs.org/ms 61ms (cache hit)
1484 silly packumentCache full:https://registry.npmjs.org/ms set size:92208 disposed:false
1485 silly fetch manifest toidentifier@~1.0.1
1486 silly packumentCache full:https://registry.npmjs.org/toidentifier cache-miss
1487 http cache https://registry.npmjs.org/statuses 25ms (cache hit)
1488 silly packumentCache full:https://registry.npmjs.org/statuses set size:37117 disposed:false
1489 silly fetch manifest mime-db@^1.54.0
1490 silly packumentCache full:https://registry.npmjs.org/mime-db cache-miss
1491 http fetch GET 200 https://registry.npmjs.org/negotiator 76ms (cache miss)
1492 silly packumentCache full:https://registry.npmjs.org/negotiator set size:undefined disposed:false
1493 silly fetch manifest ee-first@1.1.1
1494 silly packumentCache full:https://registry.npmjs.org/ee-first cache-miss
1495 http fetch GET 200 https://registry.npmjs.org/bytes 77ms (cache miss)
1496 silly packumentCache full:https://registry.npmjs.org/bytes set size:undefined disposed:false
1497 silly fetch manifest wrappy@1
1498 silly packumentCache full:https://registry.npmjs.org/wrappy cache-miss
1499 http fetch GET 200 https://registry.npmjs.org/setprototypeof 46ms (cache miss)
1500 silly packumentCache full:https://registry.npmjs.org/setprototypeof set size:undefined disposed:false
1501 silly fetch manifest forwarded@0.2.0
1502 silly packumentCache full:https://registry.npmjs.org/forwarded cache-miss
1503 http fetch GET 200 https://registry.npmjs.org/toidentifier 33ms (cache miss)
1504 silly packumentCache full:https://registry.npmjs.org/toidentifier set size:undefined disposed:false
1505 silly fetch manifest ipaddr.js@1.9.1
1506 silly packumentCache full:https://registry.npmjs.org/ipaddr.js cache-miss
1507 http fetch GET 200 https://registry.npmjs.org/ee-first 38ms (cache miss)
1508 silly packumentCache full:https://registry.npmjs.org/ee-first set size:undefined disposed:false
1509 silly fetch manifest side-channel@^1.1.1
1510 silly packumentCache full:https://registry.npmjs.org/side-channel cache-miss
1511 http fetch GET 200 https://registry.npmjs.org/wrappy 66ms (cache miss)
1512 silly packumentCache full:https://registry.npmjs.org/wrappy set size:undefined disposed:false
1513 silly fetch manifest es-define-property@^1.0.1
1514 silly packumentCache full:https://registry.npmjs.org/es-define-property cache-miss
1515 http fetch GET 200 https://registry.npmjs.org/forwarded 59ms (cache miss)
1516 silly packumentCache full:https://registry.npmjs.org/forwarded set size:undefined disposed:false
1517 silly fetch manifest is-promise@^4.0.0
1518 silly packumentCache full:https://registry.npmjs.org/is-promise cache-miss
1519 http fetch GET 200 https://registry.npmjs.org/mime-db 79ms (cache miss)
1520 silly packumentCache full:https://registry.npmjs.org/mime-db set size:undefined disposed:false
1521 silly fetch manifest path-to-regexp@^8.0.0
1522 silly packumentCache full:https://registry.npmjs.org/path-to-regexp cache-miss
1523 http fetch GET 200 https://registry.npmjs.org/side-channel 48ms (cache miss)
1524 silly packumentCache full:https://registry.npmjs.org/side-channel set size:undefined disposed:false
1525 silly fetch manifest statuses@^2.0.2
1526 silly packumentCache full:https://registry.npmjs.org/statuses cache-hit
1527 silly fetch manifest media-typer@^1.1.0
1528 silly packumentCache full:https://registry.npmjs.org/media-typer cache-miss
1529 http fetch GET 200 https://registry.npmjs.org/is-promise 44ms (cache miss)
1530 silly packumentCache full:https://registry.npmjs.org/is-promise set size:undefined disposed:false
1531 http fetch GET 200 https://registry.npmjs.org/media-typer 39ms (cache miss)
1532 silly packumentCache full:https://registry.npmjs.org/media-typer set size:undefined disposed:false
1533 http fetch GET 200 https://registry.npmjs.org/raw-body 277ms (cache miss)
1534 silly packumentCache full:https://registry.npmjs.org/raw-body set size:undefined disposed:false
1535 http fetch GET 200 https://registry.npmjs.org/inherits 296ms (cache miss)
1536 silly packumentCache full:https://registry.npmjs.org/inherits set size:undefined disposed:false
1537 http fetch GET 200 https://registry.npmjs.org/ipaddr.js 288ms (cache miss)
1538 silly packumentCache full:https://registry.npmjs.org/ipaddr.js set size:undefined disposed:false
1539 http fetch GET 200 https://registry.npmjs.org/es-define-property 261ms (cache miss)
1540 silly packumentCache full:https://registry.npmjs.org/es-define-property set size:undefined disposed:false
1541 http fetch GET 200 https://registry.npmjs.org/path-to-regexp 274ms (cache miss)
1542 silly packumentCache full:https://registry.npmjs.org/path-to-regexp set size:undefined disposed:false
1543 silly placeDep ROOT negotiator@1.0.0 OK for: accepts@2.0.0 want: ^1.0.0
1544 silly placeDep ROOT bytes@3.1.2 OK for: body-parser@2.3.0 want: ^3.1.2
1545 silly placeDep node_modules/body-parser content-type@2.0.0 OK for: body-parser@2.3.0 want: ^2.0.0
1546 silly placeDep node_modules/body-parser iconv-lite@0.7.3 OK for: body-parser@2.3.0 want: ^0.7.2
1547 silly placeDep ROOT raw-body@3.0.2 OK for: body-parser@2.3.0 want: ^3.0.2
1548 silly fetch manifest unpipe@~1.0.0
1549 silly packumentCache full:https://registry.npmjs.org/unpipe cache-miss
1550 silly fetch manifest iconv-lite@~0.7.0
1551 silly packumentCache full:https://registry.npmjs.org/iconv-lite cache-hit
1552 http fetch GET 200 https://registry.npmjs.org/unpipe 27ms (cache miss)
1553 silly packumentCache full:https://registry.npmjs.org/unpipe set size:undefined disposed:false
1554 silly placeDep ROOT ms@2.1.3 OK for: debug@4.4.3 want: ^2.1.3
1555 silly placeDep ROOT inherits@2.0.4 OK for: http-errors@2.0.1 want: ~2.0.4
1556 silly placeDep ROOT setprototypeof@1.2.0 OK for: http-errors@2.0.1 want: ~1.2.0
1557 silly placeDep ROOT toidentifier@1.0.1 OK for: http-errors@2.0.1 want: ~1.0.1
1558 silly placeDep ROOT safer-buffer@2.1.2 OK for: iconv-lite@0.6.3 want: >= 2.1.2 < 3.0.0
1559 silly placeDep ROOT jws@4.0.1 OK for: jsonwebtoken@9.0.3 want: ^4.0.1
1560 silly placeDep ROOT lodash.includes@4.3.0 OK for: jsonwebtoken@9.0.3 want: ^4.3.0
1561 silly placeDep ROOT lodash.isboolean@3.0.3 OK for: jsonwebtoken@9.0.3 want: ^3.0.3
1562 silly placeDep ROOT lodash.isinteger@4.0.4 OK for: jsonwebtoken@9.0.3 want: ^4.0.4
1563 silly placeDep ROOT lodash.isnumber@3.0.3 OK for: jsonwebtoken@9.0.3 want: ^3.0.3
1564 silly placeDep ROOT lodash.isplainobject@4.0.6 OK for: jsonwebtoken@9.0.3 want: ^4.0.6
1565 silly placeDep ROOT lodash.isstring@4.0.1 OK for: jsonwebtoken@9.0.3 want: ^4.0.1
1566 silly placeDep ROOT lodash.once@4.1.1 OK for: jsonwebtoken@9.0.3 want: ^4.0.0
1567 silly placeDep ROOT semver@7.8.5 OK for: jsonwebtoken@9.0.3 want: ^7.5.4
1568 silly fetch manifest jwa@^2.0.1
1569 silly packumentCache full:https://registry.npmjs.org/jwa cache-miss
1570 silly fetch manifest safe-buffer@^5.0.1
1571 silly packumentCache full:https://registry.npmjs.org/safe-buffer cache-miss
1572 http fetch GET 200 https://registry.npmjs.org/safe-buffer 37ms (cache miss)
1573 silly packumentCache full:https://registry.npmjs.org/safe-buffer set size:undefined disposed:false
1574 http fetch GET 200 https://registry.npmjs.org/jwa 59ms (cache miss)
1575 silly packumentCache full:https://registry.npmjs.org/jwa set size:undefined disposed:false
1576 silly placeDep ROOT jwa@2.0.1 OK for: jws@4.0.1 want: ^2.0.1
1577 silly placeDep ROOT safe-buffer@5.2.1 OK for: jws@4.0.1 want: ^5.0.1
1578 silly fetch manifest ecdsa-sig-formatter@1.0.11
1579 silly packumentCache full:https://registry.npmjs.org/ecdsa-sig-formatter cache-miss
1580 silly fetch manifest buffer-equal-constant-time@^1.0.1
1581 silly packumentCache full:https://registry.npmjs.org/buffer-equal-constant-time cache-miss
1582 http fetch GET 200 https://registry.npmjs.org/buffer-equal-constant-time 262ms (cache miss)
1583 silly packumentCache full:https://registry.npmjs.org/buffer-equal-constant-time set size:undefined disposed:false
1584 http fetch GET 200 https://registry.npmjs.org/ecdsa-sig-formatter 310ms (cache miss)
1585 silly packumentCache full:https://registry.npmjs.org/ecdsa-sig-formatter set size:undefined disposed:false
1586 silly placeDep ROOT buffer-equal-constant-time@1.0.1 OK for: jwa@2.0.1 want: ^1.0.1
1587 silly placeDep ROOT ecdsa-sig-formatter@1.0.11 OK for: jwa@2.0.1 want: 1.0.11
1588 silly placeDep ROOT detect-libc@2.1.2 OK for: lightningcss@1.32.0 want: ^2.0.3
1589 silly placeDep ROOT lightningcss-android-arm64@1.32.0 OK for: lightningcss@1.32.0 want: 1.32.0
1590 silly placeDep ROOT lightningcss-darwin-arm64@1.32.0 OK for: lightningcss@1.32.0 want: 1.32.0
1591 silly placeDep ROOT lightningcss-darwin-x64@1.32.0 OK for: lightningcss@1.32.0 want: 1.32.0
1592 silly placeDep ROOT lightningcss-freebsd-x64@1.32.0 OK for: lightningcss@1.32.0 want: 1.32.0
1593 silly placeDep ROOT lightningcss-linux-arm-gnueabihf@1.32.0 OK for: lightningcss@1.32.0 want: 1.32.0
1594 silly placeDep ROOT lightningcss-linux-arm64-gnu@1.32.0 OK for: lightningcss@1.32.0 want: 1.32.0
1595 silly placeDep ROOT lightningcss-linux-arm64-musl@1.32.0 OK for: lightningcss@1.32.0 want: 1.32.0
1596 silly placeDep ROOT lightningcss-linux-x64-gnu@1.32.0 OK for: lightningcss@1.32.0 want: 1.32.0
1597 silly placeDep ROOT lightningcss-linux-x64-musl@1.32.0 OK for: lightningcss@1.32.0 want: 1.32.0
1598 silly placeDep ROOT lightningcss-win32-arm64-msvc@1.32.0 OK for: lightningcss@1.32.0 want: 1.32.0
1599 silly placeDep ROOT lightningcss-win32-x64-msvc@1.32.0 OK for: lightningcss@1.32.0 want: 1.32.0
1600 silly placeDep ROOT mime-db@1.54.0 OK for: mime-types@3.0.2 want: ^1.54.0
1601 silly placeDep ROOT append-field@1.0.0 OK for: multer@2.2.0 want: ^1.0.0
1602 silly placeDep ROOT busboy@1.6.0 OK for: multer@2.2.0 want: ^1.6.0
1603 silly placeDep ROOT concat-stream@2.0.0 OK for: multer@2.2.0 want: ^2.0.0
1604 silly placeDep node_modules/multer type-is@1.6.18 OK for: multer@2.2.0 want: ^1.6.18
1605 silly fetch manifest streamsearch@^1.1.0
1606 silly packumentCache full:https://registry.npmjs.org/streamsearch cache-miss
1607 silly fetch manifest buffer-from@^1.0.0
1608 silly packumentCache full:https://registry.npmjs.org/buffer-from cache-miss
1609 silly fetch manifest readable-stream@^3.0.2
1610 silly packumentCache full:https://registry.npmjs.org/readable-stream cache-miss
1611 silly fetch manifest typedarray@^0.0.6
1612 silly packumentCache full:https://registry.npmjs.org/typedarray cache-miss
1613 silly fetch manifest mime-types@~2.1.24
1614 silly packumentCache full:https://registry.npmjs.org/mime-types cache-miss
1615 silly fetch manifest media-typer@0.3.0
1616 silly packumentCache full:https://registry.npmjs.org/media-typer cache-miss
1617 http cache https://registry.npmjs.org/media-typer 8ms (cache hit)
1618 silly packumentCache full:https://registry.npmjs.org/media-typer set size:22074 disposed:false
1619 http cache https://registry.npmjs.org/mime-types 10ms (cache hit)
1620 silly packumentCache full:https://registry.npmjs.org/mime-types set size:139110 disposed:false
1621 http fetch GET 200 https://registry.npmjs.org/readable-stream 46ms (cache miss)
1622 silly packumentCache full:https://registry.npmjs.org/readable-stream set size:undefined disposed:false
1623 http fetch GET 200 https://registry.npmjs.org/streamsearch 266ms (cache miss)
1624 silly packumentCache full:https://registry.npmjs.org/streamsearch set size:undefined disposed:false
1625 http fetch GET 200 https://registry.npmjs.org/typedarray 267ms (cache miss)
1626 silly packumentCache full:https://registry.npmjs.org/typedarray set size:undefined disposed:false
1627 http fetch GET 200 https://registry.npmjs.org/buffer-from 299ms (cache miss)
1628 silly packumentCache full:https://registry.npmjs.org/buffer-from set size:undefined disposed:false
1629 silly placeDep ROOT streamsearch@1.1.0 OK for: busboy@1.6.0 want: ^1.1.0
1630 silly placeDep ROOT buffer-from@1.1.2 OK for: concat-stream@2.0.0 want: ^1.0.0
1631 silly placeDep ROOT readable-stream@3.6.2 OK for: concat-stream@2.0.0 want: ^3.0.2
1632 silly placeDep ROOT typedarray@0.0.6 OK for: concat-stream@2.0.0 want: ^0.0.6
1633 silly fetch manifest string_decoder@^1.1.1
1634 silly packumentCache full:https://registry.npmjs.org/string_decoder cache-miss
1635 silly fetch manifest util-deprecate@^1.0.1
1636 silly packumentCache full:https://registry.npmjs.org/util-deprecate cache-miss
1637 http fetch GET 200 https://registry.npmjs.org/string_decoder 42ms (cache miss)
1638 silly packumentCache full:https://registry.npmjs.org/string_decoder set size:undefined disposed:false
1639 http fetch GET 200 https://registry.npmjs.org/util-deprecate 273ms (cache miss)
1640 silly packumentCache full:https://registry.npmjs.org/util-deprecate set size:undefined disposed:false
1641 silly placeDep ROOT aws-ssl-profiles@1.1.2 OK for: mysql2@3.23.1 want: ^1.1.2
1642 silly placeDep ROOT denque@2.1.0 OK for: mysql2@3.23.1 want: ^2.1.0
1643 silly placeDep ROOT generate-function@2.3.1 OK for: mysql2@3.23.1 want: ^2.3.1
1644 silly placeDep node_modules/mysql2 iconv-lite@0.7.3 OK for: mysql2@3.23.1 want: ^0.7.2
1645 silly placeDep ROOT long@5.3.2 OK for: mysql2@3.23.1 want: ^5.3.2
1646 silly placeDep ROOT lru.min@1.1.4 OK for: mysql2@3.23.1 want: ^1.1.4
1647 silly placeDep ROOT named-placeholders@1.1.6 OK for: mysql2@3.23.1 want: ^1.1.6
1648 silly placeDep ROOT sql-escaper@1.5.1 OK for: mysql2@3.23.1 want: ^1.5.1
1649 silly fetch manifest is-property@^1.0.2
1650 silly packumentCache full:https://registry.npmjs.org/is-property cache-miss
1651 http fetch GET 200 https://registry.npmjs.org/is-property 356ms (cache miss)
1652 silly packumentCache full:https://registry.npmjs.org/is-property set size:undefined disposed:false
1653 silly placeDep ROOT is-property@1.0.2 OK for: generate-function@2.3.1 want: ^1.0.2
1654 silly placeDep ROOT chokidar@3.6.0 OK for: nodemon@3.1.14 want: ^3.5.2
1655 silly placeDep ROOT ignore-by-default@1.0.1 OK for: nodemon@3.1.14 want: ^1.0.1
1656 silly placeDep ROOT minimatch@10.2.5 OK for: nodemon@3.1.14 want: ^10.2.1
1657 silly placeDep ROOT pstree.remy@1.1.8 OK for: nodemon@3.1.14 want: ^1.1.8
1658 silly placeDep ROOT simple-update-notifier@2.0.0 OK for: nodemon@3.1.14 want: ^2.0.0
1659 silly placeDep node_modules/nodemon supports-color@5.5.0 OK for: nodemon@3.1.14 want: ^5.5.0
1660 silly placeDep ROOT touch@3.1.1 OK for: nodemon@3.1.14 want: ^3.1.0
1661 silly placeDep ROOT undefsafe@2.0.5 OK for: nodemon@3.1.14 want: ^2.0.5
1662 silly fetch manifest braces@~3.0.2
1663 silly packumentCache full:https://registry.npmjs.org/braces cache-miss
1664 silly fetch manifest is-glob@~4.0.1
1665 silly packumentCache full:https://registry.npmjs.org/is-glob cache-miss
1666 silly fetch manifest anymatch@~3.1.2
1667 silly packumentCache full:https://registry.npmjs.org/anymatch cache-miss
1668 silly fetch manifest readdirp@~3.6.0
1669 silly packumentCache full:https://registry.npmjs.org/readdirp cache-miss
1670 silly fetch manifest glob-parent@~5.1.2
1671 silly packumentCache full:https://registry.npmjs.org/glob-parent cache-miss
1672 silly fetch manifest is-binary-path@~2.1.0
1673 silly packumentCache full:https://registry.npmjs.org/is-binary-path cache-miss
1674 silly fetch manifest normalize-path@~3.0.0
1675 silly packumentCache full:https://registry.npmjs.org/normalize-path cache-miss
1676 http fetch GET 200 https://registry.npmjs.org/braces 39ms (cache miss)
1677 silly packumentCache full:https://registry.npmjs.org/braces set size:undefined disposed:false
1678 silly fetch manifest fsevents@~2.3.2
1679 silly packumentCache full:https://registry.npmjs.org/fsevents cache-miss
1680 http fetch GET 200 https://registry.npmjs.org/is-glob 43ms (cache miss)
1681 silly packumentCache full:https://registry.npmjs.org/is-glob set size:undefined disposed:false
1682 silly fetch manifest brace-expansion@^5.0.5
1683 silly packumentCache full:https://registry.npmjs.org/brace-expansion cache-miss
1684 http cache https://registry.npmjs.org/fsevents 6ms (cache hit)
1685 silly packumentCache full:https://registry.npmjs.org/fsevents set size:182472 disposed:false
1686 silly fetch manifest has-flag@^3.0.0
1687 silly packumentCache full:https://registry.npmjs.org/has-flag cache-miss
1688 http cache https://registry.npmjs.org/has-flag 3ms (cache hit)
1689 silly packumentCache full:https://registry.npmjs.org/has-flag set size:15180 disposed:false
1690 http fetch GET 200 https://registry.npmjs.org/brace-expansion 34ms (cache miss)
1691 silly packumentCache full:https://registry.npmjs.org/brace-expansion set size:undefined disposed:false
1692 http fetch GET 200 https://registry.npmjs.org/readdirp 82ms (cache miss)
1693 silly packumentCache full:https://registry.npmjs.org/readdirp set size:undefined disposed:false
1694 http fetch GET 200 https://registry.npmjs.org/anymatch 267ms (cache miss)
1695 silly packumentCache full:https://registry.npmjs.org/anymatch set size:undefined disposed:false
1696 http fetch GET 200 https://registry.npmjs.org/glob-parent 298ms (cache miss)
1697 silly packumentCache full:https://registry.npmjs.org/glob-parent set size:undefined disposed:false
1698 http fetch GET 200 https://registry.npmjs.org/is-binary-path 299ms (cache miss)
1699 silly packumentCache full:https://registry.npmjs.org/is-binary-path set size:undefined disposed:false
1700 http fetch GET 200 https://registry.npmjs.org/normalize-path 314ms (cache miss)
1701 silly packumentCache full:https://registry.npmjs.org/normalize-path set size:undefined disposed:false
1702 silly placeDep ROOT anymatch@3.1.3 OK for: chokidar@3.6.0 want: ~3.1.2
1703 silly placeDep ROOT braces@3.0.3 OK for: chokidar@3.6.0 want: ~3.0.2
1704 silly placeDep ROOT fsevents@2.3.3 OK for: chokidar@3.6.0 want: ~2.3.2
1705 silly placeDep ROOT glob-parent@5.1.2 OK for: chokidar@3.6.0 want: ~5.1.2
1706 silly placeDep ROOT is-binary-path@2.1.0 OK for: chokidar@3.6.0 want: ~2.1.0
1707 silly placeDep ROOT is-glob@4.0.3 OK for: chokidar@3.6.0 want: ~4.0.1
1708 silly placeDep ROOT normalize-path@3.0.0 OK for: chokidar@3.6.0 want: ~3.0.0
1709 silly placeDep ROOT readdirp@3.6.0 OK for: chokidar@3.6.0 want: ~3.6.0
1710 silly fetch manifest picomatch@^2.0.4
1711 silly packumentCache full:https://registry.npmjs.org/picomatch cache-miss
1712 silly fetch manifest normalize-path@^3.0.0
1713 silly packumentCache full:https://registry.npmjs.org/normalize-path cache-miss
1714 silly fetch manifest fill-range@^7.1.1
1715 silly packumentCache full:https://registry.npmjs.org/fill-range cache-miss
1716 silly fetch manifest is-glob@^4.0.1
1717 silly packumentCache full:https://registry.npmjs.org/is-glob cache-miss
1718 silly fetch manifest binary-extensions@^2.0.0
1719 silly packumentCache full:https://registry.npmjs.org/binary-extensions cache-miss
1720 silly fetch manifest is-extglob@^2.1.1
1721 silly packumentCache full:https://registry.npmjs.org/is-extglob cache-miss
1722 silly fetch manifest picomatch@^2.2.1
1723 silly packumentCache full:https://registry.npmjs.org/picomatch cache-miss
1724 http cache https://registry.npmjs.org/normalize-path 7ms (cache hit)
1725 silly packumentCache full:https://registry.npmjs.org/normalize-path set size:28713 disposed:false
1726 http cache https://registry.npmjs.org/is-glob 6ms (cache hit)
1727 silly packumentCache full:https://registry.npmjs.org/is-glob set size:40530 disposed:false
1728 http cache https://registry.npmjs.org/picomatch 11ms (cache hit)
1729 silly packumentCache full:https://registry.npmjs.org/picomatch set size:128942 disposed:false
1730 http cache https://registry.npmjs.org/picomatch 13ms (cache hit)
1731 silly packumentCache full:https://registry.npmjs.org/picomatch set size:128942 disposed:false
1732 silly packumentCache full:https://registry.npmjs.org/picomatch dispose
1733 http fetch GET 200 https://registry.npmjs.org/fill-range 38ms (cache miss)
1734 silly packumentCache full:https://registry.npmjs.org/fill-range set size:undefined disposed:false
1735 http fetch GET 200 https://registry.npmjs.org/is-extglob 74ms (cache miss)
1736 silly packumentCache full:https://registry.npmjs.org/is-extglob set size:undefined disposed:false
1737 http fetch GET 200 https://registry.npmjs.org/binary-extensions 271ms (cache miss)
1738 silly packumentCache full:https://registry.npmjs.org/binary-extensions set size:undefined disposed:false
1739 silly placeDep ROOT picomatch@2.3.2 OK for: anymatch@3.1.3 want: ^2.0.4
1740 silly placeDep ROOT fill-range@7.1.1 OK for: braces@3.0.3 want: ^7.1.1
1741 silly fetch manifest to-regex-range@^5.0.1
1742 silly packumentCache full:https://registry.npmjs.org/to-regex-range cache-miss
1743 http fetch GET 200 https://registry.npmjs.org/to-regex-range 44ms (cache miss)
1744 silly packumentCache full:https://registry.npmjs.org/to-regex-range set size:undefined disposed:false
1745 silly placeDep ROOT to-regex-range@5.0.1 OK for: fill-range@7.1.1 want: ^5.0.1
1746 silly fetch manifest is-number@^7.0.0
1747 silly packumentCache full:https://registry.npmjs.org/is-number cache-miss
1748 http fetch GET 200 https://registry.npmjs.org/is-number 296ms (cache miss)
1749 silly packumentCache full:https://registry.npmjs.org/is-number set size:undefined disposed:false
1750 silly placeDep ROOT binary-extensions@2.3.0 OK for: is-binary-path@2.1.0 want: ^2.0.0
1751 silly placeDep ROOT is-extglob@2.1.1 OK for: is-glob@4.0.3 want: ^2.1.1
1752 silly placeDep ROOT brace-expansion@5.0.8 OK for: minimatch@10.2.5 want: ^5.0.5
1753 silly fetch manifest balanced-match@^4.0.2
1754 silly packumentCache full:https://registry.npmjs.org/balanced-match cache-miss
1755 http fetch GET 200 https://registry.npmjs.org/balanced-match 38ms (cache miss)
1756 silly packumentCache full:https://registry.npmjs.org/balanced-match set size:undefined disposed:false
1757 silly placeDep ROOT balanced-match@4.0.4 OK for: brace-expansion@5.0.8 want: ^4.0.2
1758 silly placeDep ROOT ee-first@1.1.1 OK for: on-finished@2.4.1 want: 1.1.1
1759 silly placeDep ROOT wrappy@1.0.2 OK for: once@1.4.0 want: 1
1760 silly placeDep ROOT linebreak@1.1.0 OK for: pdfmake@0.3.11 want: ^1.1.0
1761 silly placeDep ROOT pdfkit@0.19.1 OK for: pdfmake@0.3.11 want: ^0.19.1
1762 silly placeDep ROOT xmldoc@2.0.3 OK for: pdfmake@0.3.11 want: ^2.0.3
1763 silly fetch manifest base64-js@0.0.8
1764 silly packumentCache full:https://registry.npmjs.org/base64-js cache-miss
1765 silly fetch manifest unicode-trie@^2.0.0
1766 silly packumentCache full:https://registry.npmjs.org/unicode-trie cache-miss
1767 silly fetch manifest @noble/ciphers@^1.0.0
1768 silly packumentCache full:https://registry.npmjs.org/@noble%2fciphers cache-miss
1769 silly fetch manifest @noble/hashes@^1.6.0
1770 silly packumentCache full:https://registry.npmjs.org/@noble%2fhashes cache-miss
1771 silly fetch manifest fontkit@^2.0.4
1772 silly packumentCache full:https://registry.npmjs.org/fontkit cache-miss
1773 silly fetch manifest js-md5@^0.8.3
1774 silly packumentCache full:https://registry.npmjs.org/js-md5 cache-miss
1775 silly fetch manifest png-js@^1.1.0
1776 silly packumentCache full:https://registry.npmjs.org/png-js cache-miss
1777 http fetch GET 200 https://registry.npmjs.org/@noble%2fciphers 248ms (cache miss)
1778 silly packumentCache full:https://registry.npmjs.org/@noble%2fciphers set size:undefined disposed:false
1779 silly fetch manifest sax@^1.4.3
1780 silly packumentCache full:https://registry.npmjs.org/sax cache-miss
1781 http fetch GET 200 https://registry.npmjs.org/png-js 273ms (cache miss)
1782 silly packumentCache full:https://registry.npmjs.org/png-js set size:undefined disposed:false
1783 http fetch GET 200 https://registry.npmjs.org/unicode-trie 280ms (cache miss)
1784 silly packumentCache full:https://registry.npmjs.org/unicode-trie set size:undefined disposed:false
1785 http fetch GET 200 https://registry.npmjs.org/fontkit 282ms (cache miss)
1786 silly packumentCache full:https://registry.npmjs.org/fontkit set size:undefined disposed:false
1787 http fetch GET 200 https://registry.npmjs.org/base64-js 287ms (cache miss)
1788 silly packumentCache full:https://registry.npmjs.org/base64-js set size:undefined disposed:false
1789 http fetch GET 200 https://registry.npmjs.org/js-md5 284ms (cache miss)
1790 silly packumentCache full:https://registry.npmjs.org/js-md5 set size:undefined disposed:false
1791 http fetch GET 200 https://registry.npmjs.org/@noble%2fhashes 293ms (cache miss)
1792 silly packumentCache full:https://registry.npmjs.org/@noble%2fhashes set size:undefined disposed:false
1793 http fetch GET 200 https://registry.npmjs.org/sax 274ms (cache miss)
1794 silly packumentCache full:https://registry.npmjs.org/sax set size:undefined disposed:false
1795 silly placeDep ROOT base64-js@0.0.8 OK for: linebreak@1.1.0 want: 0.0.8
1796 silly placeDep ROOT unicode-trie@2.0.0 OK for: linebreak@1.1.0 want: ^2.0.0
1797 silly fetch manifest pako@^0.2.5
1798 silly packumentCache full:https://registry.npmjs.org/pako cache-miss
1799 silly fetch manifest tiny-inflate@^1.0.0
1800 silly packumentCache full:https://registry.npmjs.org/tiny-inflate cache-miss
1801 http fetch GET 200 https://registry.npmjs.org/pako 41ms (cache miss)
1802 silly packumentCache full:https://registry.npmjs.org/pako set size:undefined disposed:false
1803 http fetch GET 200 https://registry.npmjs.org/tiny-inflate 43ms (cache miss)
1804 silly packumentCache full:https://registry.npmjs.org/tiny-inflate set size:undefined disposed:false
1805 silly placeDep ROOT @noble/ciphers@1.3.0 OK for: pdfkit@0.19.1 want: ^1.0.0
1806 silly placeDep ROOT @noble/hashes@1.8.0 OK for: pdfkit@0.19.1 want: ^1.6.0
1807 silly placeDep ROOT fontkit@2.0.4 OK for: pdfkit@0.19.1 want: ^2.0.4
1808 silly placeDep ROOT js-md5@0.8.3 OK for: pdfkit@0.19.1 want: ^0.8.3
1809 silly placeDep ROOT png-js@1.1.0 OK for: pdfkit@0.19.1 want: ^1.1.0
1810 silly fetch manifest @swc/helpers@^0.5.12
1811 silly packumentCache full:https://registry.npmjs.org/@swc%2fhelpers cache-miss
1812 silly fetch manifest brotli@^1.3.2
1813 silly packumentCache full:https://registry.npmjs.org/brotli cache-miss
1814 silly fetch manifest clone@^2.1.2
1815 silly packumentCache full:https://registry.npmjs.org/clone cache-miss
1816 silly fetch manifest dfa@^1.2.0
1817 silly packumentCache full:https://registry.npmjs.org/dfa cache-miss
1818 silly fetch manifest fast-deep-equal@^3.1.3
1819 silly packumentCache full:https://registry.npmjs.org/fast-deep-equal cache-miss
1820 silly fetch manifest restructure@^3.0.0
1821 silly packumentCache full:https://registry.npmjs.org/restructure cache-miss
1822 silly fetch manifest tiny-inflate@^1.0.3
1823 silly packumentCache full:https://registry.npmjs.org/tiny-inflate cache-miss
1824 http cache https://registry.npmjs.org/tiny-inflate 3ms (cache hit)
1825 silly packumentCache full:https://registry.npmjs.org/tiny-inflate set size:8031 disposed:false
1826 silly fetch manifest unicode-properties@^1.4.0
1827 silly packumentCache full:https://registry.npmjs.org/unicode-properties cache-miss
1828 http fetch GET 200 https://registry.npmjs.org/fast-deep-equal 50ms (cache miss)
1829 silly packumentCache full:https://registry.npmjs.org/fast-deep-equal set size:undefined disposed:false
1830 silly fetch manifest browserify-zlib@^0.2.0
1831 silly packumentCache full:https://registry.npmjs.org/browserify-zlib cache-miss
1832 http fetch GET 200 https://registry.npmjs.org/@swc%2fhelpers 83ms (cache miss)
1833 silly packumentCache full:https://registry.npmjs.org/@swc%2fhelpers set size:undefined disposed:false
1834 http fetch GET 200 https://registry.npmjs.org/restructure 265ms (cache miss)
1835 silly packumentCache full:https://registry.npmjs.org/restructure set size:undefined disposed:false
1836 http fetch GET 200 https://registry.npmjs.org/brotli 269ms (cache miss)
1837 silly packumentCache full:https://registry.npmjs.org/brotli set size:undefined disposed:false
1838 http fetch GET 200 https://registry.npmjs.org/unicode-properties 296ms (cache miss)
1839 silly packumentCache full:https://registry.npmjs.org/unicode-properties set size:undefined disposed:false
1840 http fetch GET 200 https://registry.npmjs.org/clone 306ms (cache miss)
1841 silly packumentCache full:https://registry.npmjs.org/clone set size:undefined disposed:false
1842 http fetch GET 200 https://registry.npmjs.org/dfa 307ms (cache miss)
1843 silly packumentCache full:https://registry.npmjs.org/dfa set size:undefined disposed:false
1844 http fetch GET 200 https://registry.npmjs.org/browserify-zlib 274ms (cache miss)
1845 silly packumentCache full:https://registry.npmjs.org/browserify-zlib set size:undefined disposed:false
1846 silly placeDep ROOT @swc/helpers@0.5.23 OK for: fontkit@2.0.4 want: ^0.5.12
1847 silly placeDep ROOT brotli@1.3.3 OK for: fontkit@2.0.4 want: ^1.3.2
1848 silly placeDep ROOT clone@2.1.2 OK for: fontkit@2.0.4 want: ^2.1.2
1849 silly placeDep ROOT dfa@1.2.0 OK for: fontkit@2.0.4 want: ^1.2.0
1850 silly placeDep ROOT fast-deep-equal@3.1.3 OK for: fontkit@2.0.4 want: ^3.1.3
1851 silly placeDep ROOT restructure@3.0.2 OK for: fontkit@2.0.4 want: ^3.0.0
1852 silly placeDep ROOT tiny-inflate@1.0.3 OK for: fontkit@2.0.4 want: ^1.0.3
1853 silly placeDep ROOT unicode-properties@1.4.1 OK for: fontkit@2.0.4 want: ^1.4.0
1854 silly fetch manifest base64-js@^1.1.2
1855 silly packumentCache full:https://registry.npmjs.org/base64-js cache-miss
1856 silly fetch manifest base64-js@^1.3.0
1857 silly packumentCache full:https://registry.npmjs.org/base64-js cache-miss
1858 http cache https://registry.npmjs.org/base64-js 2ms (cache hit)
1859 silly packumentCache full:https://registry.npmjs.org/base64-js set size:41270 disposed:false
1860 http cache https://registry.npmjs.org/base64-js 3ms (cache hit)
1861 silly packumentCache full:https://registry.npmjs.org/base64-js set size:41270 disposed:false
1862 silly packumentCache full:https://registry.npmjs.org/base64-js dispose
1863 silly placeDep node_modules/brotli base64-js@1.5.1 OK for: brotli@1.3.3 want: ^1.1.2
1864 silly placeDep ROOT browserify-zlib@0.2.0 OK for: png-js@1.1.0 want: ^0.2.0
1865 silly fetch manifest pako@~1.0.5
1866 silly packumentCache full:https://registry.npmjs.org/pako cache-miss
1867 http cache https://registry.npmjs.org/pako 3ms (cache hit)
1868 silly packumentCache full:https://registry.npmjs.org/pako set size:82149 disposed:false
1869 silly placeDep ROOT pako@1.0.11 OK for: browserify-zlib@0.2.0 want: ~1.0.5
1870 silly placeDep ROOT tinyqueue@2.0.3 OK for: polylabel@1.1.0 want: ^2.0.3
1871 silly placeDep ROOT nanoid@3.3.16 OK for: postcss@8.5.23 want: ^3.3.16
1872 silly placeDep ROOT forwarded@0.2.0 OK for: proxy-addr@2.0.7 want: 0.2.0
1873 silly placeDep ROOT ipaddr.js@1.9.1 OK for: proxy-addr@2.0.7 want: 1.9.1
1874 silly fetch manifest proxy-agent@>=8.0.1
1875 silly packumentCache full:https://registry.npmjs.org/proxy-agent cache-miss
1876 http fetch GET 200 https://registry.npmjs.org/proxy-agent 280ms (cache miss)
1877 silly packumentCache full:https://registry.npmjs.org/proxy-agent set size:undefined disposed:false
1878 silly fetch manifest yauzl@^2.10.0 || ^3.4.0
1879 silly packumentCache full:https://registry.npmjs.org/yauzl cache-miss
1880 http fetch GET 200 https://registry.npmjs.org/yauzl 272ms (cache miss)
1881 silly packumentCache full:https://registry.npmjs.org/yauzl set size:undefined disposed:false
1882 silly placeDep ROOT @puppeteer/browsers@3.0.6 OK for: puppeteer@25.4.0 want: 3.0.6
1883 silly placeDep ROOT chromium-bidi@17.0.2 OK for: puppeteer@25.4.0 want: 17.0.2
1884 silly placeDep ROOT devtools-protocol@0.0.1653615 OK for: chromium-bidi@17.0.2 want: *
1885 silly placeDep ROOT lilconfig@3.1.3 OK for: puppeteer@25.4.0 want: ^3.1.3
1886 silly placeDep ROOT puppeteer-core@25.4.0 OK for: puppeteer@25.4.0 want: 25.4.0
1887 silly placeDep ROOT typed-query-selector@2.12.2 OK for: puppeteer@25.4.0 want: ^2.12.2
1888 silly fetch manifest modern-tar@^0.7.6
1889 silly packumentCache full:https://registry.npmjs.org/modern-tar cache-miss
1890 silly fetch manifest yargs@^18.0.0
1891 silly packumentCache full:https://registry.npmjs.org/yargs cache-miss
1892 silly fetch manifest mitt@^3.0.1
1893 silly packumentCache full:https://registry.npmjs.org/mitt cache-miss
1894 silly fetch manifest zod@^3.24.1
1895 silly packumentCache full:https://registry.npmjs.org/zod cache-miss
1896 silly fetch manifest ws@^8.21.1
1897 silly packumentCache full:https://registry.npmjs.org/ws cache-miss
1898 silly fetch manifest webdriver-bidi-protocol@0.4.2
1899 silly packumentCache full:https://registry.npmjs.org/webdriver-bidi-protocol cache-miss
1900 http cache https://registry.npmjs.org/yargs 10ms (cache hit)
1901 silly packumentCache full:https://registry.npmjs.org/yargs set size:759965 disposed:false
1902 http fetch GET 200 https://registry.npmjs.org/ws 71ms (cache miss)
1903 silly packumentCache full:https://registry.npmjs.org/ws set size:undefined disposed:false
1904 http fetch GET 200 https://registry.npmjs.org/zod 150ms (cache miss)
1905 silly packumentCache full:https://registry.npmjs.org/zod set size:undefined disposed:false
1906 http fetch GET 200 https://registry.npmjs.org/webdriver-bidi-protocol 270ms (cache miss)
1907 silly packumentCache full:https://registry.npmjs.org/webdriver-bidi-protocol set size:undefined disposed:false
1908 http fetch GET 200 https://registry.npmjs.org/modern-tar 276ms (cache miss)
1909 silly packumentCache full:https://registry.npmjs.org/modern-tar set size:undefined disposed:false
1910 http fetch GET 200 https://registry.npmjs.org/mitt 294ms (cache miss)
1911 silly packumentCache full:https://registry.npmjs.org/mitt set size:undefined disposed:false
1912 silly placeDep ROOT modern-tar@0.7.7 OK for: @puppeteer/browsers@3.0.6 want: ^0.7.6
1913 silly placeDep node_modules/@puppeteer/browsers yargs@18.1.0 OK for: @puppeteer/browsers@3.0.6 want: ^18.0.0
1914 silly fetch manifest cliui@^9.0.1
1915 silly packumentCache full:https://registry.npmjs.org/cliui cache-miss
1916 silly fetch manifest string-width@^8.2.1
1917 silly packumentCache full:https://registry.npmjs.org/string-width cache-miss
1918 silly fetch manifest yargs-parser@^22.0.0
1919 silly packumentCache full:https://registry.npmjs.org/yargs-parser cache-miss
1920 http cache https://registry.npmjs.org/string-width 4ms (cache hit)
1921 silly packumentCache full:https://registry.npmjs.org/string-width set size:72458 disposed:false
1922 http cache https://registry.npmjs.org/cliui 5ms (cache hit)
1923 silly packumentCache full:https://registry.npmjs.org/cliui set size:69089 disposed:false
1924 http cache https://registry.npmjs.org/yargs-parser 7ms (cache hit)
1925 silly packumentCache full:https://registry.npmjs.org/yargs-parser set size:238630 disposed:false
1926 silly placeDep ROOT mitt@3.0.1 OK for: chromium-bidi@17.0.2 want: ^3.0.1
1927 silly placeDep ROOT zod@3.25.76 OK for: chromium-bidi@17.0.2 want: ^3.24.1
1928 silly fetch manifest bufferutil@^4.0.1
1929 silly packumentCache full:https://registry.npmjs.org/bufferutil cache-miss
1930 http fetch GET 200 https://registry.npmjs.org/bufferutil 269ms (cache miss)
1931 silly packumentCache full:https://registry.npmjs.org/bufferutil set size:undefined disposed:false
1932 silly fetch manifest utf-8-validate@>=5.0.2
1933 silly packumentCache full:https://registry.npmjs.org/utf-8-validate cache-miss
1934 http fetch GET 200 https://registry.npmjs.org/utf-8-validate 48ms (cache miss)
1935 silly packumentCache full:https://registry.npmjs.org/utf-8-validate set size:undefined disposed:false
1936 silly placeDep ROOT webdriver-bidi-protocol@0.4.2 OK for: puppeteer-core@25.4.0 want: 0.4.2
1937 silly placeDep ROOT ws@8.21.1 OK for: puppeteer-core@25.4.0 want: ^8.21.1
1938 silly placeDep ROOT @types/debug@4.1.13 OK for: puppeteer-extra@3.3.6 want: ^4.1.0
1939 silly placeDep ROOT deepmerge@4.3.1 OK for: puppeteer-extra@3.3.6 want: ^4.2.2
1940 silly fetch manifest @types/ms@*
1941 silly packumentCache full:https://registry.npmjs.org/@types%2fms cache-miss
1942 http fetch GET 200 https://registry.npmjs.org/@types%2fms 506ms (cache miss)
1943 silly packumentCache full:https://registry.npmjs.org/@types%2fms set size:undefined disposed:false
1944 silly placeDep ROOT @types/ms@2.1.0 OK for: @types/debug@4.1.13 want: *
1945 silly fetch manifest puppeteer-extra@*
1946 silly packumentCache full:https://registry.npmjs.org/puppeteer-extra cache-miss
1947 http cache https://registry.npmjs.org/puppeteer-extra 6ms (cache hit)
1948 silly packumentCache full:https://registry.npmjs.org/puppeteer-extra set size:337548 disposed:false
1949 silly fetch manifest puppeteer@*
1950 silly packumentCache full:https://registry.npmjs.org/puppeteer cache-miss
1951 http cache https://registry.npmjs.org/puppeteer 11ms (cache hit)
1952 silly packumentCache full:https://registry.npmjs.org/puppeteer set size:4053290 disposed:false
1953 silly placeDep ROOT puppeteer-extra-plugin@3.2.3 OK for: puppeteer-extra-plugin-stealth@2.11.2 want: ^3.2.3
1954 silly placeDep ROOT puppeteer-extra-plugin-user-preferences@2.4.1 OK for: puppeteer-extra-plugin-stealth@2.11.2 want: ^2.4.1
1955 silly fetch manifest merge-deep@^3.0.1
1956 silly packumentCache full:https://registry.npmjs.org/merge-deep cache-miss
1957 silly fetch manifest puppeteer-extra-plugin-user-data-dir@^2.4.1
1958 silly packumentCache full:https://registry.npmjs.org/puppeteer-extra-plugin-user-data-dir cache-miss
1959 http fetch GET 200 https://registry.npmjs.org/puppeteer-extra-plugin-user-data-dir 286ms (cache miss)
1960 silly packumentCache full:https://registry.npmjs.org/puppeteer-extra-plugin-user-data-dir set size:undefined disposed:false
1961 http fetch GET 200 https://registry.npmjs.org/merge-deep 300ms (cache miss)
1962 silly packumentCache full:https://registry.npmjs.org/merge-deep set size:undefined disposed:false
1963 silly placeDep ROOT merge-deep@3.0.3 OK for: puppeteer-extra-plugin@3.2.3 want: ^3.0.1
1964 silly fetch manifest arr-union@^3.1.0
1965 silly packumentCache full:https://registry.npmjs.org/arr-union cache-miss
1966 silly fetch manifest clone-deep@^0.2.4
1967 silly packumentCache full:https://registry.npmjs.org/clone-deep cache-miss
1968 silly fetch manifest kind-of@^3.0.2
1969 silly packumentCache full:https://registry.npmjs.org/kind-of cache-miss
1970 http fetch GET 200 https://registry.npmjs.org/arr-union 264ms (cache miss)
1971 silly packumentCache full:https://registry.npmjs.org/arr-union set size:undefined disposed:false
1972 http fetch GET 200 https://registry.npmjs.org/clone-deep 264ms (cache miss)
1973 silly packumentCache full:https://registry.npmjs.org/clone-deep set size:undefined disposed:false
1974 http fetch GET 200 https://registry.npmjs.org/kind-of 272ms (cache miss)
1975 silly packumentCache full:https://registry.npmjs.org/kind-of set size:undefined disposed:false
1976 silly placeDep ROOT arr-union@3.1.0 OK for: merge-deep@3.0.3 want: ^3.1.0
1977 silly placeDep ROOT clone-deep@0.2.4 OK for: merge-deep@3.0.3 want: ^0.2.4
1978 silly placeDep ROOT kind-of@3.2.2 OK for: merge-deep@3.0.3 want: ^3.0.2
1979 silly fetch manifest for-own@^0.1.3
1980 silly packumentCache full:https://registry.npmjs.org/for-own cache-miss
1981 silly fetch manifest is-plain-object@^2.0.1
1982 silly packumentCache full:https://registry.npmjs.org/is-plain-object cache-miss
1983 silly fetch manifest lazy-cache@^1.0.3
1984 silly packumentCache full:https://registry.npmjs.org/lazy-cache cache-miss
1985 silly fetch manifest shallow-clone@^0.1.2
1986 silly packumentCache full:https://registry.npmjs.org/shallow-clone cache-miss
1987 silly fetch manifest is-buffer@^1.1.5
1988 silly packumentCache full:https://registry.npmjs.org/is-buffer cache-miss
1989 http fetch GET 200 https://registry.npmjs.org/lazy-cache 261ms (cache miss)
1990 silly packumentCache full:https://registry.npmjs.org/lazy-cache set size:undefined disposed:false
1991 http fetch GET 200 https://registry.npmjs.org/is-buffer 269ms (cache miss)
1992 silly packumentCache full:https://registry.npmjs.org/is-buffer set size:undefined disposed:false
1993 http fetch GET 200 https://registry.npmjs.org/for-own 277ms (cache miss)
1994 silly packumentCache full:https://registry.npmjs.org/for-own set size:undefined disposed:false
1995 http fetch GET 200 https://registry.npmjs.org/is-plain-object 282ms (cache miss)
1996 silly packumentCache full:https://registry.npmjs.org/is-plain-object set size:undefined disposed:false
1997 http fetch GET 200 https://registry.npmjs.org/shallow-clone 741ms (cache miss)
1998 silly packumentCache full:https://registry.npmjs.org/shallow-clone set size:undefined disposed:false
1999 silly placeDep ROOT for-own@0.1.5 OK for: clone-deep@0.2.4 want: ^0.1.3
2000 silly placeDep ROOT is-plain-object@2.0.4 OK for: clone-deep@0.2.4 want: ^2.0.1
2001 silly placeDep ROOT lazy-cache@1.0.4 OK for: clone-deep@0.2.4 want: ^1.0.3
2002 silly placeDep ROOT shallow-clone@0.1.2 OK for: clone-deep@0.2.4 want: ^0.1.2
2003 silly fetch manifest for-in@^1.0.1
2004 silly packumentCache full:https://registry.npmjs.org/for-in cache-miss
2005 silly fetch manifest isobject@^3.0.1
2006 silly packumentCache full:https://registry.npmjs.org/isobject cache-miss
2007 silly fetch manifest is-extendable@^0.1.1
2008 silly packumentCache full:https://registry.npmjs.org/is-extendable cache-miss
2009 silly fetch manifest kind-of@^2.0.1
2010 silly packumentCache full:https://registry.npmjs.org/kind-of cache-miss
2011 silly fetch manifest lazy-cache@^0.2.3
2012 silly packumentCache full:https://registry.npmjs.org/lazy-cache cache-miss
2013 silly fetch manifest mixin-object@^2.0.1
2014 silly packumentCache full:https://registry.npmjs.org/mixin-object cache-miss
2015 http cache https://registry.npmjs.org/kind-of 10ms (cache hit)
2016 silly packumentCache full:https://registry.npmjs.org/kind-of set size:70901 disposed:false
2017 http cache https://registry.npmjs.org/lazy-cache 10ms (cache hit)
2018 silly packumentCache full:https://registry.npmjs.org/lazy-cache set size:36202 disposed:false
2019 http fetch GET 200 https://registry.npmjs.org/isobject 272ms (cache miss)
2020 silly packumentCache full:https://registry.npmjs.org/isobject set size:undefined disposed:false
2021 http fetch GET 200 https://registry.npmjs.org/mixin-object 272ms (cache miss)
2022 silly packumentCache full:https://registry.npmjs.org/mixin-object set size:undefined disposed:false
2023 http fetch GET 200 https://registry.npmjs.org/is-extendable 274ms (cache miss)
2024 silly packumentCache full:https://registry.npmjs.org/is-extendable set size:undefined disposed:false
2025 http fetch GET 200 https://registry.npmjs.org/for-in 276ms (cache miss)
2026 silly packumentCache full:https://registry.npmjs.org/for-in set size:undefined disposed:false
2027 silly placeDep ROOT for-in@1.0.2 OK for: for-own@0.1.5 want: ^1.0.1
2028 silly placeDep ROOT isobject@3.0.1 OK for: is-plain-object@2.0.4 want: ^3.0.1
2029 silly placeDep ROOT is-buffer@1.1.6 OK for: kind-of@3.2.2 want: ^1.1.5
2030 silly placeDep ROOT puppeteer-extra-plugin-user-data-dir@2.4.1 OK for: puppeteer-extra-plugin-user-preferences@2.4.1 want: ^2.4.1
2031 silly fetch manifest fs-extra@^10.0.0
2032 silly packumentCache full:https://registry.npmjs.org/fs-extra cache-miss
2033 silly fetch manifest rimraf@^3.0.2
2034 silly packumentCache full:https://registry.npmjs.org/rimraf cache-miss
2035 http fetch GET 200 https://registry.npmjs.org/rimraf 51ms (cache miss)
2036 silly packumentCache full:https://registry.npmjs.org/rimraf set size:undefined disposed:false
2037 http fetch GET 200 https://registry.npmjs.org/fs-extra 282ms (cache miss)
2038 silly packumentCache full:https://registry.npmjs.org/fs-extra set size:undefined disposed:false
2039 silly placeDep ROOT fs-extra@10.1.0 OK for: puppeteer-extra-plugin-user-data-dir@2.4.1 want: ^10.0.0
2040 silly placeDep ROOT rimraf@3.0.2 OK for: puppeteer-extra-plugin-user-data-dir@2.4.1 want: ^3.0.2
2041 silly fetch manifest jsonfile@^6.0.1
2042 silly packumentCache full:https://registry.npmjs.org/jsonfile cache-miss
2043 silly fetch manifest universalify@^2.0.0
2044 silly packumentCache full:https://registry.npmjs.org/universalify cache-miss
2045 silly fetch manifest glob@^7.1.3
2046 silly packumentCache full:https://registry.npmjs.org/glob cache-miss
2047 http fetch GET 200 https://registry.npmjs.org/universalify 36ms (cache miss)
2048 silly packumentCache full:https://registry.npmjs.org/universalify set size:undefined disposed:false
2049 http fetch GET 200 https://registry.npmjs.org/glob 56ms (cache miss)
2050 silly packumentCache full:https://registry.npmjs.org/glob set size:undefined disposed:false
2051 http fetch GET 200 https://registry.npmjs.org/jsonfile 279ms (cache miss)
2052 silly packumentCache full:https://registry.npmjs.org/jsonfile set size:undefined disposed:false
2053 silly placeDep ROOT jsonfile@6.2.1 OK for: fs-extra@10.1.0 want: ^6.0.1
2054 silly placeDep ROOT universalify@2.0.1 OK for: fs-extra@10.1.0 want: ^2.0.0
2055 silly placeDep ROOT es-define-property@1.0.1 OK for: qs@6.15.3 want: ^1.0.1
2056 silly placeDep ROOT side-channel@1.1.1 OK for: qs@6.15.3 want: ^1.1.1
2057 silly fetch manifest es-errors@^1.3.0
2058 silly packumentCache full:https://registry.npmjs.org/es-errors cache-miss
2059 silly fetch manifest object-inspect@^1.13.4
2060 silly packumentCache full:https://registry.npmjs.org/object-inspect cache-miss
2061 silly fetch manifest side-channel-list@^1.0.1
2062 silly packumentCache full:https://registry.npmjs.org/side-channel-list cache-miss
2063 silly fetch manifest side-channel-map@^1.0.1
2064 silly packumentCache full:https://registry.npmjs.org/side-channel-map cache-miss
2065 silly fetch manifest side-channel-weakmap@^1.0.2
2066 silly packumentCache full:https://registry.npmjs.org/side-channel-weakmap cache-miss
2067 http fetch GET 200 https://registry.npmjs.org/side-channel-map 47ms (cache miss)
2068 silly packumentCache full:https://registry.npmjs.org/side-channel-map set size:undefined disposed:false
2069 http fetch GET 200 https://registry.npmjs.org/side-channel-list 48ms (cache miss)
2070 silly packumentCache full:https://registry.npmjs.org/side-channel-list set size:undefined disposed:false
2071 http fetch GET 200 https://registry.npmjs.org/side-channel-weakmap 48ms (cache miss)
2072 silly packumentCache full:https://registry.npmjs.org/side-channel-weakmap set size:undefined disposed:false
2073 http fetch GET 200 https://registry.npmjs.org/es-errors 51ms (cache miss)
2074 silly packumentCache full:https://registry.npmjs.org/es-errors set size:undefined disposed:false
2075 http fetch GET 200 https://registry.npmjs.org/object-inspect 267ms (cache miss)
2076 silly packumentCache full:https://registry.npmjs.org/object-inspect set size:undefined disposed:false
2077 silly placeDep node_modules/raw-body iconv-lite@0.7.3 OK for: raw-body@3.0.2 want: ~0.7.0
2078 silly placeDep ROOT unpipe@1.0.0 OK for: raw-body@3.0.2 want: ~1.0.0
2079 silly placeDep ROOT string_decoder@1.3.0 OK for: readable-stream@3.6.2 want: ^1.1.1
2080 silly placeDep ROOT util-deprecate@1.0.2 OK for: readable-stream@3.6.2 want: ^1.0.1
2081 silly placeDep ROOT glob@7.2.3 OK for: rimraf@3.0.2 want: ^7.1.3
2082 silly fetch manifest inflight@^1.0.4
2083 silly packumentCache full:https://registry.npmjs.org/inflight cache-miss
2084 silly fetch manifest minimatch@^3.1.1
2085 silly packumentCache full:https://registry.npmjs.org/minimatch cache-miss
2086 silly fetch manifest fs.realpath@^1.0.0
2087 silly packumentCache full:https://registry.npmjs.org/fs.realpath cache-miss
2088 silly fetch manifest path-is-absolute@^1.0.0
2089 silly packumentCache full:https://registry.npmjs.org/path-is-absolute cache-miss
2090 http cache https://registry.npmjs.org/minimatch 11ms (cache hit)
2091 silly packumentCache full:https://registry.npmjs.org/minimatch set size:375282 disposed:false
2092 http fetch GET 200 https://registry.npmjs.org/inflight 271ms (cache miss)
2093 silly packumentCache full:https://registry.npmjs.org/inflight set size:undefined disposed:false
2094 http fetch GET 200 https://registry.npmjs.org/fs.realpath 277ms (cache miss)
2095 silly packumentCache full:https://registry.npmjs.org/fs.realpath set size:undefined disposed:false
2096 http fetch GET 200 https://registry.npmjs.org/path-is-absolute 278ms (cache miss)
2097 silly packumentCache full:https://registry.npmjs.org/path-is-absolute set size:undefined disposed:false
2098 silly placeDep ROOT fs.realpath@1.0.0 OK for: glob@7.2.3 want: ^1.0.0
2099 silly placeDep ROOT inflight@1.0.6 OK for: glob@7.2.3 want: ^1.0.4
2100 silly placeDep node_modules/glob minimatch@3.1.5 OK for: glob@7.2.3 want: ^3.1.1
2101 silly placeDep ROOT path-is-absolute@1.0.1 OK for: glob@7.2.3 want: ^1.0.0
2102 silly fetch manifest brace-expansion@^1.1.7
2103 silly packumentCache full:https://registry.npmjs.org/brace-expansion cache-miss
2104 http cache https://registry.npmjs.org/brace-expansion 5ms (cache hit)
2105 silly packumentCache full:https://registry.npmjs.org/brace-expansion set size:83856 disposed:false
2106 silly placeDep ROOT is-promise@4.0.0 OK for: router@2.2.0 want: ^4.0.0
2107 silly placeDep ROOT path-to-regexp@8.4.2 OK for: router@2.2.0 want: ^8.0.0
2108 silly placeDep ROOT is-extendable@0.1.1 OK for: shallow-clone@0.1.2 want: ^0.1.1
2109 silly placeDep node_modules/shallow-clone kind-of@2.0.1 OK for: shallow-clone@0.1.2 want: ^2.0.1
2110 silly placeDep node_modules/shallow-clone lazy-cache@0.2.7 OK for: shallow-clone@0.1.2 want: ^0.2.3
2111 silly placeDep ROOT mixin-object@2.0.1 OK for: shallow-clone@0.1.2 want: ^2.0.1
2112 silly fetch manifest for-in@^0.1.3
2113 silly packumentCache full:https://registry.npmjs.org/for-in cache-miss
2114 http cache https://registry.npmjs.org/for-in 3ms (cache hit)
2115 silly packumentCache full:https://registry.npmjs.org/for-in set size:27557 disposed:false
2116 silly placeDep node_modules/mixin-object for-in@0.1.8 OK for: mixin-object@2.0.1 want: ^0.1.3
2117 silly placeDep ROOT es-errors@1.3.0 OK for: side-channel@1.1.1 want: ^1.3.0
2118 silly placeDep ROOT object-inspect@1.13.4 OK for: side-channel@1.1.1 want: ^1.13.4
2119 silly placeDep ROOT side-channel-list@1.0.1 OK for: side-channel@1.1.1 want: ^1.0.1
2120 silly placeDep ROOT side-channel-map@1.0.1 OK for: side-channel@1.1.1 want: ^1.0.1
2121 silly placeDep ROOT side-channel-weakmap@1.0.2 OK for: side-channel@1.1.1 want: ^1.0.2
2122 silly fetch manifest call-bound@^1.0.2
2123 silly packumentCache full:https://registry.npmjs.org/call-bound cache-miss
2124 silly fetch manifest get-intrinsic@^1.2.5
2125 silly packumentCache full:https://registry.npmjs.org/get-intrinsic cache-miss
2126 silly fetch manifest call-bound@^1.0.2
2127 silly packumentCache full:https://registry.npmjs.org/call-bound cache-miss
2128 silly fetch manifest get-intrinsic@^1.2.5
2129 silly packumentCache full:https://registry.npmjs.org/get-intrinsic cache-miss
2130 http fetch GET 200 https://registry.npmjs.org/get-intrinsic 37ms (cache miss)
2131 silly packumentCache full:https://registry.npmjs.org/get-intrinsic set size:undefined disposed:false
2132 http fetch GET 200 https://registry.npmjs.org/get-intrinsic 42ms (cache miss)
2133 silly packumentCache full:https://registry.npmjs.org/get-intrinsic set size:undefined disposed:false
2134 http fetch GET 200 https://registry.npmjs.org/call-bound 267ms (cache miss)
2135 silly packumentCache full:https://registry.npmjs.org/call-bound set size:undefined disposed:false
2136 http fetch GET 200 https://registry.npmjs.org/call-bound 270ms (cache miss)
2137 silly packumentCache full:https://registry.npmjs.org/call-bound set size:undefined disposed:false
2138 silly placeDep ROOT call-bound@1.0.4 OK for: side-channel-map@1.0.1 want: ^1.0.2
2139 silly placeDep ROOT get-intrinsic@1.3.0 OK for: side-channel-map@1.0.1 want: ^1.2.5
2140 silly fetch manifest call-bind-apply-helpers@^1.0.2
2141 silly packumentCache full:https://registry.npmjs.org/call-bind-apply-helpers cache-miss
2142 silly fetch manifest get-intrinsic@^1.3.0
2143 silly packumentCache full:https://registry.npmjs.org/get-intrinsic cache-miss
2144 silly fetch manifest gopd@^1.2.0
2145 silly packumentCache full:https://registry.npmjs.org/gopd cache-miss
2146 silly fetch manifest hasown@^2.0.2
2147 silly packumentCache full:https://registry.npmjs.org/hasown cache-miss
2148 silly fetch manifest get-proto@^1.0.1
2149 silly packumentCache full:https://registry.npmjs.org/get-proto cache-miss
2150 silly fetch manifest has-symbols@^1.1.0
2151 silly packumentCache full:https://registry.npmjs.org/has-symbols cache-miss
2152 silly fetch manifest function-bind@^1.1.2
2153 silly packumentCache full:https://registry.npmjs.org/function-bind cache-miss
2154 http cache https://registry.npmjs.org/get-intrinsic 11ms (cache hit)
2155 silly packumentCache full:https://registry.npmjs.org/get-intrinsic set size:60985 disposed:false
2156 silly fetch manifest es-object-atoms@^1.1.1
2157 silly packumentCache full:https://registry.npmjs.org/es-object-atoms cache-miss
2158 http fetch GET 200 https://registry.npmjs.org/call-bind-apply-helpers 38ms (cache miss)
2159 silly packumentCache full:https://registry.npmjs.org/call-bind-apply-helpers set size:undefined disposed:false
2160 silly fetch manifest math-intrinsics@^1.1.0
2161 silly packumentCache full:https://registry.npmjs.org/math-intrinsics cache-miss
2162 http fetch GET 200 https://registry.npmjs.org/function-bind 39ms (cache miss)
2163 silly packumentCache full:https://registry.npmjs.org/function-bind set size:undefined disposed:false
2164 http fetch GET 200 https://registry.npmjs.org/get-proto 41ms (cache miss)
2165 silly packumentCache full:https://registry.npmjs.org/get-proto set size:undefined disposed:false
2166 http fetch GET 200 https://registry.npmjs.org/es-object-atoms 48ms (cache miss)
2167 silly packumentCache full:https://registry.npmjs.org/es-object-atoms set size:undefined disposed:false
2168 http fetch GET 200 https://registry.npmjs.org/gopd 269ms (cache miss)
2169 silly packumentCache full:https://registry.npmjs.org/gopd set size:undefined disposed:false
2170 http fetch GET 200 https://registry.npmjs.org/hasown 283ms (cache miss)
2171 silly packumentCache full:https://registry.npmjs.org/hasown set size:undefined disposed:false
2172 http fetch GET 200 https://registry.npmjs.org/has-symbols 286ms (cache miss)
2173 silly packumentCache full:https://registry.npmjs.org/has-symbols set size:undefined disposed:false
2174 http fetch GET 200 https://registry.npmjs.org/math-intrinsics 268ms (cache miss)
2175 silly packumentCache full:https://registry.npmjs.org/math-intrinsics set size:undefined disposed:false
2176 silly placeDep ROOT call-bind-apply-helpers@1.0.2 OK for: call-bound@1.0.4 want: ^1.0.2
2177 silly placeDep ROOT function-bind@1.1.2 OK for: call-bind-apply-helpers@1.0.2 want: ^1.1.2
2178 silly placeDep ROOT es-object-atoms@1.1.2 OK for: get-intrinsic@1.3.0 want: ^1.1.1
2179 silly placeDep ROOT get-proto@1.0.1 OK for: get-intrinsic@1.3.0 want: ^1.0.1
2180 silly placeDep ROOT gopd@1.2.0 OK for: get-intrinsic@1.3.0 want: ^1.2.0
2181 silly placeDep ROOT has-symbols@1.1.0 OK for: get-intrinsic@1.3.0 want: ^1.1.0
2182 silly placeDep ROOT hasown@2.0.4 OK for: get-intrinsic@1.3.0 want: ^2.0.2
2183 silly placeDep ROOT math-intrinsics@1.1.0 OK for: get-intrinsic@1.3.0 want: ^1.1.0
2184 silly fetch manifest dunder-proto@^1.0.1
2185 silly packumentCache full:https://registry.npmjs.org/dunder-proto cache-miss
2186 http fetch GET 200 https://registry.npmjs.org/dunder-proto 30ms (cache miss)
2187 silly packumentCache full:https://registry.npmjs.org/dunder-proto set size:undefined disposed:false
2188 silly placeDep ROOT dunder-proto@1.0.1 OK for: get-proto@1.0.1 want: ^1.0.1
2189 silly placeDep ROOT has-flag@4.0.0 OK for: supports-color@8.1.1 want: ^4.0.0
2190 silly placeDep ROOT is-number@7.0.0 OK for: to-regex-range@5.0.1 want: ^7.0.0
2191 silly placeDep node_modules/type-is content-type@2.0.0 OK for: type-is@2.1.0 want: ^2.0.0
2192 silly placeDep ROOT media-typer@1.1.1 OK for: type-is@2.1.0 want: ^1.1.0
2193 silly placeDep node_modules/unicode-properties base64-js@1.5.1 OK for: unicode-properties@1.4.1 want: ^1.3.0
2194 silly placeDep node_modules/unicode-trie pako@0.2.9 OK for: unicode-trie@2.0.0 want: ^0.2.5
2195 silly placeDep ROOT escalade@3.2.0 OK for: update-browserslist-db@1.2.3 want: ^3.2.0
2196 silly placeDep node_modules/vite picomatch@4.0.5 OK for: vite@8.1.5 want: ^4.0.5
2197 silly placeDep ROOT rolldown@1.1.5 OK for: vite@8.1.5 want: ~1.1.5
2198 silly placeDep ROOT tinyglobby@0.2.17 OK for: vite@8.1.5 want: ^0.2.17
2199 silly fetch manifest @oxc-project/types@=0.139.0
2200 silly packumentCache full:https://registry.npmjs.org/@oxc-project%2ftypes cache-miss
2201 silly fetch manifest @rolldown/pluginutils@^1.0.0
2202 silly packumentCache full:https://registry.npmjs.org/@rolldown%2fpluginutils cache-miss
2203 silly fetch manifest @rolldown/binding-darwin-x64@1.1.5
2204 silly packumentCache full:https://registry.npmjs.org/@rolldown%2fbinding-darwin-x64 cache-miss
2205 silly fetch manifest @rolldown/binding-freebsd-x64@1.1.5
2206 silly packumentCache full:https://registry.npmjs.org/@rolldown%2fbinding-freebsd-x64 cache-miss
2207 silly fetch manifest @rolldown/binding-wasm32-wasi@1.1.5
2208 silly packumentCache full:https://registry.npmjs.org/@rolldown%2fbinding-wasm32-wasi cache-miss
2209 silly fetch manifest @rolldown/binding-darwin-arm64@1.1.5
2210 silly packumentCache full:https://registry.npmjs.org/@rolldown%2fbinding-darwin-arm64 cache-miss
2211 silly fetch manifest @rolldown/binding-android-arm64@1.1.5
2212 silly packumentCache full:https://registry.npmjs.org/@rolldown%2fbinding-android-arm64 cache-miss
2213 http fetch GET 200 https://registry.npmjs.org/@rolldown%2fbinding-android-arm64 66ms (cache miss)
2214 silly packumentCache full:https://registry.npmjs.org/@rolldown%2fbinding-android-arm64 set size:undefined disposed:false
2215 silly fetch manifest @rolldown/binding-linux-x64-gnu@1.1.5
2216 silly packumentCache full:https://registry.npmjs.org/@rolldown%2fbinding-linux-x64-gnu cache-miss
2217 http fetch GET 200 https://registry.npmjs.org/@oxc-project%2ftypes 71ms (cache miss)
2218 silly packumentCache full:https://registry.npmjs.org/@oxc-project%2ftypes set size:undefined disposed:false
2219 silly fetch manifest @rolldown/binding-linux-x64-musl@1.1.5
2220 silly packumentCache full:https://registry.npmjs.org/@rolldown%2fbinding-linux-x64-musl cache-miss
2221 http fetch GET 200 https://registry.npmjs.org/@rolldown%2fpluginutils 78ms (cache miss)
2222 silly packumentCache full:https://registry.npmjs.org/@rolldown%2fpluginutils set size:undefined disposed:false
2223 silly fetch manifest @rolldown/binding-win32-x64-msvc@1.1.5
2224 silly packumentCache full:https://registry.npmjs.org/@rolldown%2fbinding-win32-x64-msvc cache-miss
2225 http fetch GET 200 https://registry.npmjs.org/@rolldown%2fbinding-darwin-x64 92ms (cache miss)
2226 silly packumentCache full:https://registry.npmjs.org/@rolldown%2fbinding-darwin-x64 set size:undefined disposed:false
2227 silly fetch manifest @rolldown/binding-linux-arm64-gnu@1.1.5
2228 silly packumentCache full:https://registry.npmjs.org/@rolldown%2fbinding-linux-arm64-gnu cache-miss
2229 http fetch GET 200 https://registry.npmjs.org/@rolldown%2fbinding-freebsd-x64 110ms (cache miss)
2230 silly packumentCache full:https://registry.npmjs.org/@rolldown%2fbinding-freebsd-x64 set size:undefined disposed:false
2231 silly fetch manifest @rolldown/binding-linux-ppc64-gnu@1.1.5
2232 silly packumentCache full:https://registry.npmjs.org/@rolldown%2fbinding-linux-ppc64-gnu cache-miss
2233 http fetch GET 200 https://registry.npmjs.org/@rolldown%2fbinding-darwin-arm64 116ms (cache miss)
2234 silly packumentCache full:https://registry.npmjs.org/@rolldown%2fbinding-darwin-arm64 set size:undefined disposed:false
2235 silly fetch manifest @rolldown/binding-linux-s390x-gnu@1.1.5
2236 silly packumentCache full:https://registry.npmjs.org/@rolldown%2fbinding-linux-s390x-gnu cache-miss
2237 http fetch GET 200 https://registry.npmjs.org/@rolldown%2fbinding-linux-ppc64-gnu 45ms (cache miss)
2238 silly packumentCache full:https://registry.npmjs.org/@rolldown%2fbinding-linux-ppc64-gnu set size:undefined disposed:false
2239 silly fetch manifest @rolldown/binding-linux-arm64-musl@1.1.5
2240 silly packumentCache full:https://registry.npmjs.org/@rolldown%2fbinding-linux-arm64-musl cache-miss
2241 http fetch GET 200 https://registry.npmjs.org/@rolldown%2fbinding-linux-x64-gnu 99ms (cache miss)
2242 silly packumentCache full:https://registry.npmjs.org/@rolldown%2fbinding-linux-x64-gnu set size:undefined disposed:false
2243 silly fetch manifest @rolldown/binding-win32-arm64-msvc@1.1.5
2244 silly packumentCache full:https://registry.npmjs.org/@rolldown%2fbinding-win32-arm64-msvc cache-miss
2245 http fetch GET 200 https://registry.npmjs.org/@rolldown%2fbinding-linux-x64-musl 100ms (cache miss)
2246 silly packumentCache full:https://registry.npmjs.org/@rolldown%2fbinding-linux-x64-musl set size:undefined disposed:false
2247 silly fetch manifest @rolldown/binding-openharmony-arm64@1.1.5
2248 silly packumentCache full:https://registry.npmjs.org/@rolldown%2fbinding-openharmony-arm64 cache-miss
2249 http fetch GET 200 https://registry.npmjs.org/@rolldown%2fbinding-linux-s390x-gnu 65ms (cache miss)
2250 silly packumentCache full:https://registry.npmjs.org/@rolldown%2fbinding-linux-s390x-gnu set size:undefined disposed:false
2251 silly fetch manifest @rolldown/binding-linux-arm-gnueabihf@1.1.5
2252 silly packumentCache full:https://registry.npmjs.org/@rolldown%2fbinding-linux-arm-gnueabihf cache-miss
2253 http fetch GET 200 https://registry.npmjs.org/@rolldown%2fbinding-linux-arm64-gnu 100ms (cache miss)
2254 silly packumentCache full:https://registry.npmjs.org/@rolldown%2fbinding-linux-arm64-gnu set size:undefined disposed:false
2255 silly fetch manifest fdir@^6.5.0
2256 silly packumentCache full:https://registry.npmjs.org/fdir cache-miss
2257 http fetch GET 200 https://registry.npmjs.org/@rolldown%2fbinding-linux-arm-gnueabihf 99ms (cache miss)
2258 silly packumentCache full:https://registry.npmjs.org/@rolldown%2fbinding-linux-arm-gnueabihf set size:undefined disposed:false
2259 silly fetch manifest picomatch@^4.0.4
2260 silly packumentCache full:https://registry.npmjs.org/picomatch cache-hit
2261 http fetch GET 200 https://registry.npmjs.org/@rolldown%2fbinding-openharmony-arm64 280ms (cache miss)
2262 silly packumentCache full:https://registry.npmjs.org/@rolldown%2fbinding-openharmony-arm64 set size:undefined disposed:false
2263 http fetch GET 200 https://registry.npmjs.org/fdir 270ms (cache miss)
2264 silly packumentCache full:https://registry.npmjs.org/fdir set size:undefined disposed:false
2265 http fetch GET 200 https://registry.npmjs.org/@rolldown%2fbinding-linux-arm64-musl 339ms (cache miss)
2266 silly packumentCache full:https://registry.npmjs.org/@rolldown%2fbinding-linux-arm64-musl set size:undefined disposed:false
2267 http fetch GET 200 https://registry.npmjs.org/@rolldown%2fbinding-win32-arm64-msvc 348ms (cache miss)
2268 silly packumentCache full:https://registry.npmjs.org/@rolldown%2fbinding-win32-arm64-msvc set size:undefined disposed:false
2269 http fetch GET 200 https://registry.npmjs.org/@rolldown%2fbinding-wasm32-wasi 616ms (cache miss)
2270 silly packumentCache full:https://registry.npmjs.org/@rolldown%2fbinding-wasm32-wasi set size:undefined disposed:false
2271 http fetch GET 200 https://registry.npmjs.org/@rolldown%2fbinding-win32-x64-msvc 570ms (cache miss)
2272 silly packumentCache full:https://registry.npmjs.org/@rolldown%2fbinding-win32-x64-msvc set size:undefined disposed:false
2273 silly placeDep ROOT @oxc-project/types@0.139.0 OK for: rolldown@1.1.5 want: =0.139.0
2274 silly placeDep ROOT @rolldown/binding-android-arm64@1.1.5 OK for: rolldown@1.1.5 want: 1.1.5
2275 silly placeDep ROOT @rolldown/binding-darwin-arm64@1.1.5 OK for: rolldown@1.1.5 want: 1.1.5
2276 silly placeDep ROOT @rolldown/binding-darwin-x64@1.1.5 OK for: rolldown@1.1.5 want: 1.1.5
2277 silly placeDep ROOT @rolldown/binding-freebsd-x64@1.1.5 OK for: rolldown@1.1.5 want: 1.1.5
2278 silly placeDep ROOT @rolldown/binding-linux-arm-gnueabihf@1.1.5 OK for: rolldown@1.1.5 want: 1.1.5
2279 silly placeDep ROOT @rolldown/binding-linux-arm64-gnu@1.1.5 OK for: rolldown@1.1.5 want: 1.1.5
2280 silly placeDep ROOT @rolldown/binding-linux-arm64-musl@1.1.5 OK for: rolldown@1.1.5 want: 1.1.5
2281 silly placeDep ROOT @rolldown/binding-linux-ppc64-gnu@1.1.5 OK for: rolldown@1.1.5 want: 1.1.5
2282 silly placeDep ROOT @rolldown/binding-linux-s390x-gnu@1.1.5 OK for: rolldown@1.1.5 want: 1.1.5
2283 silly placeDep ROOT @rolldown/binding-linux-x64-gnu@1.1.5 OK for: rolldown@1.1.5 want: 1.1.5
2284 silly placeDep ROOT @rolldown/binding-linux-x64-musl@1.1.5 OK for: rolldown@1.1.5 want: 1.1.5
2285 silly placeDep ROOT @rolldown/binding-openharmony-arm64@1.1.5 OK for: rolldown@1.1.5 want: 1.1.5
2286 silly placeDep ROOT @rolldown/binding-wasm32-wasi@1.1.5 OK for: rolldown@1.1.5 want: 1.1.5
2287 silly placeDep ROOT @rolldown/binding-win32-arm64-msvc@1.1.5 OK for: rolldown@1.1.5 want: 1.1.5
2288 silly placeDep ROOT @rolldown/binding-win32-x64-msvc@1.1.5 OK for: rolldown@1.1.5 want: 1.1.5
2289 silly placeDep ROOT @rolldown/pluginutils@1.0.1 OK for: rolldown@1.1.5 want: ^1.0.0
2290 silly fetch manifest @emnapi/core@1.11.1
2291 silly packumentCache full:https://registry.npmjs.org/@emnapi%2fcore cache-miss
2292 silly fetch manifest @emnapi/runtime@1.11.1
2293 silly packumentCache full:https://registry.npmjs.org/@emnapi%2fruntime cache-miss
2294 silly fetch manifest @napi-rs/wasm-runtime@^1.1.6
2295 silly packumentCache full:https://registry.npmjs.org/@napi-rs%2fwasm-runtime cache-miss
2296 http fetch GET 200 https://registry.npmjs.org/@emnapi%2fruntime 47ms (cache miss)
2297 silly packumentCache full:https://registry.npmjs.org/@emnapi%2fruntime set size:undefined disposed:false
2298 http fetch GET 200 https://registry.npmjs.org/@emnapi%2fcore 63ms (cache miss)
2299 silly packumentCache full:https://registry.npmjs.org/@emnapi%2fcore set size:undefined disposed:false
2300 http fetch GET 200 https://registry.npmjs.org/@napi-rs%2fwasm-runtime 283ms (cache miss)
2301 silly packumentCache full:https://registry.npmjs.org/@napi-rs%2fwasm-runtime set size:undefined disposed:false
2302 silly placeDep ROOT @emnapi/core@1.11.1 OK for: @rolldown/binding-wasm32-wasi@1.1.5 want: 1.11.1
2303 silly placeDep ROOT @emnapi/runtime@1.11.1 OK for: @rolldown/binding-wasm32-wasi@1.1.5 want: 1.11.1
2304 silly placeDep ROOT @napi-rs/wasm-runtime@1.1.6 OK for: @rolldown/binding-wasm32-wasi@1.1.5 want: ^1.1.6
2305 silly fetch manifest @emnapi/wasi-threads@1.2.2
2306 silly packumentCache full:https://registry.npmjs.org/@emnapi%2fwasi-threads cache-miss
2307 silly fetch manifest @tybys/wasm-util@^0.10.3
2308 silly packumentCache full:https://registry.npmjs.org/@tybys%2fwasm-util cache-miss
2309 http fetch GET 200 https://registry.npmjs.org/@tybys%2fwasm-util 56ms (cache miss)
2310 silly packumentCache full:https://registry.npmjs.org/@tybys%2fwasm-util set size:undefined disposed:false
2311 http fetch GET 200 https://registry.npmjs.org/@emnapi%2fwasi-threads 522ms (cache miss)
2312 silly packumentCache full:https://registry.npmjs.org/@emnapi%2fwasi-threads set size:undefined disposed:false
2313 silly placeDep ROOT @emnapi/wasi-threads@1.2.2 OK for: @emnapi/core@1.11.1 want: 1.2.2
2314 silly placeDep ROOT @tybys/wasm-util@0.10.3 OK for: @napi-rs/wasm-runtime@1.1.6 want: ^0.10.3
2315 silly placeDep node_modules/tinyglobby fdir@6.5.0 OK for: tinyglobby@0.2.17 want: ^6.5.0
2316 silly placeDep node_modules/tinyglobby picomatch@4.0.5 OK for: fdir@6.5.0 want: ^3 || ^4
2317 silly placeDep ROOT adler-32@1.3.1 OK for: xlsx@0.18.5 want: ~1.3.0
2318 silly placeDep ROOT cfb@1.2.2 OK for: xlsx@0.18.5 want: ~1.2.1
2319 silly placeDep ROOT codepage@1.15.0 OK for: xlsx@0.18.5 want: ~1.15.0
2320 silly placeDep ROOT crc-32@1.2.2 OK for: xlsx@0.18.5 want: ~1.2.1
2321 silly placeDep ROOT ssf@0.11.2 OK for: xlsx@0.18.5 want: ~0.11.2
2322 silly placeDep ROOT wmf@1.0.2 OK for: xlsx@0.18.5 want: ~1.0.1
2323 silly placeDep ROOT word@0.3.0 OK for: xlsx@0.18.5 want: ~0.3.0
2324 silly fetch manifest crc-32@~1.2.0
2325 silly packumentCache full:https://registry.npmjs.org/crc-32 cache-miss
2326 silly fetch manifest frac@~1.1.2
2327 silly packumentCache full:https://registry.npmjs.org/frac cache-miss
2328 http cache https://registry.npmjs.org/crc-32 5ms (cache hit)
2329 silly packumentCache full:https://registry.npmjs.org/crc-32 set size:32170 disposed:false
2330 http fetch GET 200 https://registry.npmjs.org/frac 271ms (cache miss)
2331 silly packumentCache full:https://registry.npmjs.org/frac set size:undefined disposed:false
2332 silly placeDep ROOT frac@1.1.2 OK for: ssf@0.11.2 want: ~1.1.2
2333 silly placeDep ROOT sax@1.6.1 OK for: xmldoc@2.0.3 want: ^1.4.3
2334 silly placeDep ROOT cliui@8.0.1 OK for: yargs@17.7.2 want: ^8.0.1
2335 silly placeDep ROOT get-caller-file@2.0.5 OK for: yargs@17.7.2 want: ^2.0.5
2336 silly placeDep ROOT require-directory@2.1.1 OK for: yargs@17.7.2 want: ^2.1.1
2337 silly placeDep ROOT string-width@4.2.3 OK for: yargs@17.7.2 want: ^4.2.3
2338 silly placeDep ROOT y18n@5.0.8 OK for: yargs@17.7.2 want: ^5.0.5
2339 silly placeDep ROOT yargs-parser@21.1.1 OK for: yargs@17.7.2 want: ^21.1.1
2340 silly fetch manifest wrap-ansi@^7.0.0
2341 silly packumentCache full:https://registry.npmjs.org/wrap-ansi cache-miss
2342 silly fetch manifest strip-ansi@^6.0.1
2343 silly packumentCache full:https://registry.npmjs.org/strip-ansi cache-miss
2344 silly fetch manifest string-width@^4.2.0
2345 silly packumentCache full:https://registry.npmjs.org/string-width cache-hit
2346 silly fetch manifest strip-ansi@^6.0.1
2347 silly packumentCache full:https://registry.npmjs.org/strip-ansi cache-miss
2348 silly fetch manifest emoji-regex@^8.0.0
2349 silly packumentCache full:https://registry.npmjs.org/emoji-regex cache-miss
2350 silly fetch manifest is-fullwidth-code-point@^3.0.0
2351 silly packumentCache full:https://registry.npmjs.org/is-fullwidth-code-point cache-miss
2352 http fetch GET 200 https://registry.npmjs.org/is-fullwidth-code-point 44ms (cache miss)
2353 silly packumentCache full:https://registry.npmjs.org/is-fullwidth-code-point set size:undefined disposed:false
2354 http fetch GET 200 https://registry.npmjs.org/strip-ansi 47ms (cache miss)
2355 silly packumentCache full:https://registry.npmjs.org/strip-ansi set size:undefined disposed:false
2356 http fetch GET 200 https://registry.npmjs.org/wrap-ansi 264ms (cache miss)
2357 silly packumentCache full:https://registry.npmjs.org/wrap-ansi set size:undefined disposed:false
2358 http fetch GET 200 https://registry.npmjs.org/strip-ansi 270ms (cache miss)
2359 silly packumentCache full:https://registry.npmjs.org/strip-ansi set size:undefined disposed:false
2360 http fetch GET 200 https://registry.npmjs.org/emoji-regex 272ms (cache miss)
2361 silly packumentCache full:https://registry.npmjs.org/emoji-regex set size:undefined disposed:false
2362 silly placeDep ROOT strip-ansi@6.0.1 OK for: cliui@8.0.1 want: ^6.0.1
2363 silly placeDep ROOT wrap-ansi@7.0.0 OK for: cliui@8.0.1 want: ^7.0.0
2364 silly fetch manifest ansi-regex@^5.0.1
2365 silly packumentCache full:https://registry.npmjs.org/ansi-regex cache-miss
2366 http fetch GET 200 https://registry.npmjs.org/ansi-regex 272ms (cache miss)
2367 silly packumentCache full:https://registry.npmjs.org/ansi-regex set size:undefined disposed:false
2368 silly placeDep ROOT emoji-regex@8.0.0 OK for: string-width@4.2.3 want: ^8.0.0
2369 silly placeDep ROOT is-fullwidth-code-point@3.0.0 OK for: string-width@4.2.3 want: ^3.0.0
2370 silly placeDep ROOT ansi-regex@5.0.1 OK for: strip-ansi@6.0.1 want: ^5.0.1
2371 silly placeDep node_modules/@puppeteer/browsers cliui@9.0.1 OK for: yargs@18.1.0 want: ^9.0.1
2372 silly placeDep node_modules/@puppeteer/browsers string-width@8.2.2 OK for: yargs@18.1.0 want: ^8.2.1
2373 silly placeDep node_modules/@puppeteer/browsers yargs-parser@22.0.0 OK for: yargs@18.1.0 want: ^22.0.0
2374 silly fetch manifest string-width@^7.2.0
2375 silly packumentCache full:https://registry.npmjs.org/string-width cache-hit
2376 silly fetch manifest strip-ansi@^7.1.0
2377 silly packumentCache full:https://registry.npmjs.org/strip-ansi cache-miss
2378 silly fetch manifest wrap-ansi@^9.0.0
2379 silly packumentCache full:https://registry.npmjs.org/wrap-ansi cache-miss
2380 silly fetch manifest get-east-asian-width@^1.5.0
2381 silly packumentCache full:https://registry.npmjs.org/get-east-asian-width cache-miss
2382 silly fetch manifest strip-ansi@^7.1.2
2383 silly packumentCache full:https://registry.npmjs.org/strip-ansi cache-miss
2384 http cache https://registry.npmjs.org/strip-ansi 7ms (cache hit)
2385 silly packumentCache full:https://registry.npmjs.org/strip-ansi set size:44998 disposed:false
2386 http cache https://registry.npmjs.org/wrap-ansi 10ms (cache hit)
2387 silly packumentCache full:https://registry.npmjs.org/wrap-ansi set size:55299 disposed:false
2388 http cache https://registry.npmjs.org/strip-ansi 11ms (cache hit)
2389 silly packumentCache full:https://registry.npmjs.org/strip-ansi set size:44998 disposed:false
2390 silly packumentCache full:https://registry.npmjs.org/strip-ansi dispose
2391 http fetch GET 200 https://registry.npmjs.org/get-east-asian-width 266ms (cache miss)
2392 silly packumentCache full:https://registry.npmjs.org/get-east-asian-width set size:undefined disposed:false
2393 silly placeDep node_modules/@puppeteer/browsers/node_modules/cliui string-width@7.2.0 OK for: cliui@9.0.1 want: ^7.2.0
2394 silly placeDep node_modules/@puppeteer/browsers strip-ansi@7.2.0 OK for: cliui@9.0.1 want: ^7.1.0
2395 silly placeDep node_modules/@puppeteer/browsers wrap-ansi@9.0.2 OK for: cliui@9.0.1 want: ^9.0.0
2396 silly fetch manifest emoji-regex@^10.3.0
2397 silly packumentCache full:https://registry.npmjs.org/emoji-regex cache-miss
2398 silly fetch manifest get-east-asian-width@^1.0.0
2399 silly packumentCache full:https://registry.npmjs.org/get-east-asian-width cache-miss
2400 silly fetch manifest ansi-regex@^6.2.2
2401 silly packumentCache full:https://registry.npmjs.org/ansi-regex cache-miss
2402 silly fetch manifest ansi-styles@^6.2.1
2403 silly packumentCache full:https://registry.npmjs.org/ansi-styles cache-miss
2404 silly fetch manifest string-width@^7.0.0
2405 silly packumentCache full:https://registry.npmjs.org/string-width cache-hit
2406 http cache https://registry.npmjs.org/ansi-regex 6ms (cache hit)
2407 silly packumentCache full:https://registry.npmjs.org/ansi-regex set size:43572 disposed:false
2408 http cache https://registry.npmjs.org/get-east-asian-width 7ms (cache hit)
2409 silly packumentCache full:https://registry.npmjs.org/get-east-asian-width set size:20538 disposed:false
2410 http cache https://registry.npmjs.org/emoji-regex 7ms (cache hit)
2411 silly packumentCache full:https://registry.npmjs.org/emoji-regex set size:89064 disposed:false
2412 http cache https://registry.npmjs.org/ansi-styles 10ms (cache hit)
2413 silly packumentCache full:https://registry.npmjs.org/ansi-styles set size:71772 disposed:false
2414 silly placeDep ROOT get-east-asian-width@1.6.0 OK for: string-width@8.2.2 want: ^1.5.0
2415 silly placeDep node_modules/@puppeteer/browsers ansi-regex@6.2.2 OK for: strip-ansi@7.2.0 want: ^6.2.2
2416 silly placeDep node_modules/@puppeteer/browsers ansi-styles@6.2.3 OK for: wrap-ansi@9.0.2 want: ^6.2.1
2417 silly placeDep node_modules/@puppeteer/browsers/node_modules/wrap-ansi string-width@7.2.0 OK for: wrap-ansi@9.0.2 want: ^7.0.0
2418 silly placeDep node_modules/@types/d3-sankey @types/d3-path@1.0.11 OK for: @types/d3-shape@1.3.12 want: ^1
2419 silly placeDep node_modules/d3-sankey internmap@1.0.1 OK for: d3-array@2.12.1 want: ^1.0.0
2420 silly placeDep node_modules/d3-sankey d3-path@1.0.9 OK for: d3-shape@1.3.7 want: 1
2421 silly placeDep node_modules/d3-weighted-voronoi internmap@1.0.1 OK for: d3-array@2.12.1 want: ^1.0.0
2422 silly placeDep node_modules/glob brace-expansion@1.1.16 OK for: minimatch@3.1.5 want: ^1.1.7
2423 silly fetch manifest concat-map@0.0.1
2424 silly packumentCache full:https://registry.npmjs.org/concat-map cache-miss
2425 silly fetch manifest balanced-match@^1.0.0
2426 silly packumentCache full:https://registry.npmjs.org/balanced-match cache-miss
2427 http cache https://registry.npmjs.org/balanced-match 3ms (cache hit)
2428 silly packumentCache full:https://registry.npmjs.org/balanced-match set size:39082 disposed:false
2429 http fetch GET 200 https://registry.npmjs.org/concat-map 30ms (cache miss)
2430 silly packumentCache full:https://registry.npmjs.org/concat-map set size:undefined disposed:false
2431 silly placeDep node_modules/glob balanced-match@1.0.2 OK for: brace-expansion@1.1.16 want: ^1.0.0
2432 silly placeDep ROOT concat-map@0.0.1 OK for: brace-expansion@1.1.16 want: 0.0.1
2433 silly placeDep node_modules/multer media-typer@0.3.0 OK for: type-is@1.6.18 want: 0.3.0
2434 silly placeDep node_modules/multer mime-types@2.1.35 OK for: type-is@1.6.18 want: ~2.1.24
2435 silly fetch manifest mime-db@1.52.0
2436 silly packumentCache full:https://registry.npmjs.org/mime-db cache-miss
2437 http cache https://registry.npmjs.org/mime-db 4ms (cache hit)
2438 silly packumentCache full:https://registry.npmjs.org/mime-db set size:164953 disposed:false
2439 silly placeDep node_modules/multer mime-db@1.52.0 OK for: mime-types@2.1.35 want: 1.52.0
2440 silly placeDep node_modules/nodemon has-flag@3.0.0 OK for: supports-color@5.5.0 want: ^3.0.0
2441 silly placeDep node_modules/@puppeteer/browsers emoji-regex@10.6.0 OK for: string-width@7.2.0 want: ^10.3.0
2442 silly reify moves {}
2443 silly audit bulk request {
2443 silly audit   '@amcharts/amcharts5': [ '5.20.0' ],
2443 silly audit   '@tailwindcss/postcss': [ '4.3.3' ],
2443 silly audit   autoprefixer: [ '10.5.4' ],
2443 silly audit   postcss: [ '8.5.23' ],
2443 silly audit   concurrently: [ '9.2.4' ],
2443 silly audit   cors: [ '2.8.6' ],
2443 silly audit   dotenv: [ '17.4.2' ],
2443 silly audit   express: [ '5.2.1' ],
2443 silly audit   jsonwebtoken: [ '9.0.3' ],
2443 silly audit   multer: [ '2.2.0' ],
2443 silly audit   mysql2: [ '3.23.1' ],
2443 silly audit   '@types/node': [ '26.1.1' ],
2443 silly audit   'node-cron': [ '4.6.0' ],
2443 silly audit   nodemon: [ '3.1.14' ],
2443 silly audit   puppeteer: [ '25.4.0' ],
2443 silly audit   'puppeteer-extra': [ '3.3.6' ],
2443 silly audit   'puppeteer-extra-plugin-stealth': [ '2.11.2' ],
2443 silly audit   tailwindcss: [ '4.3.3' ],
2443 silly audit   vite: [ '8.1.5' ],
2443 silly audit   xlsx: [ '0.18.5' ],
2443 silly audit   '@types/d3': [ '7.4.3' ],
2443 silly audit   '@types/d3-chord': [ '3.0.6' ],
2443 silly audit   '@types/d3-hierarchy': [ '3.1.1' ],
2443 silly audit   '@types/d3-sankey': [ '0.11.2' ],
2443 silly audit   '@types/d3-shape': [ '3.1.8', '1.3.12' ],
2443 silly audit   '@types/geojson': [ '7946.0.16' ],
2443 silly audit   '@types/polylabel': [ '1.1.3' ],
2443 silly audit   '@types/svg-arc-to-cubic-bezier': [ '3.2.3' ],
2443 silly audit   d3: [ '7.9.0' ],
2443 silly audit   'd3-chord': [ '3.0.1' ],
2443 silly audit   'd3-force': [ '3.0.0' ],
2443 silly audit   'd3-geo': [ '3.1.1' ],
2443 silly audit   'd3-hierarchy': [ '3.1.2' ],
2443 silly audit   'd3-sankey': [ '0.12.3' ],
2443 silly audit   'd3-selection': [ '3.0.0' ],
2443 silly audit   'd3-shape': [ '3.2.0', '1.3.7' ],
2443 silly audit   'd3-transition': [ '3.0.1' ],
2443 silly audit   'd3-voronoi-treemap': [ '1.1.2' ],
2443 silly audit   flatpickr: [ '4.6.13' ],
2443 silly audit   markerjs2: [ '2.32.7' ],
2443 silly audit   pdfmake: [ '0.3.11' ],
2443 silly audit   polylabel: [ '1.1.0' ],
2443 silly audit   seedrandom: [ '3.0.5' ],
2443 silly audit   'svg-arc-to-cubic-bezier': [ '3.2.0' ],
2443 silly audit   tslib: [ '2.8.1' ],
2443 silly audit   '@alloc/quick-lru': [ '5.2.0' ],
2443 silly audit   '@tailwindcss/node': [ '4.3.3' ],
2443 silly audit   '@tailwindcss/oxide': [ '4.3.3' ],
2443 silly audit   '@jridgewell/remapping': [ '2.3.5' ],
2443 silly audit   'enhanced-resolve': [ '5.24.3' ],
2443 silly audit   jiti: [ '2.7.0' ],
2443 silly audit   lightningcss: [ '1.32.0' ],
2443 silly audit   'magic-string': [ '0.30.21' ],
2443 silly audit   'source-map-js': [ '1.2.1' ],
2443 silly audit   '@jridgewell/gen-mapping': [ '0.3.13' ],
2443 silly audit   '@jridgewell/trace-mapping': [ '0.3.31' ],
2443 silly audit   '@jridgewell/sourcemap-codec': [ '1.5.5' ],
2443 silly audit   '@jridgewell/resolve-uri': [ '3.1.2' ],
2443 silly audit   '@tailwindcss/oxide-android-arm64': [ '4.3.3' ],
2443 silly audit   '@tailwindcss/oxide-darwin-arm64': [ '4.3.3' ],
2443 silly audit   '@tailwindcss/oxide-darwin-x64': [ '4.3.3' ],
2443 silly audit   '@tailwindcss/oxide-freebsd-x64': [ '4.3.3' ],
2443 silly audit   '@tailwindcss/oxide-linux-arm-gnueabihf': [ '4.3.3' ],
2443 silly audit   '@tailwindcss/oxide-linux-arm64-gnu': [ '4.3.3' ],
2443 silly audit   '@tailwindcss/oxide-linux-arm64-musl': [ '4.3.3' ],
2443 silly audit   '@tailwindcss/oxide-linux-x64-gnu': [ '4.3.3' ],
2443 silly audit   '@tailwindcss/oxide-linux-x64-musl': [ '4.3.3' ],
2443 silly audit   '@tailwindcss/oxide-wasm32-wasi': [ '4.3.3' ],
2443 silly audit   '@tailwindcss/oxide-win32-arm64-msvc': [ '4.3.3' ],
2443 silly audit   '@tailwindcss/oxide-win32-x64-msvc': [ '4.3.3' ],
2443 silly audit   '@types/d3-array': [ '3.2.2' ],
2443 silly audit   '@types/d3-axis': [ '3.0.6' ],
2443 silly audit   '@types/d3-brush': [ '3.0.6' ],
2443 silly audit   '@types/d3-color': [ '3.1.3' ],
2443 silly audit   '@types/d3-contour': [ '3.0.6' ],
2443 silly audit   '@types/d3-delaunay': [ '6.0.4' ],
2443 silly audit   '@types/d3-dispatch': [ '3.0.7' ],
2443 silly audit   '@types/d3-drag': [ '3.0.7' ],
2443 silly audit   '@types/d3-dsv': [ '3.0.7' ],
2443 silly audit   '@types/d3-ease': [ '3.0.2' ],
2443 silly audit   '@types/d3-fetch': [ '3.0.7' ],
2443 silly audit   '@types/d3-force': [ '3.0.10' ],
2443 silly audit   '@types/d3-format': [ '3.0.4' ],
2443 silly audit   '@types/d3-geo': [ '3.1.0' ],
2443 silly audit   '@types/d3-interpolate': [ '3.0.4' ],
2443 silly audit   '@types/d3-path': [ '3.1.1', '1.0.11' ],
2443 silly audit   '@types/d3-polygon': [ '3.0.2' ],
2443 silly audit   '@types/d3-quadtree': [ '3.0.6' ],
2443 silly audit   '@types/d3-random': [ '3.0.4' ],
2443 silly audit   '@types/d3-scale': [ '4.0.9' ],
2443 silly audit   '@types/d3-scale-chromatic': [ '3.1.0' ],
2443 silly audit   '@types/d3-selection': [ '3.0.11' ],
2443 silly audit   '@types/d3-time': [ '3.0.4' ],
2443 silly audit   '@types/d3-time-format': [ '4.0.3' ],
2443 silly audit   '@types/d3-timer': [ '3.0.2' ],
2443 silly audit   '@types/d3-transition': [ '3.0.9' ],
2443 silly audit   '@types/d3-zoom': [ '3.0.8' ],
2443 silly audit   'undici-types': [ '8.3.0' ],
2443 silly audit   browserslist: [ '4.28.7' ],
2443 silly audit   'caniuse-lite': [ '1.0.30001806' ],
2443 silly audit   'fraction.js': [ '5.3.4' ],
2443 silly audit   picocolors: [ '1.1.1' ],
2443 silly audit   'postcss-value-parser': [ '4.2.0' ],
2443 silly audit   'baseline-browser-mapping': [ '2.11.4' ],
2443 silly audit   'electron-to-chromium': [ '1.5.396' ],
2443 silly audit   'node-releases': [ '2.0.51' ],
2443 silly audit   'update-browserslist-db': [ '1.2.3' ],
2443 silly audit   chalk: [ '4.1.2' ],
2443 silly audit   rxjs: [ '7.8.2' ],
2443 silly audit   'shell-quote': [ '1.9.0' ],
2443 silly audit   'supports-color': [ '8.1.1', '7.2.0', '5.5.0' ],
2443 silly audit   'tree-kill': [ '1.2.2' ],
2443 silly audit   yargs: [ '17.7.2', '18.1.0' ],
2443 silly audit   'ansi-styles': [ '4.3.0', '6.2.3' ],
2443 silly audit   'color-convert': [ '2.0.1' ],
2443 silly audit   'color-name': [ '1.1.4' ],
2443 silly audit   'object-assign': [ '4.1.1' ],
2443 silly audit   vary: [ '1.1.2' ],
2443 silly audit   'd3-array': [ '3.2.4', '2.12.1' ],
2443 silly audit   'd3-axis': [ '3.0.0' ],
2443 silly audit   'd3-brush': [ '3.0.0' ],
2443 silly audit   'd3-color': [ '3.1.0' ],
2443 silly audit   'd3-contour': [ '4.0.2' ],
2443 silly audit   'd3-delaunay': [ '6.0.4' ],
2443 silly audit   'd3-dispatch': [ '3.0.1', '2.0.0' ],
2443 silly audit   'd3-drag': [ '3.0.0' ],
2443 silly audit   'd3-dsv': [ '3.0.1' ],
2443 silly audit   'd3-ease': [ '3.0.1' ],
2443 silly audit   'd3-fetch': [ '3.0.1' ],
2443 silly audit   'd3-format': [ '3.1.2' ],
2443 silly audit   'd3-interpolate': [ '3.0.1' ],
2443 silly audit   'd3-path': [ '3.1.0', '1.0.9' ],
2443 silly audit   'd3-polygon': [ '3.0.1', '2.0.0' ],
2443 silly audit   'd3-quadtree': [ '3.0.1' ],
2443 silly audit   'd3-random': [ '3.0.1' ],
2443 silly audit   'd3-scale': [ '4.0.2' ],
2443 silly audit   'd3-scale-chromatic': [ '3.1.0' ],
2443 silly audit   'd3-time': [ '3.1.0' ],
2443 silly audit   'd3-time-format': [ '4.1.0' ],
2443 silly audit   'd3-timer': [ '3.0.1', '2.0.0' ],
2443 silly audit   'd3-zoom': [ '3.0.0' ],
2443 silly audit   internmap: [ '2.0.3', '1.0.1' ],
2443 silly audit   delaunator: [ '5.1.0' ],
2443 silly audit   commander: [ '7.2.0' ],
2443 silly audit   'iconv-lite': [ '0.6.3', '0.7.3' ],
2443 silly audit   rw: [ '1.3.3' ],
2443 silly audit   'd3-voronoi-map': [ '2.1.1' ],
2443 silly audit   'd3-weighted-voronoi': [ '1.1.3' ],
2443 silly audit   'robust-predicates': [ '3.0.3' ],
2443 silly audit   'graceful-fs': [ '4.2.11' ],
2443 silly audit   tapable: [ '2.3.3' ],
2443 silly audit   accepts: [ '2.0.0' ],
2443 silly audit   'body-parser': [ '2.3.0' ],
2443 silly audit   'content-disposition': [ '1.1.0' ],
2443 silly audit   'content-type': [ '1.0.5', '2.0.0' ],
2443 silly audit   cookie: [ '0.7.2' ],
2443 silly audit   'cookie-signature': [ '1.2.2' ],
2443 silly audit   debug: [ '4.4.3' ],
2443 silly audit   depd: [ '2.0.0' ],
2443 silly audit   encodeurl: [ '2.0.0' ],
2443 silly audit   'escape-html': [ '1.0.3' ],
2443 silly audit   etag: [ '1.8.1' ],
2443 silly audit   finalhandler: [ '2.1.1' ],
2443 silly audit   fresh: [ '2.0.0' ],
2443 silly audit   'http-errors': [ '2.0.1' ],
2443 silly audit   'merge-descriptors': [ '2.0.0' ],
2443 silly audit   'mime-types': [ '3.0.2', '2.1.35' ],
2443 silly audit   'on-finished': [ '2.4.1' ],
2443 silly audit   once: [ '1.4.0' ],
2443 silly audit   parseurl: [ '1.3.3' ],
2443 silly audit   'proxy-addr': [ '2.0.7' ],
2443 silly audit   qs: [ '6.15.3' ],
2443 silly audit   'range-parser': [ '1.3.0' ],
2443 silly audit   router: [ '2.2.0' ],
2443 silly audit   send: [ '1.2.1' ],
2443 silly audit   'serve-static': [ '2.2.1' ],
2443 silly audit   statuses: [ '2.0.2' ],
2443 silly audit   'type-is': [ '2.1.0', '1.6.18' ],
2443 silly audit   negotiator: [ '1.0.0' ],
2443 silly audit   bytes: [ '3.1.2' ],
2443 silly audit   'raw-body': [ '3.0.2' ],
2443 silly audit   ms: [ '2.1.3' ],
2443 silly audit   inherits: [ '2.0.4' ],
2443 silly audit   setprototypeof: [ '1.2.0' ],
2443 silly audit   toidentifier: [ '1.0.1' ],
2443 silly audit   'safer-buffer': [ '2.1.2' ],
2443 silly audit   jws: [ '4.0.1' ],
2443 silly audit   'lodash.includes': [ '4.3.0' ],
2443 silly audit   'lodash.isboolean': [ '3.0.3' ],
2443 silly audit   'lodash.isinteger': [ '4.0.4' ],
2443 silly audit   'lodash.isnumber': [ '3.0.3' ],
2443 silly audit   'lodash.isplainobject': [ '4.0.6' ],
2443 silly audit   'lodash.isstring': [ '4.0.1' ],
2443 silly audit   'lodash.once': [ '4.1.1' ],
2443 silly audit   semver: [ '7.8.5' ],
2443 silly audit   jwa: [ '2.0.1' ],
2443 silly audit   'safe-buffer': [ '5.2.1' ],
2443 silly audit   'buffer-equal-constant-time': [ '1.0.1' ],
2443 silly audit   'ecdsa-sig-formatter': [ '1.0.11' ],
2443 silly audit   'detect-libc': [ '2.1.2' ],
2443 silly audit   'lightningcss-android-arm64': [ '1.32.0' ],
2443 silly audit   'lightningcss-darwin-arm64': [ '1.32.0' ],
2443 silly audit   'lightningcss-darwin-x64': [ '1.32.0' ],
2443 silly audit   'lightningcss-freebsd-x64': [ '1.32.0' ],
2443 silly audit   'lightningcss-linux-arm-gnueabihf': [ '1.32.0' ],
2443 silly audit   'lightningcss-linux-arm64-gnu': [ '1.32.0' ],
2443 silly audit   'lightningcss-linux-arm64-musl': [ '1.32.0' ],
2443 silly audit   'lightningcss-linux-x64-gnu': [ '1.32.0' ],
2443 silly audit   'lightningcss-linux-x64-musl': [ '1.32.0' ],
2443 silly audit   'lightningcss-win32-arm64-msvc': [ '1.32.0' ],
2443 silly audit   'lightningcss-win32-x64-msvc': [ '1.32.0' ],
2443 silly audit   'mime-db': [ '1.54.0', '1.52.0' ],
2443 silly audit   'append-field': [ '1.0.0' ],
2443 silly audit   busboy: [ '1.6.0' ],
2443 silly audit   'concat-stream': [ '2.0.0' ],
2443 silly audit   streamsearch: [ '1.1.0' ],
2443 silly audit   'buffer-from': [ '1.1.2' ],
2443 silly audit   'readable-stream': [ '3.6.2' ],
2443 silly audit   typedarray: [ '0.0.6' ],
2443 silly audit   'aws-ssl-profiles': [ '1.1.2' ],
2443 silly audit   denque: [ '2.1.0' ],
2443 silly audit   'generate-function': [ '2.3.1' ],
2443 silly audit   long: [ '5.3.2' ],
2443 silly audit   'lru.min': [ '1.1.4' ],
2443 silly audit   'named-placeholders': [ '1.1.6' ],
2443 silly audit   'sql-escaper': [ '1.5.1' ],
2443 silly audit   'is-property': [ '1.0.2' ],
2443 silly audit   chokidar: [ '3.6.0' ],
2443 silly audit   'ignore-by-default': [ '1.0.1' ],
2443 silly audit   minimatch: [ '10.2.5', '3.1.5' ],
2443 silly audit   'pstree.remy': [ '1.1.8' ],
2443 silly audit   'simple-update-notifier': [ '2.0.0' ],
2443 silly audit   touch: [ '3.1.1' ],
2443 silly audit   undefsafe: [ '2.0.5' ],
2443 silly audit   anymatch: [ '3.1.3' ],
2443 silly audit   braces: [ '3.0.3' ],
2443 silly audit   fsevents: [ '2.3.3' ],
2443 silly audit   'glob-parent': [ '5.1.2' ],
2443 silly audit   'is-binary-path': [ '2.1.0' ],
2443 silly audit   'is-glob': [ '4.0.3' ],
2443 silly audit   'normalize-path': [ '3.0.0' ],
2443 silly audit   readdirp: [ '3.6.0' ],
2443 silly audit   picomatch: [ '2.3.2', '4.0.5' ],
2443 silly audit   'fill-range': [ '7.1.1' ],
2443 silly audit   'to-regex-range': [ '5.0.1' ],
2443 silly audit   'binary-extensions': [ '2.3.0' ],
2443 silly audit   'is-extglob': [ '2.1.1' ],
2443 silly audit   'brace-expansion': [ '5.0.8', '1.1.16' ],
2443 silly audit   'balanced-match': [ '4.0.4', '1.0.2' ],
2443 silly audit   'ee-first': [ '1.1.1' ],
2443 silly audit   wrappy: [ '1.0.2' ],
2443 silly audit   linebreak: [ '1.1.0' ],
2443 silly audit   pdfkit: [ '0.19.1' ],
2443 silly audit   xmldoc: [ '2.0.3' ],
2443 silly audit   'base64-js': [ '0.0.8', '1.5.1' ],
2443 silly audit   'unicode-trie': [ '2.0.0' ],
2443 silly audit   '@noble/ciphers': [ '1.3.0' ],
2443 silly audit   '@noble/hashes': [ '1.8.0' ],
2443 silly audit   fontkit: [ '2.0.4' ],
2443 silly audit   'js-md5': [ '0.8.3' ],
2443 silly audit   'png-js': [ '1.1.0' ],
2443 silly audit   '@swc/helpers': [ '0.5.23' ],
2443 silly audit   brotli: [ '1.3.3' ],
2443 silly audit   clone: [ '2.1.2' ],
2443 silly audit   dfa: [ '1.2.0' ],
2443 silly audit   'fast-deep-equal': [ '3.1.3' ],
2443 silly audit   restructure: [ '3.0.2' ],
2443 silly audit   'tiny-inflate': [ '1.0.3' ],
2443 silly audit   'unicode-properties': [ '1.4.1' ],
2443 silly audit   'browserify-zlib': [ '0.2.0' ],
2443 silly audit   pako: [ '1.0.11', '0.2.9' ],
2443 silly audit   tinyqueue: [ '2.0.3' ],
2443 silly audit   nanoid: [ '3.3.16' ],
2443 silly audit   forwarded: [ '0.2.0' ],
2443 silly audit   'ipaddr.js': [ '1.9.1' ],
2443 silly audit   '@puppeteer/browsers': [ '3.0.6' ],
2443 silly audit   'chromium-bidi': [ '17.0.2' ],
2443 silly audit   'devtools-protocol': [ '0.0.1653615' ],
2443 silly audit   lilconfig: [ '3.1.3' ],
2443 silly audit   'puppeteer-core': [ '25.4.0' ],
2443 silly audit   'typed-query-selector': [ '2.12.2' ],
2443 silly audit   'modern-tar': [ '0.7.7' ],
2443 silly audit   mitt: [ '3.0.1' ],
2443 silly audit   zod: [ '3.25.76' ],
2443 silly audit   'webdriver-bidi-protocol': [ '0.4.2' ],
2443 silly audit   ws: [ '8.21.1' ],
2443 silly audit   '@types/debug': [ '4.1.13' ],
2443 silly audit   deepmerge: [ '4.3.1' ],
2443 silly audit   '@types/ms': [ '2.1.0' ],
2443 silly audit   'puppeteer-extra-plugin': [ '3.2.3' ],
2443 silly audit   'puppeteer-extra-plugin-user-preferences': [ '2.4.1' ],
2443 silly audit   'merge-deep': [ '3.0.3' ],
2443 silly audit   'arr-union': [ '3.1.0' ],
2443 silly audit   'clone-deep': [ '0.2.4' ],
2443 silly audit   'kind-of': [ '3.2.2', '2.0.1' ],
2443 silly audit   'for-own': [ '0.1.5' ],
2443 silly audit   'is-plain-object': [ '2.0.4' ],
2443 silly audit   'lazy-cache': [ '1.0.4', '0.2.7' ],
2443 silly audit   'shallow-clone': [ '0.1.2' ],
2443 silly audit   'for-in': [ '1.0.2', '0.1.8' ],
2443 silly audit   isobject: [ '3.0.1' ],
2443 silly audit   'is-buffer': [ '1.1.6' ],
2443 silly audit   'puppeteer-extra-plugin-user-data-dir': [ '2.4.1' ],
2443 silly audit   'fs-extra': [ '10.1.0' ],
2443 silly audit   rimraf: [ '3.0.2' ],
2443 silly audit   jsonfile: [ '6.2.1' ],
2443 silly audit   universalify: [ '2.0.1' ],
2443 silly audit   'es-define-property': [ '1.0.1' ],
2443 silly audit   'side-channel': [ '1.1.1' ],
2443 silly audit   unpipe: [ '1.0.0' ],
2443 silly audit   string_decoder: [ '1.3.0' ],
2443 silly audit   'util-deprecate': [ '1.0.2' ],
2443 silly audit   glob: [ '7.2.3' ],
2443 silly audit   'fs.realpath': [ '1.0.0' ],
2443 silly audit   inflight: [ '1.0.6' ],
2443 silly audit   'path-is-absolute': [ '1.0.1' ],
2443 silly audit   'is-promise': [ '4.0.0' ],
2443 silly audit   'path-to-regexp': [ '8.4.2' ],
2443 silly audit   'is-extendable': [ '0.1.1' ],
2443 silly audit   'mixin-object': [ '2.0.1' ],
2443 silly audit   'es-errors': [ '1.3.0' ],
2443 silly audit   'object-inspect': [ '1.13.4' ],
2443 silly audit   'side-channel-list': [ '1.0.1' ],
2443 silly audit   'side-channel-map': [ '1.0.1' ],
2443 silly audit   'side-channel-weakmap': [ '1.0.2' ],
2443 silly audit   'call-bound': [ '1.0.4' ],
2443 silly audit   'get-intrinsic': [ '1.3.0' ],
2443 silly audit   'call-bind-apply-helpers': [ '1.0.2' ],
2443 silly audit   'function-bind': [ '1.1.2' ],
2443 silly audit   'es-object-atoms': [ '1.1.2' ],
2443 silly audit   'get-proto': [ '1.0.1' ],
2443 silly audit   gopd: [ '1.2.0' ],
2443 silly audit   'has-symbols': [ '1.1.0' ],
2443 silly audit   hasown: [ '2.0.4' ],
2443 silly audit   'math-intrinsics': [ '1.1.0' ],
2443 silly audit   'dunder-proto': [ '1.0.1' ],
2443 silly audit   'has-flag': [ '4.0.0', '3.0.0' ],
2443 silly audit   'is-number': [ '7.0.0' ],
2443 silly audit   'media-typer': [ '1.1.1', '0.3.0' ],
2443 silly audit   escalade: [ '3.2.0' ],
2443 silly audit   rolldown: [ '1.1.5' ],
2443 silly audit   tinyglobby: [ '0.2.17' ],
2443 silly audit   '@oxc-project/types': [ '0.139.0' ],
2443 silly audit   '@rolldown/binding-android-arm64': [ '1.1.5' ],
2443 silly audit   '@rolldown/binding-darwin-arm64': [ '1.1.5' ],
2443 silly audit   '@rolldown/binding-darwin-x64': [ '1.1.5' ],
2443 silly audit   '@rolldown/binding-freebsd-x64': [ '1.1.5' ],
2443 silly audit   '@rolldown/binding-linux-arm-gnueabihf': [ '1.1.5' ],
2443 silly audit   '@rolldown/binding-linux-arm64-gnu': [ '1.1.5' ],
2443 silly audit   '@rolldown/binding-linux-arm64-musl': [ '1.1.5' ],
2443 silly audit   '@rolldown/binding-linux-ppc64-gnu': [ '1.1.5' ],
2443 silly audit   '@rolldown/binding-linux-s390x-gnu': [ '1.1.5' ],
2443 silly audit   '@rolldown/binding-linux-x64-gnu': [ '1.1.5' ],
2443 silly audit   '@rolldown/binding-linux-x64-musl': [ '1.1.5' ],
2443 silly audit   '@rolldown/binding-openharmony-arm64': [ '1.1.5' ],
2443 silly audit   '@rolldown/binding-wasm32-wasi': [ '1.1.5' ],
2443 silly audit   '@rolldown/binding-win32-arm64-msvc': [ '1.1.5' ],
2443 silly audit   '@rolldown/binding-win32-x64-msvc': [ '1.1.5' ],
2443 silly audit   '@rolldown/pluginutils': [ '1.0.1' ],
2443 silly audit   '@emnapi/core': [ '1.11.1' ],
2443 silly audit   '@emnapi/runtime': [ '1.11.1' ],
2443 silly audit   '@napi-rs/wasm-runtime': [ '1.1.6' ],
2443 silly audit   '@emnapi/wasi-threads': [ '1.2.2' ],
2443 silly audit   '@tybys/wasm-util': [ '0.10.3' ],
2443 silly audit   fdir: [ '6.5.0' ],
2443 silly audit   'adler-32': [ '1.3.1' ],
2443 silly audit   cfb: [ '1.2.2' ],
2443 silly audit   codepage: [ '1.15.0' ],
2443 silly audit   'crc-32': [ '1.2.2' ],
2443 silly audit   ssf: [ '0.11.2' ],
2443 silly audit   wmf: [ '1.0.2' ],
2443 silly audit   word: [ '0.3.0' ],
2443 silly audit   frac: [ '1.1.2' ],
2443 silly audit   sax: [ '1.6.1' ],
2443 silly audit   cliui: [ '8.0.1', '9.0.1' ],
2443 silly audit   'get-caller-file': [ '2.0.5' ],
2443 silly audit   'require-directory': [ '2.1.1' ],
2443 silly audit   'string-width': [ '4.2.3', '8.2.2', '7.2.0' ],
2443 silly audit   y18n: [ '5.0.8' ],
2443 silly audit   'yargs-parser': [ '21.1.1', '22.0.0' ],
2443 silly audit   'strip-ansi': [ '6.0.1', '7.2.0' ],
2443 silly audit   'wrap-ansi': [ '7.0.0', '9.0.2' ],
2443 silly audit   'emoji-regex': [ '8.0.0', '10.6.0' ],
2443 silly audit   'is-fullwidth-code-point': [ '3.0.0' ],
2443 silly audit   'ansi-regex': [ '5.0.1', '6.2.2' ],
2443 silly audit   'get-east-asian-width': [ '1.6.0' ],
2443 silly audit   'concat-map': [ '0.0.1' ]
2443 silly audit }
2444 http cache get-east-asian-width@https://registry.npmjs.org/get-east-asian-width/-/get-east-asian-width-1.6.0.tgz 0ms (cache hit)
2445 http cache wrap-ansi@https://registry.npmjs.org/wrap-ansi/-/wrap-ansi-7.0.0.tgz 0ms (cache hit)
2446 http cache emoji-regex@https://registry.npmjs.org/emoji-regex/-/emoji-regex-8.0.0.tgz 0ms (cache hit)
2447 http cache strip-ansi@https://registry.npmjs.org/strip-ansi/-/strip-ansi-6.0.1.tgz 0ms (cache hit)
2448 http cache string-width@https://registry.npmjs.org/string-width/-/string-width-4.2.3.tgz 0ms (cache hit)
2449 http cache concat-map@https://registry.npmjs.org/concat-map/-/concat-map-0.0.1.tgz 0ms (cache hit)
2450 http cache y18n@https://registry.npmjs.org/y18n/-/y18n-5.0.8.tgz 0ms (cache hit)
2451 http cache is-fullwidth-code-point@https://registry.npmjs.org/is-fullwidth-code-point/-/is-fullwidth-code-point-3.0.0.tgz 0ms (cache hit)
2452 http cache yargs-parser@https://registry.npmjs.org/yargs-parser/-/yargs-parser-21.1.1.tgz 0ms (cache hit)
2453 http cache require-directory@https://registry.npmjs.org/require-directory/-/require-directory-2.1.1.tgz 0ms (cache hit)
2454 http cache cliui@https://registry.npmjs.org/cliui/-/cliui-8.0.1.tgz 0ms (cache hit)
2455 http cache get-caller-file@https://registry.npmjs.org/get-caller-file/-/get-caller-file-2.0.5.tgz 0ms (cache hit)
2456 http cache word@https://registry.npmjs.org/word/-/word-0.3.0.tgz 0ms (cache hit)
2457 http cache ansi-regex@https://registry.npmjs.org/ansi-regex/-/ansi-regex-5.0.1.tgz 0ms (cache hit)
2458 http cache wmf@https://registry.npmjs.org/wmf/-/wmf-1.0.2.tgz 0ms (cache hit)
2459 http cache sax@https://registry.npmjs.org/sax/-/sax-1.6.1.tgz 0ms (cache hit)
2460 http cache codepage@https://registry.npmjs.org/codepage/-/codepage-1.15.0.tgz 0ms (cache hit)
2461 http cache crc-32@https://registry.npmjs.org/crc-32/-/crc-32-1.2.2.tgz 0ms (cache hit)
2462 http cache ssf@https://registry.npmjs.org/ssf/-/ssf-0.11.2.tgz 0ms (cache hit)
2463 http cache adler-32@https://registry.npmjs.org/adler-32/-/adler-32-1.3.1.tgz 0ms (cache hit)
2464 http cache @rolldown/pluginutils@https://registry.npmjs.org/@rolldown/pluginutils/-/pluginutils-1.0.1.tgz 0ms (cache hit)
2465 http cache @oxc-project/types@https://registry.npmjs.org/@oxc-project/types/-/types-0.139.0.tgz 0ms (cache hit)
2466 http cache rolldown@https://registry.npmjs.org/rolldown/-/rolldown-1.1.5.tgz 0ms (cache hit)
2467 http cache tinyglobby@https://registry.npmjs.org/tinyglobby/-/tinyglobby-0.2.17.tgz 0ms (cache hit)
2468 http cache @rolldown/binding-darwin-arm64@https://registry.npmjs.org/@rolldown/binding-darwin-arm64/-/binding-darwin-arm64-1.1.5.tgz 0ms (cache hit)
2469 http cache cfb@https://registry.npmjs.org/cfb/-/cfb-1.2.2.tgz 0ms (cache hit)
2470 http cache is-number@https://registry.npmjs.org/is-number/-/is-number-7.0.0.tgz 0ms (cache hit)
2471 http cache media-typer@https://registry.npmjs.org/media-typer/-/media-typer-1.1.1.tgz 0ms (cache hit)
2472 http cache frac@https://registry.npmjs.org/frac/-/frac-1.1.2.tgz 0ms (cache hit)
2473 http cache dunder-proto@https://registry.npmjs.org/dunder-proto/-/dunder-proto-1.0.1.tgz 0ms (cache hit)
2474 http cache math-intrinsics@https://registry.npmjs.org/math-intrinsics/-/math-intrinsics-1.1.0.tgz 0ms (cache hit)
2475 http cache hasown@https://registry.npmjs.org/hasown/-/hasown-2.0.4.tgz 0ms (cache hit)
2476 http cache get-proto@https://registry.npmjs.org/get-proto/-/get-proto-1.0.1.tgz 0ms (cache hit)
2477 http cache escalade@https://registry.npmjs.org/escalade/-/escalade-3.2.0.tgz 0ms (cache hit)
2478 http cache gopd@https://registry.npmjs.org/gopd/-/gopd-1.2.0.tgz 0ms (cache hit)
2479 http cache call-bind-apply-helpers@https://registry.npmjs.org/call-bind-apply-helpers/-/call-bind-apply-helpers-1.0.2.tgz 0ms (cache hit)
2480 http cache has-symbols@https://registry.npmjs.org/has-symbols/-/has-symbols-1.1.0.tgz 0ms (cache hit)
2481 http cache call-bound@https://registry.npmjs.org/call-bound/-/call-bound-1.0.4.tgz 0ms (cache hit)
2482 http cache side-channel-weakmap@https://registry.npmjs.org/side-channel-weakmap/-/side-channel-weakmap-1.0.2.tgz 0ms (cache hit)
2483 http cache function-bind@https://registry.npmjs.org/function-bind/-/function-bind-1.1.2.tgz 0ms (cache hit)
2484 http cache side-channel-map@https://registry.npmjs.org/side-channel-map/-/side-channel-map-1.0.1.tgz 0ms (cache hit)
2485 http cache es-object-atoms@https://registry.npmjs.org/es-object-atoms/-/es-object-atoms-1.1.2.tgz 0ms (cache hit)
2486 http cache side-channel-list@https://registry.npmjs.org/side-channel-list/-/side-channel-list-1.0.1.tgz 0ms (cache hit)
2487 http cache get-intrinsic@https://registry.npmjs.org/get-intrinsic/-/get-intrinsic-1.3.0.tgz 0ms (cache hit)
2488 http cache path-to-regexp@https://registry.npmjs.org/path-to-regexp/-/path-to-regexp-8.4.2.tgz 0ms (cache hit)
2489 http cache has-flag@https://registry.npmjs.org/has-flag/-/has-flag-4.0.0.tgz 0ms (cache hit)
2490 http cache mixin-object@https://registry.npmjs.org/mixin-object/-/mixin-object-2.0.1.tgz 0ms (cache hit)
2491 http cache path-is-absolute@https://registry.npmjs.org/path-is-absolute/-/path-is-absolute-1.0.1.tgz 0ms (cache hit)
2492 http cache is-extendable@https://registry.npmjs.org/is-extendable/-/is-extendable-0.1.1.tgz 0ms (cache hit)
2493 http cache inflight@https://registry.npmjs.org/inflight/-/inflight-1.0.6.tgz 0ms (cache hit)
2494 http cache fs.realpath@https://registry.npmjs.org/fs.realpath/-/fs.realpath-1.0.0.tgz 0ms (cache hit)
2495 http cache string_decoder@https://registry.npmjs.org/string_decoder/-/string_decoder-1.3.0.tgz 0ms (cache hit)
2496 http cache glob@https://registry.npmjs.org/glob/-/glob-7.2.3.tgz 0ms (cache hit)
2497 http cache util-deprecate@https://registry.npmjs.org/util-deprecate/-/util-deprecate-1.0.2.tgz 0ms (cache hit)
2498 http cache is-promise@https://registry.npmjs.org/is-promise/-/is-promise-4.0.0.tgz 0ms (cache hit)
2499 http cache side-channel@https://registry.npmjs.org/side-channel/-/side-channel-1.1.1.tgz 0ms (cache hit)
2500 http cache unpipe@https://registry.npmjs.org/unpipe/-/unpipe-1.0.0.tgz 0ms (cache hit)
2501 http cache es-define-property@https://registry.npmjs.org/es-define-property/-/es-define-property-1.0.1.tgz 0ms (cache hit)
2502 http cache jsonfile@https://registry.npmjs.org/jsonfile/-/jsonfile-6.2.1.tgz 0ms (cache hit)
2503 http cache fs-extra@https://registry.npmjs.org/fs-extra/-/fs-extra-10.1.0.tgz 0ms (cache hit)
2504 http cache rimraf@https://registry.npmjs.org/rimraf/-/rimraf-3.0.2.tgz 0ms (cache hit)
2505 http cache object-inspect@https://registry.npmjs.org/object-inspect/-/object-inspect-1.13.4.tgz 0ms (cache hit)
2506 http cache puppeteer-extra-plugin-user-data-dir@https://registry.npmjs.org/puppeteer-extra-plugin-user-data-dir/-/puppeteer-extra-plugin-user-data-dir-2.4.1.tgz 0ms (cache hit)
2507 http cache isobject@https://registry.npmjs.org/isobject/-/isobject-3.0.1.tgz 0ms (cache hit)
2508 http cache shallow-clone@https://registry.npmjs.org/shallow-clone/-/shallow-clone-0.1.2.tgz 0ms (cache hit)
2509 http cache universalify@https://registry.npmjs.org/universalify/-/universalify-2.0.1.tgz 0ms (cache hit)
2510 http cache is-buffer@https://registry.npmjs.org/is-buffer/-/is-buffer-1.1.6.tgz 0ms (cache hit)
2511 http cache for-in@https://registry.npmjs.org/for-in/-/for-in-1.0.2.tgz 0ms (cache hit)
2512 http cache kind-of@https://registry.npmjs.org/kind-of/-/kind-of-3.2.2.tgz 0ms (cache hit)
2513 http cache for-own@https://registry.npmjs.org/for-own/-/for-own-0.1.5.tgz 0ms (cache hit)
2514 http cache clone-deep@https://registry.npmjs.org/clone-deep/-/clone-deep-0.2.4.tgz 0ms (cache hit)
2515 http cache merge-deep@https://registry.npmjs.org/merge-deep/-/merge-deep-3.0.3.tgz 0ms (cache hit)
2516 http cache es-errors@https://registry.npmjs.org/es-errors/-/es-errors-1.3.0.tgz 0ms (cache hit)
2517 http cache arr-union@https://registry.npmjs.org/arr-union/-/arr-union-3.1.0.tgz 0ms (cache hit)
2518 http cache is-plain-object@https://registry.npmjs.org/is-plain-object/-/is-plain-object-2.0.4.tgz 0ms (cache hit)
2519 http cache @types/ms@https://registry.npmjs.org/@types/ms/-/ms-2.1.0.tgz 0ms (cache hit)
2520 http cache deepmerge@https://registry.npmjs.org/deepmerge/-/deepmerge-4.3.1.tgz 0ms (cache hit)
2521 http cache ws@https://registry.npmjs.org/ws/-/ws-8.21.1.tgz 0ms (cache hit)
2522 http cache puppeteer-extra-plugin@https://registry.npmjs.org/puppeteer-extra-plugin/-/puppeteer-extra-plugin-3.2.3.tgz 0ms (cache hit)
2523 http cache @types/debug@https://registry.npmjs.org/@types/debug/-/debug-4.1.13.tgz 0ms (cache hit)
2524 http cache webdriver-bidi-protocol@https://registry.npmjs.org/webdriver-bidi-protocol/-/webdriver-bidi-protocol-0.4.2.tgz 0ms (cache hit)
2525 http cache lazy-cache@https://registry.npmjs.org/lazy-cache/-/lazy-cache-1.0.4.tgz 0ms (cache hit)
2526 http cache mitt@https://registry.npmjs.org/mitt/-/mitt-3.0.1.tgz 0ms (cache hit)
2527 http cache modern-tar@https://registry.npmjs.org/modern-tar/-/modern-tar-0.7.7.tgz 0ms (cache hit)
2528 http cache puppeteer-extra-plugin-user-preferences@https://registry.npmjs.org/puppeteer-extra-plugin-user-preferences/-/puppeteer-extra-plugin-user-preferences-2.4.1.tgz 0ms (cache hit)
2529 http cache puppeteer-core@https://registry.npmjs.org/puppeteer-core/-/puppeteer-core-25.4.0.tgz 0ms (cache hit)
2530 http cache lilconfig@https://registry.npmjs.org/lilconfig/-/lilconfig-3.1.3.tgz 0ms (cache hit)
2531 http cache typed-query-selector@https://registry.npmjs.org/typed-query-selector/-/typed-query-selector-2.12.2.tgz 0ms (cache hit)
2532 http cache @puppeteer/browsers@https://registry.npmjs.org/@puppeteer/browsers/-/browsers-3.0.6.tgz 0ms (cache hit)
2533 http cache devtools-protocol@https://registry.npmjs.org/devtools-protocol/-/devtools-protocol-0.0.1653615.tgz 0ms (cache hit)
2534 http cache ipaddr.js@https://registry.npmjs.org/ipaddr.js/-/ipaddr.js-1.9.1.tgz 0ms (cache hit)
2535 http cache forwarded@https://registry.npmjs.org/forwarded/-/forwarded-0.2.0.tgz 0ms (cache hit)
2536 http cache nanoid@https://registry.npmjs.org/nanoid/-/nanoid-3.3.16.tgz 0ms (cache hit)
2537 http cache tinyqueue@https://registry.npmjs.org/tinyqueue/-/tinyqueue-2.0.3.tgz 0ms (cache hit)
2538 http cache zod@https://registry.npmjs.org/zod/-/zod-3.25.76.tgz 0ms (cache hit)
2539 http cache pako@https://registry.npmjs.org/pako/-/pako-1.0.11.tgz 0ms (cache hit)
2540 http cache unicode-properties@https://registry.npmjs.org/unicode-properties/-/unicode-properties-1.4.1.tgz 0ms (cache hit)
2541 http cache chromium-bidi@https://registry.npmjs.org/chromium-bidi/-/chromium-bidi-17.0.2.tgz 0ms (cache hit)
2542 http cache browserify-zlib@https://registry.npmjs.org/browserify-zlib/-/browserify-zlib-0.2.0.tgz 0ms (cache hit)
2543 http cache restructure@https://registry.npmjs.org/restructure/-/restructure-3.0.2.tgz 0ms (cache hit)
2544 http cache dfa@https://registry.npmjs.org/dfa/-/dfa-1.2.0.tgz 0ms (cache hit)
2545 http cache tiny-inflate@https://registry.npmjs.org/tiny-inflate/-/tiny-inflate-1.0.3.tgz 0ms (cache hit)
2546 http cache @swc/helpers@https://registry.npmjs.org/@swc/helpers/-/helpers-0.5.23.tgz 0ms (cache hit)
2547 http cache brotli@https://registry.npmjs.org/brotli/-/brotli-1.3.3.tgz 0ms (cache hit)
2548 http cache png-js@https://registry.npmjs.org/png-js/-/png-js-1.1.0.tgz 0ms (cache hit)
2549 http cache clone@https://registry.npmjs.org/clone/-/clone-2.1.2.tgz 0ms (cache hit)
2550 http cache @noble/hashes@https://registry.npmjs.org/@noble/hashes/-/hashes-1.8.0.tgz 0ms (cache hit)
2551 http cache fontkit@https://registry.npmjs.org/fontkit/-/fontkit-2.0.4.tgz 0ms (cache hit)
2552 http cache @noble/ciphers@https://registry.npmjs.org/@noble/ciphers/-/ciphers-1.3.0.tgz 0ms (cache hit)
2553 http cache unicode-trie@https://registry.npmjs.org/unicode-trie/-/unicode-trie-2.0.0.tgz 0ms (cache hit)
2554 http cache base64-js@https://registry.npmjs.org/base64-js/-/base64-js-0.0.8.tgz 0ms (cache hit)
2555 http cache xmldoc@https://registry.npmjs.org/xmldoc/-/xmldoc-2.0.3.tgz 0ms (cache hit)
2556 http cache linebreak@https://registry.npmjs.org/linebreak/-/linebreak-1.1.0.tgz 0ms (cache hit)
2557 http cache pdfkit@https://registry.npmjs.org/pdfkit/-/pdfkit-0.19.1.tgz 0ms (cache hit)
2558 http cache wrappy@https://registry.npmjs.org/wrappy/-/wrappy-1.0.2.tgz 0ms (cache hit)
2559 http cache js-md5@https://registry.npmjs.org/js-md5/-/js-md5-0.8.3.tgz 0ms (cache hit)
2560 http cache ee-first@https://registry.npmjs.org/ee-first/-/ee-first-1.1.1.tgz 0ms (cache hit)
2561 http cache fast-deep-equal@https://registry.npmjs.org/fast-deep-equal/-/fast-deep-equal-3.1.3.tgz 0ms (cache hit)
2562 http cache brace-expansion@https://registry.npmjs.org/brace-expansion/-/brace-expansion-5.0.8.tgz 0ms (cache hit)
2563 http cache balanced-match@https://registry.npmjs.org/balanced-match/-/balanced-match-4.0.4.tgz 0ms (cache hit)
2564 http cache fill-range@https://registry.npmjs.org/fill-range/-/fill-range-7.1.1.tgz 0ms (cache hit)
2565 http cache to-regex-range@https://registry.npmjs.org/to-regex-range/-/to-regex-range-5.0.1.tgz 0ms (cache hit)
2566 http cache is-extglob@https://registry.npmjs.org/is-extglob/-/is-extglob-2.1.1.tgz 0ms (cache hit)
2567 http cache readdirp@https://registry.npmjs.org/readdirp/-/readdirp-3.6.0.tgz 0ms (cache hit)
2568 http cache normalize-path@https://registry.npmjs.org/normalize-path/-/normalize-path-3.0.0.tgz 0ms (cache hit)
2569 http cache picomatch@https://registry.npmjs.org/picomatch/-/picomatch-2.3.2.tgz 0ms (cache hit)
2570 http cache glob-parent@https://registry.npmjs.org/glob-parent/-/glob-parent-5.1.2.tgz 0ms (cache hit)
2571 http cache is-binary-path@https://registry.npmjs.org/is-binary-path/-/is-binary-path-2.1.0.tgz 0ms (cache hit)
2572 http cache is-glob@https://registry.npmjs.org/is-glob/-/is-glob-4.0.3.tgz 0ms (cache hit)
2573 http cache anymatch@https://registry.npmjs.org/anymatch/-/anymatch-3.1.3.tgz 0ms (cache hit)
2574 http cache fsevents@https://registry.npmjs.org/fsevents/-/fsevents-2.3.3.tgz 0ms (cache hit)
2575 http cache undefsafe@https://registry.npmjs.org/undefsafe/-/undefsafe-2.0.5.tgz 0ms (cache hit)
2576 http cache simple-update-notifier@https://registry.npmjs.org/simple-update-notifier/-/simple-update-notifier-2.0.0.tgz 0ms (cache hit)
2577 http cache touch@https://registry.npmjs.org/touch/-/touch-3.1.1.tgz 0ms (cache hit)
2578 http cache braces@https://registry.npmjs.org/braces/-/braces-3.0.3.tgz 0ms (cache hit)
2579 http cache ignore-by-default@https://registry.npmjs.org/ignore-by-default/-/ignore-by-default-1.0.1.tgz 0ms (cache hit)
2580 http cache binary-extensions@https://registry.npmjs.org/binary-extensions/-/binary-extensions-2.3.0.tgz 0ms (cache hit)
2581 http cache pstree.remy@https://registry.npmjs.org/pstree.remy/-/pstree.remy-1.1.8.tgz 0ms (cache hit)
2582 http cache chokidar@https://registry.npmjs.org/chokidar/-/chokidar-3.6.0.tgz 0ms (cache hit)
2583 http cache sql-escaper@https://registry.npmjs.org/sql-escaper/-/sql-escaper-1.5.1.tgz 0ms (cache hit)
2584 http cache long@https://registry.npmjs.org/long/-/long-5.3.2.tgz 0ms (cache hit)
2585 http cache denque@https://registry.npmjs.org/denque/-/denque-2.1.0.tgz 0ms (cache hit)
2586 http cache is-property@https://registry.npmjs.org/is-property/-/is-property-1.0.2.tgz 0ms (cache hit)
2587 http cache named-placeholders@https://registry.npmjs.org/named-placeholders/-/named-placeholders-1.1.6.tgz 0ms (cache hit)
2588 http cache lru.min@https://registry.npmjs.org/lru.min/-/lru.min-1.1.4.tgz 0ms (cache hit)
2589 http cache minimatch@https://registry.npmjs.org/minimatch/-/minimatch-10.2.5.tgz 0ms (cache hit)
2590 http cache aws-ssl-profiles@https://registry.npmjs.org/aws-ssl-profiles/-/aws-ssl-profiles-1.1.2.tgz 0ms (cache hit)
2591 http cache typedarray@https://registry.npmjs.org/typedarray/-/typedarray-0.0.6.tgz 0ms (cache hit)
2592 http cache buffer-from@https://registry.npmjs.org/buffer-from/-/buffer-from-1.1.2.tgz 0ms (cache hit)
2593 http cache streamsearch@https://registry.npmjs.org/streamsearch/-/streamsearch-1.1.0.tgz 0ms (cache hit)
2594 http cache readable-stream@https://registry.npmjs.org/readable-stream/-/readable-stream-3.6.2.tgz 0ms (cache hit)
2595 http cache busboy@https://registry.npmjs.org/busboy/-/busboy-1.6.0.tgz 0ms (cache hit)
2596 http cache append-field@https://registry.npmjs.org/append-field/-/append-field-1.0.0.tgz 0ms (cache hit)
2597 http cache concat-stream@https://registry.npmjs.org/concat-stream/-/concat-stream-2.0.0.tgz 0ms (cache hit)
2598 http cache lightningcss-darwin-arm64@https://registry.npmjs.org/lightningcss-darwin-arm64/-/lightningcss-darwin-arm64-1.32.0.tgz 0ms (cache hit)
2599 http cache generate-function@https://registry.npmjs.org/generate-function/-/generate-function-2.3.1.tgz 0ms (cache hit)
2600 http cache mime-db@https://registry.npmjs.org/mime-db/-/mime-db-1.54.0.tgz 0ms (cache hit)
2601 http cache buffer-equal-constant-time@https://registry.npmjs.org/buffer-equal-constant-time/-/buffer-equal-constant-time-1.0.1.tgz 0ms (cache hit)
2602 http cache semver@https://registry.npmjs.org/semver/-/semver-7.8.5.tgz 0ms (cache hit)
2603 http cache ecdsa-sig-formatter@https://registry.npmjs.org/ecdsa-sig-formatter/-/ecdsa-sig-formatter-1.0.11.tgz 0ms (cache hit)
2604 http cache jwa@https://registry.npmjs.org/jwa/-/jwa-2.0.1.tgz 0ms (cache hit)
2605 http cache lodash.isstring@https://registry.npmjs.org/lodash.isstring/-/lodash.isstring-4.0.1.tgz 0ms (cache hit)
2606 http cache lodash.once@https://registry.npmjs.org/lodash.once/-/lodash.once-4.1.1.tgz 0ms (cache hit)
2607 http cache safe-buffer@https://registry.npmjs.org/safe-buffer/-/safe-buffer-5.2.1.tgz 0ms (cache hit)
2608 http cache lodash.isplainobject@https://registry.npmjs.org/lodash.isplainobject/-/lodash.isplainobject-4.0.6.tgz 0ms (cache hit)
2609 http cache lodash.isinteger@https://registry.npmjs.org/lodash.isinteger/-/lodash.isinteger-4.0.4.tgz 0ms (cache hit)
2610 http cache lodash.includes@https://registry.npmjs.org/lodash.includes/-/lodash.includes-4.3.0.tgz 0ms (cache hit)
2611 http cache jws@https://registry.npmjs.org/jws/-/jws-4.0.1.tgz 0ms (cache hit)
2612 http cache safer-buffer@https://registry.npmjs.org/safer-buffer/-/safer-buffer-2.1.2.tgz 0ms (cache hit)
2613 http cache detect-libc@https://registry.npmjs.org/detect-libc/-/detect-libc-2.1.2.tgz 0ms (cache hit)
2614 http cache toidentifier@https://registry.npmjs.org/toidentifier/-/toidentifier-1.0.1.tgz 0ms (cache hit)
2615 http cache lodash.isnumber@https://registry.npmjs.org/lodash.isnumber/-/lodash.isnumber-3.0.3.tgz 0ms (cache hit)
2616 http cache lodash.isboolean@https://registry.npmjs.org/lodash.isboolean/-/lodash.isboolean-3.0.3.tgz 0ms (cache hit)
2617 http cache setprototypeof@https://registry.npmjs.org/setprototypeof/-/setprototypeof-1.2.0.tgz 0ms (cache hit)
2618 http cache negotiator@https://registry.npmjs.org/negotiator/-/negotiator-1.0.0.tgz 0ms (cache hit)
2619 http cache bytes@https://registry.npmjs.org/bytes/-/bytes-3.1.2.tgz 0ms (cache hit)
2620 http cache type-is@https://registry.npmjs.org/type-is/-/type-is-2.1.0.tgz 0ms (cache hit)
2621 http cache statuses@https://registry.npmjs.org/statuses/-/statuses-2.0.2.tgz 0ms (cache hit)
2622 http cache ms@https://registry.npmjs.org/ms/-/ms-2.1.3.tgz 0ms (cache hit)
2623 http cache serve-static@https://registry.npmjs.org/serve-static/-/serve-static-2.2.1.tgz 0ms (cache hit)
2624 http cache router@https://registry.npmjs.org/router/-/router-2.2.0.tgz 0ms (cache hit)
2625 http cache range-parser@https://registry.npmjs.org/range-parser/-/range-parser-1.3.0.tgz 0ms (cache hit)
2626 http cache qs@https://registry.npmjs.org/qs/-/qs-6.15.3.tgz 0ms (cache hit)
2627 http cache send@https://registry.npmjs.org/send/-/send-1.2.1.tgz 0ms (cache hit)
2628 http cache proxy-addr@https://registry.npmjs.org/proxy-addr/-/proxy-addr-2.0.7.tgz 0ms (cache hit)
2629 http cache parseurl@https://registry.npmjs.org/parseurl/-/parseurl-1.3.3.tgz 0ms (cache hit)
2630 http cache inherits@https://registry.npmjs.org/inherits/-/inherits-2.0.4.tgz 0ms (cache hit)
2631 http cache raw-body@https://registry.npmjs.org/raw-body/-/raw-body-3.0.2.tgz 0ms (cache hit)
2632 http cache on-finished@https://registry.npmjs.org/on-finished/-/on-finished-2.4.1.tgz 0ms (cache hit)
2633 http cache once@https://registry.npmjs.org/once/-/once-1.4.0.tgz 0ms (cache hit)
2634 http cache http-errors@https://registry.npmjs.org/http-errors/-/http-errors-2.0.1.tgz 0ms (cache hit)
2635 http cache fresh@https://registry.npmjs.org/fresh/-/fresh-2.0.0.tgz 0ms (cache hit)
2636 http cache escape-html@https://registry.npmjs.org/escape-html/-/escape-html-1.0.3.tgz 0ms (cache hit)
2637 http cache merge-descriptors@https://registry.npmjs.org/merge-descriptors/-/merge-descriptors-2.0.0.tgz 0ms (cache hit)
2638 http cache etag@https://registry.npmjs.org/etag/-/etag-1.8.1.tgz 0ms (cache hit)
2639 http cache debug@https://registry.npmjs.org/debug/-/debug-4.4.3.tgz 0ms (cache hit)
2640 http cache encodeurl@https://registry.npmjs.org/encodeurl/-/encodeurl-2.0.0.tgz 0ms (cache hit)
2641 http cache depd@https://registry.npmjs.org/depd/-/depd-2.0.0.tgz 0ms (cache hit)
2642 http cache cookie-signature@https://registry.npmjs.org/cookie-signature/-/cookie-signature-1.2.2.tgz 0ms (cache hit)
2643 http cache cookie@https://registry.npmjs.org/cookie/-/cookie-0.7.2.tgz 0ms (cache hit)
2644 http cache mime-types@https://registry.npmjs.org/mime-types/-/mime-types-3.0.2.tgz 0ms (cache hit)
2645 http cache content-disposition@https://registry.npmjs.org/content-disposition/-/content-disposition-1.1.0.tgz 0ms (cache hit)
2646 http cache body-parser@https://registry.npmjs.org/body-parser/-/body-parser-2.3.0.tgz 0ms (cache hit)
2647 http cache accepts@https://registry.npmjs.org/accepts/-/accepts-2.0.0.tgz 0ms (cache hit)
2648 http cache robust-predicates@https://registry.npmjs.org/robust-predicates/-/robust-predicates-3.0.3.tgz 0ms (cache hit)
2649 http cache graceful-fs@https://registry.npmjs.org/graceful-fs/-/graceful-fs-4.2.11.tgz 0ms (cache hit)
2650 http cache tapable@https://registry.npmjs.org/tapable/-/tapable-2.3.3.tgz 0ms (cache hit)
2651 http cache content-type@https://registry.npmjs.org/content-type/-/content-type-1.0.5.tgz 0ms (cache hit)
2652 http cache d3-voronoi-map@https://registry.npmjs.org/d3-voronoi-map/-/d3-voronoi-map-2.1.1.tgz 0ms (cache hit)
2653 http cache d3-weighted-voronoi@https://registry.npmjs.org/d3-weighted-voronoi/-/d3-weighted-voronoi-1.1.3.tgz 0ms (cache hit)
2654 http cache rw@https://registry.npmjs.org/rw/-/rw-1.3.3.tgz 0ms (cache hit)
2655 http cache iconv-lite@https://registry.npmjs.org/iconv-lite/-/iconv-lite-0.6.3.tgz 0ms (cache hit)
2656 http cache d3-zoom@https://registry.npmjs.org/d3-zoom/-/d3-zoom-3.0.0.tgz 0ms (cache hit)
2657 http cache commander@https://registry.npmjs.org/commander/-/commander-7.2.0.tgz 0ms (cache hit)
2658 http cache finalhandler@https://registry.npmjs.org/finalhandler/-/finalhandler-2.1.1.tgz 0ms (cache hit)
2659 http cache d3-timer@https://registry.npmjs.org/d3-timer/-/d3-timer-3.0.1.tgz 0ms (cache hit)
2660 http cache delaunator@https://registry.npmjs.org/delaunator/-/delaunator-5.1.0.tgz 0ms (cache hit)
2661 http cache d3-time-format@https://registry.npmjs.org/d3-time-format/-/d3-time-format-4.1.0.tgz 0ms (cache hit)
2662 http cache d3-scale@https://registry.npmjs.org/d3-scale/-/d3-scale-4.0.2.tgz 0ms (cache hit)
2663 http cache d3-time@https://registry.npmjs.org/d3-time/-/d3-time-3.1.0.tgz 0ms (cache hit)
2664 http cache d3-quadtree@https://registry.npmjs.org/d3-quadtree/-/d3-quadtree-3.0.1.tgz 0ms (cache hit)
2665 http cache internmap@https://registry.npmjs.org/internmap/-/internmap-2.0.3.tgz 0ms (cache hit)
2666 http cache d3-scale-chromatic@https://registry.npmjs.org/d3-scale-chromatic/-/d3-scale-chromatic-3.1.0.tgz 0ms (cache hit)
2667 http cache d3-fetch@https://registry.npmjs.org/d3-fetch/-/d3-fetch-3.0.1.tgz 0ms (cache hit)
2668 http cache d3-path@https://registry.npmjs.org/d3-path/-/d3-path-3.1.0.tgz 0ms (cache hit)
2669 http cache d3-interpolate@https://registry.npmjs.org/d3-interpolate/-/d3-interpolate-3.0.1.tgz 0ms (cache hit)
2670 http cache d3-random@https://registry.npmjs.org/d3-random/-/d3-random-3.0.1.tgz 0ms (cache hit)
2671 http cache d3-dsv@https://registry.npmjs.org/d3-dsv/-/d3-dsv-3.0.1.tgz 0ms (cache hit)
2672 http cache d3-polygon@https://registry.npmjs.org/d3-polygon/-/d3-polygon-3.0.1.tgz 0ms (cache hit)
2673 http cache d3-format@https://registry.npmjs.org/d3-format/-/d3-format-3.1.2.tgz 0ms (cache hit)
2674 http cache d3-ease@https://registry.npmjs.org/d3-ease/-/d3-ease-3.0.1.tgz 0ms (cache hit)
2675 http cache d3-drag@https://registry.npmjs.org/d3-drag/-/d3-drag-3.0.0.tgz 0ms (cache hit)
2676 http cache d3-dispatch@https://registry.npmjs.org/d3-dispatch/-/d3-dispatch-3.0.1.tgz 0ms (cache hit)
2677 http cache d3-color@https://registry.npmjs.org/d3-color/-/d3-color-3.1.0.tgz 0ms (cache hit)
2678 http cache d3-delaunay@https://registry.npmjs.org/d3-delaunay/-/d3-delaunay-6.0.4.tgz 0ms (cache hit)
2679 http cache d3-contour@https://registry.npmjs.org/d3-contour/-/d3-contour-4.0.2.tgz 0ms (cache hit)
2680 http cache color-convert@https://registry.npmjs.org/color-convert/-/color-convert-2.0.1.tgz 0ms (cache hit)
2681 http cache d3-brush@https://registry.npmjs.org/d3-brush/-/d3-brush-3.0.0.tgz 0ms (cache hit)
2682 http cache object-assign@https://registry.npmjs.org/object-assign/-/object-assign-4.1.1.tgz 0ms (cache hit)
2683 http cache color-name@https://registry.npmjs.org/color-name/-/color-name-1.1.4.tgz 0ms (cache hit)
2684 http cache vary@https://registry.npmjs.org/vary/-/vary-1.1.2.tgz 0ms (cache hit)
2685 http cache d3-axis@https://registry.npmjs.org/d3-axis/-/d3-axis-3.0.0.tgz 0ms (cache hit)
2686 http cache ansi-styles@https://registry.npmjs.org/ansi-styles/-/ansi-styles-4.3.0.tgz 0ms (cache hit)
2687 http cache chalk@https://registry.npmjs.org/chalk/-/chalk-4.1.2.tgz 0ms (cache hit)
2688 http cache tree-kill@https://registry.npmjs.org/tree-kill/-/tree-kill-1.2.2.tgz 0ms (cache hit)
2689 http cache update-browserslist-db@https://registry.npmjs.org/update-browserslist-db/-/update-browserslist-db-1.2.3.tgz 0ms (cache hit)
2690 http cache electron-to-chromium@https://registry.npmjs.org/electron-to-chromium/-/electron-to-chromium-1.5.396.tgz 0ms (cache hit)
2691 http cache rxjs@https://registry.npmjs.org/rxjs/-/rxjs-7.8.2.tgz 0ms (cache hit)
2692 http cache node-releases@https://registry.npmjs.org/node-releases/-/node-releases-2.0.51.tgz 0ms (cache hit)
2693 http cache d3-array@https://registry.npmjs.org/d3-array/-/d3-array-3.2.4.tgz 0ms (cache hit)
2694 http cache postcss-value-parser@https://registry.npmjs.org/postcss-value-parser/-/postcss-value-parser-4.2.0.tgz 0ms (cache hit)
2695 http cache baseline-browser-mapping@https://registry.npmjs.org/baseline-browser-mapping/-/baseline-browser-mapping-2.11.4.tgz 0ms (cache hit)
2696 http cache supports-color@https://registry.npmjs.org/supports-color/-/supports-color-8.1.1.tgz 0ms (cache hit)
2697 http cache shell-quote@https://registry.npmjs.org/shell-quote/-/shell-quote-1.9.0.tgz 0ms (cache hit)
2698 http cache picocolors@https://registry.npmjs.org/picocolors/-/picocolors-1.1.1.tgz 0ms (cache hit)
2699 http cache caniuse-lite@https://registry.npmjs.org/caniuse-lite/-/caniuse-lite-1.0.30001806.tgz 0ms (cache hit)
2700 http cache undici-types@https://registry.npmjs.org/undici-types/-/undici-types-8.3.0.tgz 0ms (cache hit)
2701 http cache yargs@https://registry.npmjs.org/yargs/-/yargs-17.7.2.tgz 0ms (cache hit)
2702 http cache browserslist@https://registry.npmjs.org/browserslist/-/browserslist-4.28.7.tgz 0ms (cache hit)
2703 http cache @types/d3-time-format@https://registry.npmjs.org/@types/d3-time-format/-/d3-time-format-4.0.3.tgz 0ms (cache hit)
2704 http cache @types/d3-transition@https://registry.npmjs.org/@types/d3-transition/-/d3-transition-3.0.9.tgz 0ms (cache hit)
2705 http cache @types/d3-scale@https://registry.npmjs.org/@types/d3-scale/-/d3-scale-4.0.9.tgz 0ms (cache hit)
2706 http cache @types/d3-selection@https://registry.npmjs.org/@types/d3-selection/-/d3-selection-3.0.11.tgz 0ms (cache hit)
2707 http cache @types/d3-scale-chromatic@https://registry.npmjs.org/@types/d3-scale-chromatic/-/d3-scale-chromatic-3.1.0.tgz 0ms (cache hit)
2708 http cache @types/d3-time@https://registry.npmjs.org/@types/d3-time/-/d3-time-3.0.4.tgz 0ms (cache hit)
2709 http cache @types/d3-polygon@https://registry.npmjs.org/@types/d3-polygon/-/d3-polygon-3.0.2.tgz 0ms (cache hit)
2710 http cache @types/d3-zoom@https://registry.npmjs.org/@types/d3-zoom/-/d3-zoom-3.0.8.tgz 0ms (cache hit)
2711 http cache @types/d3-random@https://registry.npmjs.org/@types/d3-random/-/d3-random-3.0.4.tgz 0ms (cache hit)
2712 http cache @types/d3-quadtree@https://registry.npmjs.org/@types/d3-quadtree/-/d3-quadtree-3.0.6.tgz 0ms (cache hit)
2713 http cache @types/d3-interpolate@https://registry.npmjs.org/@types/d3-interpolate/-/d3-interpolate-3.0.4.tgz 0ms (cache hit)
2714 http cache @types/d3-path@https://registry.npmjs.org/@types/d3-path/-/d3-path-3.1.1.tgz 0ms (cache hit)
2715 http cache @types/d3-geo@https://registry.npmjs.org/@types/d3-geo/-/d3-geo-3.1.0.tgz 0ms (cache hit)
2716 http cache @types/d3-force@https://registry.npmjs.org/@types/d3-force/-/d3-force-3.0.10.tgz 0ms (cache hit)
2717 http cache @types/d3-ease@https://registry.npmjs.org/@types/d3-ease/-/d3-ease-3.0.2.tgz 0ms (cache hit)
2718 http cache @types/d3-fetch@https://registry.npmjs.org/@types/d3-fetch/-/d3-fetch-3.0.7.tgz 0ms (cache hit)
2719 http cache @types/d3-dsv@https://registry.npmjs.org/@types/d3-dsv/-/d3-dsv-3.0.7.tgz 0ms (cache hit)
2720 http cache @types/d3-drag@https://registry.npmjs.org/@types/d3-drag/-/d3-drag-3.0.7.tgz 0ms (cache hit)
2721 http cache @types/d3-format@https://registry.npmjs.org/@types/d3-format/-/d3-format-3.0.4.tgz 0ms (cache hit)
2722 http cache fraction.js@https://registry.npmjs.org/fraction.js/-/fraction.js-5.3.4.tgz 0ms (cache hit)
2723 http cache @types/d3-timer@https://registry.npmjs.org/@types/d3-timer/-/d3-timer-3.0.2.tgz 0ms (cache hit)
2724 http cache @types/d3-dispatch@https://registry.npmjs.org/@types/d3-dispatch/-/d3-dispatch-3.0.7.tgz 0ms (cache hit)
2725 http cache @types/d3-array@https://registry.npmjs.org/@types/d3-array/-/d3-array-3.2.2.tgz 0ms (cache hit)
2726 http cache @jridgewell/resolve-uri@https://registry.npmjs.org/@jridgewell/resolve-uri/-/resolve-uri-3.1.2.tgz 0ms (cache hit)
2727 http cache @types/d3-axis@https://registry.npmjs.org/@types/d3-axis/-/d3-axis-3.0.6.tgz 0ms (cache hit)
2728 http cache @types/d3-delaunay@https://registry.npmjs.org/@types/d3-delaunay/-/d3-delaunay-6.0.4.tgz 0ms (cache hit)
2729 http cache @jridgewell/sourcemap-codec@https://registry.npmjs.org/@jridgewell/sourcemap-codec/-/sourcemap-codec-1.5.5.tgz 0ms (cache hit)
2730 http cache @tailwindcss/oxide-darwin-arm64@https://registry.npmjs.org/@tailwindcss/oxide-darwin-arm64/-/oxide-darwin-arm64-4.3.3.tgz 0ms (cache hit)
2731 http cache @types/d3-contour@https://registry.npmjs.org/@types/d3-contour/-/d3-contour-3.0.6.tgz 0ms (cache hit)
2732 http cache @types/d3-brush@https://registry.npmjs.org/@types/d3-brush/-/d3-brush-3.0.6.tgz 0ms (cache hit)
2733 http cache @jridgewell/gen-mapping@https://registry.npmjs.org/@jridgewell/gen-mapping/-/gen-mapping-0.3.13.tgz 0ms (cache hit)
2734 http cache @types/d3-color@https://registry.npmjs.org/@types/d3-color/-/d3-color-3.1.3.tgz 0ms (cache hit)
2735 http cache @jridgewell/trace-mapping@https://registry.npmjs.org/@jridgewell/trace-mapping/-/trace-mapping-0.3.31.tgz 0ms (cache hit)
2736 http cache jiti@https://registry.npmjs.org/jiti/-/jiti-2.7.0.tgz 0ms (cache hit)
2737 http cache source-map-js@https://registry.npmjs.org/source-map-js/-/source-map-js-1.2.1.tgz 0ms (cache hit)
2738 http cache @tailwindcss/oxide@https://registry.npmjs.org/@tailwindcss/oxide/-/oxide-4.3.3.tgz 0ms (cache hit)
2739 http cache @tailwindcss/node@https://registry.npmjs.org/@tailwindcss/node/-/node-4.3.3.tgz 0ms (cache hit)
2740 http cache @jridgewell/remapping@https://registry.npmjs.org/@jridgewell/remapping/-/remapping-2.3.5.tgz 0ms (cache hit)
2741 http cache @alloc/quick-lru@https://registry.npmjs.org/@alloc/quick-lru/-/quick-lru-5.2.0.tgz 0ms (cache hit)
2742 http cache lightningcss@https://registry.npmjs.org/lightningcss/-/lightningcss-1.32.0.tgz 0ms (cache hit)
2743 http cache tslib@https://registry.npmjs.org/tslib/-/tslib-2.8.1.tgz 0ms (cache hit)
2744 http cache seedrandom@https://registry.npmjs.org/seedrandom/-/seedrandom-3.0.5.tgz 0ms (cache hit)
2745 http cache polylabel@https://registry.npmjs.org/polylabel/-/polylabel-1.1.0.tgz 0ms (cache hit)
2746 http cache pdfmake@https://registry.npmjs.org/pdfmake/-/pdfmake-0.3.11.tgz 0ms (cache hit)
2747 http cache markerjs2@https://registry.npmjs.org/markerjs2/-/markerjs2-2.32.7.tgz 0ms (cache hit)
2748 http cache svg-arc-to-cubic-bezier@https://registry.npmjs.org/svg-arc-to-cubic-bezier/-/svg-arc-to-cubic-bezier-3.2.0.tgz 0ms (cache hit)
2749 http cache d3-voronoi-treemap@https://registry.npmjs.org/d3-voronoi-treemap/-/d3-voronoi-treemap-1.1.2.tgz 0ms (cache hit)
2750 http cache enhanced-resolve@https://registry.npmjs.org/enhanced-resolve/-/enhanced-resolve-5.24.3.tgz 0ms (cache hit)
2751 http cache d3-transition@https://registry.npmjs.org/d3-transition/-/d3-transition-3.0.1.tgz 0ms (cache hit)
2752 http cache flatpickr@https://registry.npmjs.org/flatpickr/-/flatpickr-4.6.13.tgz 0ms (cache hit)
2753 http cache d3-selection@https://registry.npmjs.org/d3-selection/-/d3-selection-3.0.0.tgz 0ms (cache hit)
2754 http cache d3-sankey@https://registry.npmjs.org/d3-sankey/-/d3-sankey-0.12.3.tgz 0ms (cache hit)
2755 http cache d3-geo@https://registry.npmjs.org/d3-geo/-/d3-geo-3.1.1.tgz 0ms (cache hit)
2756 http cache d3-shape@https://registry.npmjs.org/d3-shape/-/d3-shape-3.2.0.tgz 0ms (cache hit)
2757 http cache d3-force@https://registry.npmjs.org/d3-force/-/d3-force-3.0.0.tgz 0ms (cache hit)
2758 http cache d3-chord@https://registry.npmjs.org/d3-chord/-/d3-chord-3.0.1.tgz 0ms (cache hit)
2759 http cache d3@https://registry.npmjs.org/d3/-/d3-7.9.0.tgz 0ms (cache hit)
2760 http cache @types/svg-arc-to-cubic-bezier@https://registry.npmjs.org/@types/svg-arc-to-cubic-bezier/-/svg-arc-to-cubic-bezier-3.2.3.tgz 0ms (cache hit)
2761 http cache @types/polylabel@https://registry.npmjs.org/@types/polylabel/-/polylabel-1.1.3.tgz 0ms (cache hit)
2762 http cache @types/geojson@https://registry.npmjs.org/@types/geojson/-/geojson-7946.0.16.tgz 0ms (cache hit)
2763 http cache @types/d3-chord@https://registry.npmjs.org/@types/d3-chord/-/d3-chord-3.0.6.tgz 0ms (cache hit)
2764 http cache @types/d3-sankey@https://registry.npmjs.org/@types/d3-sankey/-/d3-sankey-0.11.2.tgz 0ms (cache hit)
2765 http cache d3-hierarchy@https://registry.npmjs.org/d3-hierarchy/-/d3-hierarchy-3.1.2.tgz 0ms (cache hit)
2766 http cache @types/d3@https://registry.npmjs.org/@types/d3/-/d3-7.4.3.tgz 0ms (cache hit)
2767 http cache @types/d3-shape@https://registry.npmjs.org/@types/d3-shape/-/d3-shape-3.1.8.tgz 0ms (cache hit)
2768 http cache tailwindcss@https://registry.npmjs.org/tailwindcss/-/tailwindcss-4.3.3.tgz 0ms (cache hit)
2769 http cache @types/d3-hierarchy@https://registry.npmjs.org/@types/d3-hierarchy/-/d3-hierarchy-3.1.1.tgz 0ms (cache hit)
2770 http cache puppeteer-extra-plugin-stealth@https://registry.npmjs.org/puppeteer-extra-plugin-stealth/-/puppeteer-extra-plugin-stealth-2.11.2.tgz 0ms (cache hit)
2771 http cache vite@https://registry.npmjs.org/vite/-/vite-8.1.5.tgz 0ms (cache hit)
2772 http cache puppeteer-extra@https://registry.npmjs.org/puppeteer-extra/-/puppeteer-extra-3.3.6.tgz 0ms (cache hit)
2773 http cache nodemon@https://registry.npmjs.org/nodemon/-/nodemon-3.1.14.tgz 0ms (cache hit)
2774 http cache puppeteer@https://registry.npmjs.org/puppeteer/-/puppeteer-25.4.0.tgz 0ms (cache hit)
2775 http cache mysql2@https://registry.npmjs.org/mysql2/-/mysql2-3.23.1.tgz 0ms (cache hit)
2776 http cache @types/node@https://registry.npmjs.org/@types/node/-/node-26.1.1.tgz 0ms (cache hit)
2777 http cache multer@https://registry.npmjs.org/multer/-/multer-2.2.0.tgz 0ms (cache hit)
2778 http cache jsonwebtoken@https://registry.npmjs.org/jsonwebtoken/-/jsonwebtoken-9.0.3.tgz 0ms (cache hit)
2779 http cache express@https://registry.npmjs.org/express/-/express-5.2.1.tgz 0ms (cache hit)
2780 http cache node-cron@https://registry.npmjs.org/node-cron/-/node-cron-4.6.0.tgz 0ms (cache hit)
2781 http cache xlsx@https://registry.npmjs.org/xlsx/-/xlsx-0.18.5.tgz 0ms (cache hit)
2782 http cache cors@https://registry.npmjs.org/cors/-/cors-2.8.6.tgz 0ms (cache hit)
2783 http cache concurrently@https://registry.npmjs.org/concurrently/-/concurrently-9.2.4.tgz 0ms (cache hit)
2784 http cache postcss@https://registry.npmjs.org/postcss/-/postcss-8.5.23.tgz 0ms (cache hit)
2785 http cache autoprefixer@https://registry.npmjs.org/autoprefixer/-/autoprefixer-10.5.4.tgz 0ms (cache hit)
2786 http cache @tailwindcss/postcss@https://registry.npmjs.org/@tailwindcss/postcss/-/postcss-4.3.3.tgz 0ms (cache hit)
2787 http cache @amcharts/amcharts5@https://registry.npmjs.org/@amcharts/amcharts5/-/amcharts5-5.20.0.tgz 0ms (cache hit)
2788 http cache dotenv@https://registry.npmjs.org/dotenv/-/dotenv-17.4.2.tgz 0ms (cache hit)
2789 http cache picomatch@https://registry.npmjs.org/picomatch/-/picomatch-4.0.5.tgz 0ms (cache hit)
2790 http cache fdir@https://registry.npmjs.org/fdir/-/fdir-6.5.0.tgz 0ms (cache hit)
2791 http cache brace-expansion@https://registry.npmjs.org/brace-expansion/-/brace-expansion-1.1.16.tgz 0ms (cache hit)
2792 http cache for-in@https://registry.npmjs.org/for-in/-/for-in-0.1.8.tgz 0ms (cache hit)
2793 http cache lazy-cache@https://registry.npmjs.org/lazy-cache/-/lazy-cache-0.2.7.tgz 0ms (cache hit)
2794 http cache balanced-match@https://registry.npmjs.org/balanced-match/-/balanced-match-1.0.2.tgz 0ms (cache hit)
2795 http cache kind-of@https://registry.npmjs.org/kind-of/-/kind-of-2.0.1.tgz 0ms (cache hit)
2796 http cache ansi-styles@https://registry.npmjs.org/ansi-styles/-/ansi-styles-6.2.3.tgz 0ms (cache hit)
2797 http cache ansi-regex@https://registry.npmjs.org/ansi-regex/-/ansi-regex-6.2.2.tgz 0ms (cache hit)
2798 http cache wrap-ansi@https://registry.npmjs.org/wrap-ansi/-/wrap-ansi-9.0.2.tgz 0ms (cache hit)
2799 http cache string-width@https://registry.npmjs.org/string-width/-/string-width-7.2.0.tgz 0ms (cache hit)
2800 http cache strip-ansi@https://registry.npmjs.org/strip-ansi/-/strip-ansi-7.2.0.tgz 0ms (cache hit)
2801 http cache yargs-parser@https://registry.npmjs.org/yargs-parser/-/yargs-parser-22.0.0.tgz 0ms (cache hit)
2802 http cache string-width@https://registry.npmjs.org/string-width/-/string-width-8.2.2.tgz 0ms (cache hit)
2803 http cache cliui@https://registry.npmjs.org/cliui/-/cliui-9.0.1.tgz 0ms (cache hit)
2804 http cache string-width@https://registry.npmjs.org/string-width/-/string-width-7.2.0.tgz 0ms (cache hit)
2805 http cache yargs@https://registry.npmjs.org/yargs/-/yargs-18.1.0.tgz 0ms (cache hit)
2806 http cache base64-js@https://registry.npmjs.org/base64-js/-/base64-js-1.5.1.tgz 0ms (cache hit)
2807 http cache minimatch@https://registry.npmjs.org/minimatch/-/minimatch-3.1.5.tgz 0ms (cache hit)
2808 http cache emoji-regex@https://registry.npmjs.org/emoji-regex/-/emoji-regex-10.6.0.tgz 0ms (cache hit)
2809 http cache pako@https://registry.npmjs.org/pako/-/pako-0.2.9.tgz 0ms (cache hit)
2810 http cache iconv-lite@https://registry.npmjs.org/iconv-lite/-/iconv-lite-0.7.3.tgz 0ms (cache hit)
2811 http cache iconv-lite@https://registry.npmjs.org/iconv-lite/-/iconv-lite-0.7.3.tgz 0ms (cache hit)
2812 http cache base64-js@https://registry.npmjs.org/base64-js/-/base64-js-1.5.1.tgz 0ms (cache hit)
2813 http cache magic-string@https://registry.npmjs.org/magic-string/-/magic-string-0.30.21.tgz 0ms (cache hit)
2814 http cache content-type@https://registry.npmjs.org/content-type/-/content-type-2.0.0.tgz 0ms (cache hit)
2815 http cache internmap@https://registry.npmjs.org/internmap/-/internmap-1.0.1.tgz 0ms (cache hit)
2816 http cache d3-polygon@https://registry.npmjs.org/d3-polygon/-/d3-polygon-2.0.0.tgz 0ms (cache hit)
2817 http cache content-type@https://registry.npmjs.org/content-type/-/content-type-2.0.0.tgz 0ms (cache hit)
2818 http cache d3-timer@https://registry.npmjs.org/d3-timer/-/d3-timer-2.0.0.tgz 0ms (cache hit)
2819 http cache d3-array@https://registry.npmjs.org/d3-array/-/d3-array-2.12.1.tgz 0ms (cache hit)
2820 http cache d3-path@https://registry.npmjs.org/d3-path/-/d3-path-1.0.9.tgz 0ms (cache hit)
2821 http cache d3-polygon@https://registry.npmjs.org/d3-polygon/-/d3-polygon-2.0.0.tgz 0ms (cache hit)
2822 http cache supports-color@https://registry.npmjs.org/supports-color/-/supports-color-7.2.0.tgz 0ms (cache hit)
2823 http cache internmap@https://registry.npmjs.org/internmap/-/internmap-1.0.1.tgz 0ms (cache hit)
2824 http cache d3-array@https://registry.npmjs.org/d3-array/-/d3-array-2.12.1.tgz 0ms (cache hit)
2825 http cache @types/d3-path@https://registry.npmjs.org/@types/d3-path/-/d3-path-1.0.11.tgz 0ms (cache hit)
2826 http cache @types/d3-shape@https://registry.npmjs.org/@types/d3-shape/-/d3-shape-1.3.12.tgz 0ms (cache hit)
2827 http cache picomatch@https://registry.npmjs.org/picomatch/-/picomatch-4.0.5.tgz 0ms (cache hit)
2828 http cache has-flag@https://registry.npmjs.org/has-flag/-/has-flag-3.0.0.tgz 0ms (cache hit)
2829 http cache supports-color@https://registry.npmjs.org/supports-color/-/supports-color-5.5.0.tgz 0ms (cache hit)
2830 http cache iconv-lite@https://registry.npmjs.org/iconv-lite/-/iconv-lite-0.7.3.tgz 0ms (cache hit)
2831 http cache mime-db@https://registry.npmjs.org/mime-db/-/mime-db-1.52.0.tgz 0ms (cache hit)
2832 http cache d3-shape@https://registry.npmjs.org/d3-shape/-/d3-shape-1.3.7.tgz 0ms (cache hit)
2833 http cache media-typer@https://registry.npmjs.org/media-typer/-/media-typer-0.3.0.tgz 0ms (cache hit)
2834 http cache mime-types@https://registry.npmjs.org/mime-types/-/mime-types-2.1.35.tgz 0ms (cache hit)
2835 http cache d3-dispatch@https://registry.npmjs.org/d3-dispatch/-/d3-dispatch-2.0.0.tgz 0ms (cache hit)
2836 silly tarball no local data for get-east-asian-width@https://registry.npmjs.org/get-east-asian-width/-/get-east-asian-width-1.6.0.tgz. Extracting by manifest.
2837 silly tarball no local data for wrap-ansi@https://registry.npmjs.org/wrap-ansi/-/wrap-ansi-7.0.0.tgz. Extracting by manifest.
2838 silly tarball no local data for emoji-regex@https://registry.npmjs.org/emoji-regex/-/emoji-regex-8.0.0.tgz. Extracting by manifest.
2839 silly tarball no local data for strip-ansi@https://registry.npmjs.org/strip-ansi/-/strip-ansi-6.0.1.tgz. Extracting by manifest.
2840 silly tarball no local data for string-width@https://registry.npmjs.org/string-width/-/string-width-4.2.3.tgz. Extracting by manifest.
2841 silly tarball no local data for concat-map@https://registry.npmjs.org/concat-map/-/concat-map-0.0.1.tgz. Extracting by manifest.
2842 silly tarball no local data for y18n@https://registry.npmjs.org/y18n/-/y18n-5.0.8.tgz. Extracting by manifest.
2843 silly tarball no local data for is-fullwidth-code-point@https://registry.npmjs.org/is-fullwidth-code-point/-/is-fullwidth-code-point-3.0.0.tgz. Extracting by manifest.
2844 silly tarball no local data for yargs-parser@https://registry.npmjs.org/yargs-parser/-/yargs-parser-21.1.1.tgz. Extracting by manifest.
2845 silly tarball no local data for require-directory@https://registry.npmjs.org/require-directory/-/require-directory-2.1.1.tgz. Extracting by manifest.
2846 silly tarball no local data for cliui@https://registry.npmjs.org/cliui/-/cliui-8.0.1.tgz. Extracting by manifest.
2847 silly tarball no local data for get-caller-file@https://registry.npmjs.org/get-caller-file/-/get-caller-file-2.0.5.tgz. Extracting by manifest.
2848 silly tarball no local data for word@https://registry.npmjs.org/word/-/word-0.3.0.tgz. Extracting by manifest.
2849 silly tarball no local data for ansi-regex@https://registry.npmjs.org/ansi-regex/-/ansi-regex-5.0.1.tgz. Extracting by manifest.
2850 silly tarball no local data for wmf@https://registry.npmjs.org/wmf/-/wmf-1.0.2.tgz. Extracting by manifest.
2851 silly tarball no local data for sax@https://registry.npmjs.org/sax/-/sax-1.6.1.tgz. Extracting by manifest.
2852 silly tarball no local data for codepage@https://registry.npmjs.org/codepage/-/codepage-1.15.0.tgz. Extracting by manifest.
2853 silly tarball no local data for crc-32@https://registry.npmjs.org/crc-32/-/crc-32-1.2.2.tgz. Extracting by manifest.
2854 silly tarball no local data for ssf@https://registry.npmjs.org/ssf/-/ssf-0.11.2.tgz. Extracting by manifest.
2855 silly tarball no local data for adler-32@https://registry.npmjs.org/adler-32/-/adler-32-1.3.1.tgz. Extracting by manifest.
2856 silly tarball no local data for @rolldown/pluginutils@https://registry.npmjs.org/@rolldown/pluginutils/-/pluginutils-1.0.1.tgz. Extracting by manifest.
2857 silly tarball no local data for @oxc-project/types@https://registry.npmjs.org/@oxc-project/types/-/types-0.139.0.tgz. Extracting by manifest.
2858 silly tarball no local data for rolldown@https://registry.npmjs.org/rolldown/-/rolldown-1.1.5.tgz. Extracting by manifest.
2859 silly tarball no local data for tinyglobby@https://registry.npmjs.org/tinyglobby/-/tinyglobby-0.2.17.tgz. Extracting by manifest.
2860 silly tarball no local data for @rolldown/binding-darwin-arm64@https://registry.npmjs.org/@rolldown/binding-darwin-arm64/-/binding-darwin-arm64-1.1.5.tgz. Extracting by manifest.
2861 silly tarball no local data for cfb@https://registry.npmjs.org/cfb/-/cfb-1.2.2.tgz. Extracting by manifest.
2862 silly tarball no local data for is-number@https://registry.npmjs.org/is-number/-/is-number-7.0.0.tgz. Extracting by manifest.
2863 silly tarball no local data for media-typer@https://registry.npmjs.org/media-typer/-/media-typer-1.1.1.tgz. Extracting by manifest.
2864 silly tarball no local data for frac@https://registry.npmjs.org/frac/-/frac-1.1.2.tgz. Extracting by manifest.
2865 silly tarball no local data for dunder-proto@https://registry.npmjs.org/dunder-proto/-/dunder-proto-1.0.1.tgz. Extracting by manifest.
2866 silly tarball no local data for math-intrinsics@https://registry.npmjs.org/math-intrinsics/-/math-intrinsics-1.1.0.tgz. Extracting by manifest.
2867 silly tarball no local data for hasown@https://registry.npmjs.org/hasown/-/hasown-2.0.4.tgz. Extracting by manifest.
2868 silly tarball no local data for get-proto@https://registry.npmjs.org/get-proto/-/get-proto-1.0.1.tgz. Extracting by manifest.
2869 silly tarball no local data for escalade@https://registry.npmjs.org/escalade/-/escalade-3.2.0.tgz. Extracting by manifest.
2870 silly tarball no local data for gopd@https://registry.npmjs.org/gopd/-/gopd-1.2.0.tgz. Extracting by manifest.
2871 silly tarball no local data for call-bind-apply-helpers@https://registry.npmjs.org/call-bind-apply-helpers/-/call-bind-apply-helpers-1.0.2.tgz. Extracting by manifest.
2872 silly tarball no local data for has-symbols@https://registry.npmjs.org/has-symbols/-/has-symbols-1.1.0.tgz. Extracting by manifest.
2873 silly tarball no local data for call-bound@https://registry.npmjs.org/call-bound/-/call-bound-1.0.4.tgz. Extracting by manifest.
2874 silly tarball no local data for side-channel-weakmap@https://registry.npmjs.org/side-channel-weakmap/-/side-channel-weakmap-1.0.2.tgz. Extracting by manifest.
2875 silly tarball no local data for function-bind@https://registry.npmjs.org/function-bind/-/function-bind-1.1.2.tgz. Extracting by manifest.
2876 silly tarball no local data for side-channel-map@https://registry.npmjs.org/side-channel-map/-/side-channel-map-1.0.1.tgz. Extracting by manifest.
2877 silly tarball no local data for es-object-atoms@https://registry.npmjs.org/es-object-atoms/-/es-object-atoms-1.1.2.tgz. Extracting by manifest.
2878 silly tarball no local data for side-channel-list@https://registry.npmjs.org/side-channel-list/-/side-channel-list-1.0.1.tgz. Extracting by manifest.
2879 silly tarball no local data for get-intrinsic@https://registry.npmjs.org/get-intrinsic/-/get-intrinsic-1.3.0.tgz. Extracting by manifest.
2880 silly tarball no local data for path-to-regexp@https://registry.npmjs.org/path-to-regexp/-/path-to-regexp-8.4.2.tgz. Extracting by manifest.
2881 silly tarball no local data for has-flag@https://registry.npmjs.org/has-flag/-/has-flag-4.0.0.tgz. Extracting by manifest.
2882 silly tarball no local data for mixin-object@https://registry.npmjs.org/mixin-object/-/mixin-object-2.0.1.tgz. Extracting by manifest.
2883 silly tarball no local data for path-is-absolute@https://registry.npmjs.org/path-is-absolute/-/path-is-absolute-1.0.1.tgz. Extracting by manifest.
2884 silly tarball no local data for is-extendable@https://registry.npmjs.org/is-extendable/-/is-extendable-0.1.1.tgz. Extracting by manifest.
2885 silly tarball no local data for inflight@https://registry.npmjs.org/inflight/-/inflight-1.0.6.tgz. Extracting by manifest.
2886 silly tarball no local data for fs.realpath@https://registry.npmjs.org/fs.realpath/-/fs.realpath-1.0.0.tgz. Extracting by manifest.
2887 silly tarball no local data for string_decoder@https://registry.npmjs.org/string_decoder/-/string_decoder-1.3.0.tgz. Extracting by manifest.
2888 silly tarball no local data for glob@https://registry.npmjs.org/glob/-/glob-7.2.3.tgz. Extracting by manifest.
2889 silly tarball no local data for util-deprecate@https://registry.npmjs.org/util-deprecate/-/util-deprecate-1.0.2.tgz. Extracting by manifest.
2890 silly tarball no local data for is-promise@https://registry.npmjs.org/is-promise/-/is-promise-4.0.0.tgz. Extracting by manifest.
2891 silly tarball no local data for side-channel@https://registry.npmjs.org/side-channel/-/side-channel-1.1.1.tgz. Extracting by manifest.
2892 silly tarball no local data for unpipe@https://registry.npmjs.org/unpipe/-/unpipe-1.0.0.tgz. Extracting by manifest.
2893 silly tarball no local data for es-define-property@https://registry.npmjs.org/es-define-property/-/es-define-property-1.0.1.tgz. Extracting by manifest.
2894 silly tarball no local data for jsonfile@https://registry.npmjs.org/jsonfile/-/jsonfile-6.2.1.tgz. Extracting by manifest.
2895 silly tarball no local data for fs-extra@https://registry.npmjs.org/fs-extra/-/fs-extra-10.1.0.tgz. Extracting by manifest.
2896 silly tarball no local data for rimraf@https://registry.npmjs.org/rimraf/-/rimraf-3.0.2.tgz. Extracting by manifest.
2897 silly tarball no local data for object-inspect@https://registry.npmjs.org/object-inspect/-/object-inspect-1.13.4.tgz. Extracting by manifest.
2898 silly tarball no local data for puppeteer-extra-plugin-user-data-dir@https://registry.npmjs.org/puppeteer-extra-plugin-user-data-dir/-/puppeteer-extra-plugin-user-data-dir-2.4.1.tgz. Extracting by manifest.
2899 silly tarball no local data for isobject@https://registry.npmjs.org/isobject/-/isobject-3.0.1.tgz. Extracting by manifest.
2900 silly tarball no local data for shallow-clone@https://registry.npmjs.org/shallow-clone/-/shallow-clone-0.1.2.tgz. Extracting by manifest.
2901 silly tarball no local data for universalify@https://registry.npmjs.org/universalify/-/universalify-2.0.1.tgz. Extracting by manifest.
2902 silly tarball no local data for is-buffer@https://registry.npmjs.org/is-buffer/-/is-buffer-1.1.6.tgz. Extracting by manifest.
2903 silly tarball no local data for for-in@https://registry.npmjs.org/for-in/-/for-in-1.0.2.tgz. Extracting by manifest.
2904 silly tarball no local data for kind-of@https://registry.npmjs.org/kind-of/-/kind-of-3.2.2.tgz. Extracting by manifest.
2905 silly tarball no local data for for-own@https://registry.npmjs.org/for-own/-/for-own-0.1.5.tgz. Extracting by manifest.
2906 silly tarball no local data for clone-deep@https://registry.npmjs.org/clone-deep/-/clone-deep-0.2.4.tgz. Extracting by manifest.
2907 silly tarball no local data for merge-deep@https://registry.npmjs.org/merge-deep/-/merge-deep-3.0.3.tgz. Extracting by manifest.
2908 silly tarball no local data for es-errors@https://registry.npmjs.org/es-errors/-/es-errors-1.3.0.tgz. Extracting by manifest.
2909 silly tarball no local data for arr-union@https://registry.npmjs.org/arr-union/-/arr-union-3.1.0.tgz. Extracting by manifest.
2910 silly tarball no local data for is-plain-object@https://registry.npmjs.org/is-plain-object/-/is-plain-object-2.0.4.tgz. Extracting by manifest.
2911 silly tarball no local data for @types/ms@https://registry.npmjs.org/@types/ms/-/ms-2.1.0.tgz. Extracting by manifest.
2912 silly tarball no local data for deepmerge@https://registry.npmjs.org/deepmerge/-/deepmerge-4.3.1.tgz. Extracting by manifest.
2913 silly tarball no local data for ws@https://registry.npmjs.org/ws/-/ws-8.21.1.tgz. Extracting by manifest.
2914 silly tarball no local data for puppeteer-extra-plugin@https://registry.npmjs.org/puppeteer-extra-plugin/-/puppeteer-extra-plugin-3.2.3.tgz. Extracting by manifest.
2915 silly tarball no local data for @types/debug@https://registry.npmjs.org/@types/debug/-/debug-4.1.13.tgz. Extracting by manifest.
2916 silly tarball no local data for webdriver-bidi-protocol@https://registry.npmjs.org/webdriver-bidi-protocol/-/webdriver-bidi-protocol-0.4.2.tgz. Extracting by manifest.
2917 silly tarball no local data for lazy-cache@https://registry.npmjs.org/lazy-cache/-/lazy-cache-1.0.4.tgz. Extracting by manifest.
2918 silly tarball no local data for mitt@https://registry.npmjs.org/mitt/-/mitt-3.0.1.tgz. Extracting by manifest.
2919 silly tarball no local data for modern-tar@https://registry.npmjs.org/modern-tar/-/modern-tar-0.7.7.tgz. Extracting by manifest.
2920 silly tarball no local data for puppeteer-extra-plugin-user-preferences@https://registry.npmjs.org/puppeteer-extra-plugin-user-preferences/-/puppeteer-extra-plugin-user-preferences-2.4.1.tgz. Extracting by manifest.
2921 silly tarball no local data for puppeteer-core@https://registry.npmjs.org/puppeteer-core/-/puppeteer-core-25.4.0.tgz. Extracting by manifest.
2922 silly tarball no local data for lilconfig@https://registry.npmjs.org/lilconfig/-/lilconfig-3.1.3.tgz. Extracting by manifest.
2923 silly tarball no local data for typed-query-selector@https://registry.npmjs.org/typed-query-selector/-/typed-query-selector-2.12.2.tgz. Extracting by manifest.
2924 silly tarball no local data for @puppeteer/browsers@https://registry.npmjs.org/@puppeteer/browsers/-/browsers-3.0.6.tgz. Extracting by manifest.
2925 silly tarball no local data for devtools-protocol@https://registry.npmjs.org/devtools-protocol/-/devtools-protocol-0.0.1653615.tgz. Extracting by manifest.
2926 silly tarball no local data for ipaddr.js@https://registry.npmjs.org/ipaddr.js/-/ipaddr.js-1.9.1.tgz. Extracting by manifest.
2927 silly tarball no local data for forwarded@https://registry.npmjs.org/forwarded/-/forwarded-0.2.0.tgz. Extracting by manifest.
2928 silly tarball no local data for nanoid@https://registry.npmjs.org/nanoid/-/nanoid-3.3.16.tgz. Extracting by manifest.
2929 silly tarball no local data for tinyqueue@https://registry.npmjs.org/tinyqueue/-/tinyqueue-2.0.3.tgz. Extracting by manifest.
2930 silly tarball no local data for zod@https://registry.npmjs.org/zod/-/zod-3.25.76.tgz. Extracting by manifest.
2931 silly tarball no local data for pako@https://registry.npmjs.org/pako/-/pako-1.0.11.tgz. Extracting by manifest.
2932 silly tarball no local data for unicode-properties@https://registry.npmjs.org/unicode-properties/-/unicode-properties-1.4.1.tgz. Extracting by manifest.
2933 silly tarball no local data for chromium-bidi@https://registry.npmjs.org/chromium-bidi/-/chromium-bidi-17.0.2.tgz. Extracting by manifest.
2934 silly tarball no local data for browserify-zlib@https://registry.npmjs.org/browserify-zlib/-/browserify-zlib-0.2.0.tgz. Extracting by manifest.
2935 silly tarball no local data for restructure@https://registry.npmjs.org/restructure/-/restructure-3.0.2.tgz. Extracting by manifest.
2936 silly tarball no local data for dfa@https://registry.npmjs.org/dfa/-/dfa-1.2.0.tgz. Extracting by manifest.
2937 silly tarball no local data for tiny-inflate@https://registry.npmjs.org/tiny-inflate/-/tiny-inflate-1.0.3.tgz. Extracting by manifest.
2938 silly tarball no local data for @swc/helpers@https://registry.npmjs.org/@swc/helpers/-/helpers-0.5.23.tgz. Extracting by manifest.
2939 silly tarball no local data for brotli@https://registry.npmjs.org/brotli/-/brotli-1.3.3.tgz. Extracting by manifest.
2940 silly tarball no local data for png-js@https://registry.npmjs.org/png-js/-/png-js-1.1.0.tgz. Extracting by manifest.
2941 silly tarball no local data for clone@https://registry.npmjs.org/clone/-/clone-2.1.2.tgz. Extracting by manifest.
2942 silly tarball no local data for @noble/hashes@https://registry.npmjs.org/@noble/hashes/-/hashes-1.8.0.tgz. Extracting by manifest.
2943 silly tarball no local data for fontkit@https://registry.npmjs.org/fontkit/-/fontkit-2.0.4.tgz. Extracting by manifest.
2944 silly tarball no local data for @noble/ciphers@https://registry.npmjs.org/@noble/ciphers/-/ciphers-1.3.0.tgz. Extracting by manifest.
2945 silly tarball no local data for unicode-trie@https://registry.npmjs.org/unicode-trie/-/unicode-trie-2.0.0.tgz. Extracting by manifest.
2946 silly tarball no local data for base64-js@https://registry.npmjs.org/base64-js/-/base64-js-0.0.8.tgz. Extracting by manifest.
2947 silly tarball no local data for xmldoc@https://registry.npmjs.org/xmldoc/-/xmldoc-2.0.3.tgz. Extracting by manifest.
2948 silly tarball no local data for linebreak@https://registry.npmjs.org/linebreak/-/linebreak-1.1.0.tgz. Extracting by manifest.
2949 silly tarball no local data for pdfkit@https://registry.npmjs.org/pdfkit/-/pdfkit-0.19.1.tgz. Extracting by manifest.
2950 silly tarball no local data for wrappy@https://registry.npmjs.org/wrappy/-/wrappy-1.0.2.tgz. Extracting by manifest.
2951 silly tarball no local data for js-md5@https://registry.npmjs.org/js-md5/-/js-md5-0.8.3.tgz. Extracting by manifest.
2952 silly tarball no local data for ee-first@https://registry.npmjs.org/ee-first/-/ee-first-1.1.1.tgz. Extracting by manifest.
2953 silly tarball no local data for fast-deep-equal@https://registry.npmjs.org/fast-deep-equal/-/fast-deep-equal-3.1.3.tgz. Extracting by manifest.
2954 silly tarball no local data for brace-expansion@https://registry.npmjs.org/brace-expansion/-/brace-expansion-5.0.8.tgz. Extracting by manifest.
2955 silly tarball no local data for balanced-match@https://registry.npmjs.org/balanced-match/-/balanced-match-4.0.4.tgz. Extracting by manifest.
2956 silly tarball no local data for fill-range@https://registry.npmjs.org/fill-range/-/fill-range-7.1.1.tgz. Extracting by manifest.
2957 silly tarball no local data for to-regex-range@https://registry.npmjs.org/to-regex-range/-/to-regex-range-5.0.1.tgz. Extracting by manifest.
2958 silly tarball no local data for is-extglob@https://registry.npmjs.org/is-extglob/-/is-extglob-2.1.1.tgz. Extracting by manifest.
2959 silly tarball no local data for readdirp@https://registry.npmjs.org/readdirp/-/readdirp-3.6.0.tgz. Extracting by manifest.
2960 silly tarball no local data for normalize-path@https://registry.npmjs.org/normalize-path/-/normalize-path-3.0.0.tgz. Extracting by manifest.
2961 silly tarball no local data for picomatch@https://registry.npmjs.org/picomatch/-/picomatch-2.3.2.tgz. Extracting by manifest.
2962 silly tarball no local data for glob-parent@https://registry.npmjs.org/glob-parent/-/glob-parent-5.1.2.tgz. Extracting by manifest.
2963 silly tarball no local data for is-binary-path@https://registry.npmjs.org/is-binary-path/-/is-binary-path-2.1.0.tgz. Extracting by manifest.
2964 silly tarball no local data for is-glob@https://registry.npmjs.org/is-glob/-/is-glob-4.0.3.tgz. Extracting by manifest.
2965 silly tarball no local data for anymatch@https://registry.npmjs.org/anymatch/-/anymatch-3.1.3.tgz. Extracting by manifest.
2966 silly tarball no local data for fsevents@https://registry.npmjs.org/fsevents/-/fsevents-2.3.3.tgz. Extracting by manifest.
2967 silly tarball no local data for undefsafe@https://registry.npmjs.org/undefsafe/-/undefsafe-2.0.5.tgz. Extracting by manifest.
2968 silly tarball no local data for simple-update-notifier@https://registry.npmjs.org/simple-update-notifier/-/simple-update-notifier-2.0.0.tgz. Extracting by manifest.
2969 silly tarball no local data for touch@https://registry.npmjs.org/touch/-/touch-3.1.1.tgz. Extracting by manifest.
2970 silly tarball no local data for braces@https://registry.npmjs.org/braces/-/braces-3.0.3.tgz. Extracting by manifest.
2971 silly tarball no local data for ignore-by-default@https://registry.npmjs.org/ignore-by-default/-/ignore-by-default-1.0.1.tgz. Extracting by manifest.
2972 silly tarball no local data for binary-extensions@https://registry.npmjs.org/binary-extensions/-/binary-extensions-2.3.0.tgz. Extracting by manifest.
2973 silly tarball no local data for pstree.remy@https://registry.npmjs.org/pstree.remy/-/pstree.remy-1.1.8.tgz. Extracting by manifest.
2974 silly tarball no local data for chokidar@https://registry.npmjs.org/chokidar/-/chokidar-3.6.0.tgz. Extracting by manifest.
2975 silly tarball no local data for sql-escaper@https://registry.npmjs.org/sql-escaper/-/sql-escaper-1.5.1.tgz. Extracting by manifest.
2976 silly tarball no local data for long@https://registry.npmjs.org/long/-/long-5.3.2.tgz. Extracting by manifest.
2977 silly tarball no local data for denque@https://registry.npmjs.org/denque/-/denque-2.1.0.tgz. Extracting by manifest.
2978 silly tarball no local data for is-property@https://registry.npmjs.org/is-property/-/is-property-1.0.2.tgz. Extracting by manifest.
2979 silly tarball no local data for named-placeholders@https://registry.npmjs.org/named-placeholders/-/named-placeholders-1.1.6.tgz. Extracting by manifest.
2980 silly tarball no local data for lru.min@https://registry.npmjs.org/lru.min/-/lru.min-1.1.4.tgz. Extracting by manifest.
2981 silly tarball no local data for minimatch@https://registry.npmjs.org/minimatch/-/minimatch-10.2.5.tgz. Extracting by manifest.
2982 silly tarball no local data for aws-ssl-profiles@https://registry.npmjs.org/aws-ssl-profiles/-/aws-ssl-profiles-1.1.2.tgz. Extracting by manifest.
2983 silly tarball no local data for typedarray@https://registry.npmjs.org/typedarray/-/typedarray-0.0.6.tgz. Extracting by manifest.
2984 silly tarball no local data for buffer-from@https://registry.npmjs.org/buffer-from/-/buffer-from-1.1.2.tgz. Extracting by manifest.
2985 http cache type-is@https://registry.npmjs.org/type-is/-/type-is-1.6.18.tgz 0ms (cache hit)
2986 silly tarball no local data for streamsearch@https://registry.npmjs.org/streamsearch/-/streamsearch-1.1.0.tgz. Extracting by manifest.
2987 silly tarball no local data for readable-stream@https://registry.npmjs.org/readable-stream/-/readable-stream-3.6.2.tgz. Extracting by manifest.
2988 silly tarball no local data for busboy@https://registry.npmjs.org/busboy/-/busboy-1.6.0.tgz. Extracting by manifest.
2989 silly tarball no local data for append-field@https://registry.npmjs.org/append-field/-/append-field-1.0.0.tgz. Extracting by manifest.
2990 silly tarball no local data for concat-stream@https://registry.npmjs.org/concat-stream/-/concat-stream-2.0.0.tgz. Extracting by manifest.
2991 silly tarball no local data for lightningcss-darwin-arm64@https://registry.npmjs.org/lightningcss-darwin-arm64/-/lightningcss-darwin-arm64-1.32.0.tgz. Extracting by manifest.
2992 silly tarball no local data for generate-function@https://registry.npmjs.org/generate-function/-/generate-function-2.3.1.tgz. Extracting by manifest.
2993 silly tarball no local data for mime-db@https://registry.npmjs.org/mime-db/-/mime-db-1.54.0.tgz. Extracting by manifest.
2994 silly tarball no local data for buffer-equal-constant-time@https://registry.npmjs.org/buffer-equal-constant-time/-/buffer-equal-constant-time-1.0.1.tgz. Extracting by manifest.
2995 silly tarball no local data for semver@https://registry.npmjs.org/semver/-/semver-7.8.5.tgz. Extracting by manifest.
2996 silly tarball no local data for ecdsa-sig-formatter@https://registry.npmjs.org/ecdsa-sig-formatter/-/ecdsa-sig-formatter-1.0.11.tgz. Extracting by manifest.
2997 silly tarball no local data for jwa@https://registry.npmjs.org/jwa/-/jwa-2.0.1.tgz. Extracting by manifest.
2998 silly tarball no local data for lodash.isstring@https://registry.npmjs.org/lodash.isstring/-/lodash.isstring-4.0.1.tgz. Extracting by manifest.
2999 silly tarball no local data for lodash.once@https://registry.npmjs.org/lodash.once/-/lodash.once-4.1.1.tgz. Extracting by manifest.
3000 silly tarball no local data for safe-buffer@https://registry.npmjs.org/safe-buffer/-/safe-buffer-5.2.1.tgz. Extracting by manifest.
3001 silly tarball no local data for lodash.isplainobject@https://registry.npmjs.org/lodash.isplainobject/-/lodash.isplainobject-4.0.6.tgz. Extracting by manifest.
3002 silly tarball no local data for lodash.isinteger@https://registry.npmjs.org/lodash.isinteger/-/lodash.isinteger-4.0.4.tgz. Extracting by manifest.
3003 silly tarball no local data for lodash.includes@https://registry.npmjs.org/lodash.includes/-/lodash.includes-4.3.0.tgz. Extracting by manifest.
3004 silly tarball no local data for jws@https://registry.npmjs.org/jws/-/jws-4.0.1.tgz. Extracting by manifest.
3005 silly tarball no local data for safer-buffer@https://registry.npmjs.org/safer-buffer/-/safer-buffer-2.1.2.tgz. Extracting by manifest.
3006 silly tarball no local data for detect-libc@https://registry.npmjs.org/detect-libc/-/detect-libc-2.1.2.tgz. Extracting by manifest.
3007 silly tarball no local data for toidentifier@https://registry.npmjs.org/toidentifier/-/toidentifier-1.0.1.tgz. Extracting by manifest.
3008 silly tarball no local data for lodash.isnumber@https://registry.npmjs.org/lodash.isnumber/-/lodash.isnumber-3.0.3.tgz. Extracting by manifest.
3009 silly tarball no local data for lodash.isboolean@https://registry.npmjs.org/lodash.isboolean/-/lodash.isboolean-3.0.3.tgz. Extracting by manifest.
3010 silly tarball no local data for setprototypeof@https://registry.npmjs.org/setprototypeof/-/setprototypeof-1.2.0.tgz. Extracting by manifest.
3011 silly tarball no local data for negotiator@https://registry.npmjs.org/negotiator/-/negotiator-1.0.0.tgz. Extracting by manifest.
3012 silly tarball no local data for bytes@https://registry.npmjs.org/bytes/-/bytes-3.1.2.tgz. Extracting by manifest.
3013 silly tarball no local data for type-is@https://registry.npmjs.org/type-is/-/type-is-2.1.0.tgz. Extracting by manifest.
3014 silly tarball no local data for statuses@https://registry.npmjs.org/statuses/-/statuses-2.0.2.tgz. Extracting by manifest.
3015 silly tarball no local data for ms@https://registry.npmjs.org/ms/-/ms-2.1.3.tgz. Extracting by manifest.
3016 silly tarball no local data for serve-static@https://registry.npmjs.org/serve-static/-/serve-static-2.2.1.tgz. Extracting by manifest.
3017 silly tarball no local data for router@https://registry.npmjs.org/router/-/router-2.2.0.tgz. Extracting by manifest.
3018 silly tarball no local data for range-parser@https://registry.npmjs.org/range-parser/-/range-parser-1.3.0.tgz. Extracting by manifest.
3019 silly tarball no local data for qs@https://registry.npmjs.org/qs/-/qs-6.15.3.tgz. Extracting by manifest.
3020 silly tarball no local data for send@https://registry.npmjs.org/send/-/send-1.2.1.tgz. Extracting by manifest.
3021 silly tarball no local data for proxy-addr@https://registry.npmjs.org/proxy-addr/-/proxy-addr-2.0.7.tgz. Extracting by manifest.
3022 silly tarball no local data for parseurl@https://registry.npmjs.org/parseurl/-/parseurl-1.3.3.tgz. Extracting by manifest.
3023 silly tarball no local data for inherits@https://registry.npmjs.org/inherits/-/inherits-2.0.4.tgz. Extracting by manifest.
3024 silly tarball no local data for raw-body@https://registry.npmjs.org/raw-body/-/raw-body-3.0.2.tgz. Extracting by manifest.
3025 silly tarball no local data for on-finished@https://registry.npmjs.org/on-finished/-/on-finished-2.4.1.tgz. Extracting by manifest.
3026 silly tarball no local data for once@https://registry.npmjs.org/once/-/once-1.4.0.tgz. Extracting by manifest.
3027 silly tarball no local data for http-errors@https://registry.npmjs.org/http-errors/-/http-errors-2.0.1.tgz. Extracting by manifest.
3028 silly tarball no local data for fresh@https://registry.npmjs.org/fresh/-/fresh-2.0.0.tgz. Extracting by manifest.
3029 silly tarball no local data for escape-html@https://registry.npmjs.org/escape-html/-/escape-html-1.0.3.tgz. Extracting by manifest.
3030 silly tarball no local data for merge-descriptors@https://registry.npmjs.org/merge-descriptors/-/merge-descriptors-2.0.0.tgz. Extracting by manifest.
3031 silly tarball no local data for etag@https://registry.npmjs.org/etag/-/etag-1.8.1.tgz. Extracting by manifest.
3032 silly tarball no local data for debug@https://registry.npmjs.org/debug/-/debug-4.4.3.tgz. Extracting by manifest.
3033 silly tarball no local data for encodeurl@https://registry.npmjs.org/encodeurl/-/encodeurl-2.0.0.tgz. Extracting by manifest.
3034 silly tarball no local data for depd@https://registry.npmjs.org/depd/-/depd-2.0.0.tgz. Extracting by manifest.
3035 silly tarball no local data for cookie-signature@https://registry.npmjs.org/cookie-signature/-/cookie-signature-1.2.2.tgz. Extracting by manifest.
3036 silly tarball no local data for cookie@https://registry.npmjs.org/cookie/-/cookie-0.7.2.tgz. Extracting by manifest.
3037 silly tarball no local data for mime-types@https://registry.npmjs.org/mime-types/-/mime-types-3.0.2.tgz. Extracting by manifest.
3038 silly tarball no local data for content-disposition@https://registry.npmjs.org/content-disposition/-/content-disposition-1.1.0.tgz. Extracting by manifest.
3039 silly tarball no local data for body-parser@https://registry.npmjs.org/body-parser/-/body-parser-2.3.0.tgz. Extracting by manifest.
3040 silly tarball no local data for accepts@https://registry.npmjs.org/accepts/-/accepts-2.0.0.tgz. Extracting by manifest.
3041 silly tarball no local data for robust-predicates@https://registry.npmjs.org/robust-predicates/-/robust-predicates-3.0.3.tgz. Extracting by manifest.
3042 silly tarball no local data for graceful-fs@https://registry.npmjs.org/graceful-fs/-/graceful-fs-4.2.11.tgz. Extracting by manifest.
3043 silly tarball no local data for tapable@https://registry.npmjs.org/tapable/-/tapable-2.3.3.tgz. Extracting by manifest.
3044 silly tarball no local data for content-type@https://registry.npmjs.org/content-type/-/content-type-1.0.5.tgz. Extracting by manifest.
3045 silly tarball no local data for d3-voronoi-map@https://registry.npmjs.org/d3-voronoi-map/-/d3-voronoi-map-2.1.1.tgz. Extracting by manifest.
3046 silly tarball no local data for d3-weighted-voronoi@https://registry.npmjs.org/d3-weighted-voronoi/-/d3-weighted-voronoi-1.1.3.tgz. Extracting by manifest.
3047 silly tarball no local data for rw@https://registry.npmjs.org/rw/-/rw-1.3.3.tgz. Extracting by manifest.
3048 silly tarball no local data for iconv-lite@https://registry.npmjs.org/iconv-lite/-/iconv-lite-0.6.3.tgz. Extracting by manifest.
3049 silly tarball no local data for d3-zoom@https://registry.npmjs.org/d3-zoom/-/d3-zoom-3.0.0.tgz. Extracting by manifest.
3050 silly tarball no local data for commander@https://registry.npmjs.org/commander/-/commander-7.2.0.tgz. Extracting by manifest.
3051 silly tarball no local data for finalhandler@https://registry.npmjs.org/finalhandler/-/finalhandler-2.1.1.tgz. Extracting by manifest.
3052 silly tarball no local data for d3-timer@https://registry.npmjs.org/d3-timer/-/d3-timer-3.0.1.tgz. Extracting by manifest.
3053 silly tarball no local data for delaunator@https://registry.npmjs.org/delaunator/-/delaunator-5.1.0.tgz. Extracting by manifest.
3054 silly tarball no local data for d3-time-format@https://registry.npmjs.org/d3-time-format/-/d3-time-format-4.1.0.tgz. Extracting by manifest.
3055 silly tarball no local data for d3-scale@https://registry.npmjs.org/d3-scale/-/d3-scale-4.0.2.tgz. Extracting by manifest.
3056 silly tarball no local data for d3-time@https://registry.npmjs.org/d3-time/-/d3-time-3.1.0.tgz. Extracting by manifest.
3057 silly tarball no local data for d3-quadtree@https://registry.npmjs.org/d3-quadtree/-/d3-quadtree-3.0.1.tgz. Extracting by manifest.
3058 silly tarball no local data for internmap@https://registry.npmjs.org/internmap/-/internmap-2.0.3.tgz. Extracting by manifest.
3059 silly tarball no local data for d3-scale-chromatic@https://registry.npmjs.org/d3-scale-chromatic/-/d3-scale-chromatic-3.1.0.tgz. Extracting by manifest.
3060 silly tarball no local data for d3-fetch@https://registry.npmjs.org/d3-fetch/-/d3-fetch-3.0.1.tgz. Extracting by manifest.
3061 silly tarball no local data for d3-path@https://registry.npmjs.org/d3-path/-/d3-path-3.1.0.tgz. Extracting by manifest.
3062 silly tarball no local data for d3-interpolate@https://registry.npmjs.org/d3-interpolate/-/d3-interpolate-3.0.1.tgz. Extracting by manifest.
3063 silly tarball no local data for d3-random@https://registry.npmjs.org/d3-random/-/d3-random-3.0.1.tgz. Extracting by manifest.
3064 silly tarball no local data for d3-dsv@https://registry.npmjs.org/d3-dsv/-/d3-dsv-3.0.1.tgz. Extracting by manifest.
3065 silly tarball no local data for d3-polygon@https://registry.npmjs.org/d3-polygon/-/d3-polygon-3.0.1.tgz. Extracting by manifest.
3066 silly tarball no local data for d3-format@https://registry.npmjs.org/d3-format/-/d3-format-3.1.2.tgz. Extracting by manifest.
3067 silly tarball no local data for d3-ease@https://registry.npmjs.org/d3-ease/-/d3-ease-3.0.1.tgz. Extracting by manifest.
3068 silly tarball no local data for d3-drag@https://registry.npmjs.org/d3-drag/-/d3-drag-3.0.0.tgz. Extracting by manifest.
3069 silly tarball no local data for d3-dispatch@https://registry.npmjs.org/d3-dispatch/-/d3-dispatch-3.0.1.tgz. Extracting by manifest.
3070 silly tarball no local data for d3-color@https://registry.npmjs.org/d3-color/-/d3-color-3.1.0.tgz. Extracting by manifest.
3071 silly tarball no local data for d3-delaunay@https://registry.npmjs.org/d3-delaunay/-/d3-delaunay-6.0.4.tgz. Extracting by manifest.
3072 silly tarball no local data for d3-contour@https://registry.npmjs.org/d3-contour/-/d3-contour-4.0.2.tgz. Extracting by manifest.
3073 silly tarball no local data for color-convert@https://registry.npmjs.org/color-convert/-/color-convert-2.0.1.tgz. Extracting by manifest.
3074 silly tarball no local data for d3-brush@https://registry.npmjs.org/d3-brush/-/d3-brush-3.0.0.tgz. Extracting by manifest.
3075 silly tarball no local data for object-assign@https://registry.npmjs.org/object-assign/-/object-assign-4.1.1.tgz. Extracting by manifest.
3076 silly tarball no local data for color-name@https://registry.npmjs.org/color-name/-/color-name-1.1.4.tgz. Extracting by manifest.
3077 silly tarball no local data for vary@https://registry.npmjs.org/vary/-/vary-1.1.2.tgz. Extracting by manifest.
3078 silly tarball no local data for d3-axis@https://registry.npmjs.org/d3-axis/-/d3-axis-3.0.0.tgz. Extracting by manifest.
3079 silly tarball no local data for ansi-styles@https://registry.npmjs.org/ansi-styles/-/ansi-styles-4.3.0.tgz. Extracting by manifest.
3080 silly tarball no local data for chalk@https://registry.npmjs.org/chalk/-/chalk-4.1.2.tgz. Extracting by manifest.
3081 silly tarball no local data for tree-kill@https://registry.npmjs.org/tree-kill/-/tree-kill-1.2.2.tgz. Extracting by manifest.
3082 silly tarball no local data for update-browserslist-db@https://registry.npmjs.org/update-browserslist-db/-/update-browserslist-db-1.2.3.tgz. Extracting by manifest.
3083 silly tarball no local data for electron-to-chromium@https://registry.npmjs.org/electron-to-chromium/-/electron-to-chromium-1.5.396.tgz. Extracting by manifest.
3084 silly tarball no local data for rxjs@https://registry.npmjs.org/rxjs/-/rxjs-7.8.2.tgz. Extracting by manifest.
3085 silly tarball no local data for node-releases@https://registry.npmjs.org/node-releases/-/node-releases-2.0.51.tgz. Extracting by manifest.
3086 silly tarball no local data for d3-array@https://registry.npmjs.org/d3-array/-/d3-array-3.2.4.tgz. Extracting by manifest.
3087 silly tarball no local data for postcss-value-parser@https://registry.npmjs.org/postcss-value-parser/-/postcss-value-parser-4.2.0.tgz. Extracting by manifest.
3088 silly tarball no local data for baseline-browser-mapping@https://registry.npmjs.org/baseline-browser-mapping/-/baseline-browser-mapping-2.11.4.tgz. Extracting by manifest.
3089 silly tarball no local data for supports-color@https://registry.npmjs.org/supports-color/-/supports-color-8.1.1.tgz. Extracting by manifest.
3090 silly tarball no local data for shell-quote@https://registry.npmjs.org/shell-quote/-/shell-quote-1.9.0.tgz. Extracting by manifest.
3091 silly tarball no local data for picocolors@https://registry.npmjs.org/picocolors/-/picocolors-1.1.1.tgz. Extracting by manifest.
3092 silly tarball no local data for caniuse-lite@https://registry.npmjs.org/caniuse-lite/-/caniuse-lite-1.0.30001806.tgz. Extracting by manifest.
3093 silly tarball no local data for undici-types@https://registry.npmjs.org/undici-types/-/undici-types-8.3.0.tgz. Extracting by manifest.
3094 silly tarball no local data for yargs@https://registry.npmjs.org/yargs/-/yargs-17.7.2.tgz. Extracting by manifest.
3095 silly tarball no local data for browserslist@https://registry.npmjs.org/browserslist/-/browserslist-4.28.7.tgz. Extracting by manifest.
3096 silly tarball no local data for @types/d3-time-format@https://registry.npmjs.org/@types/d3-time-format/-/d3-time-format-4.0.3.tgz. Extracting by manifest.
3097 silly tarball no local data for @types/d3-transition@https://registry.npmjs.org/@types/d3-transition/-/d3-transition-3.0.9.tgz. Extracting by manifest.
3098 silly tarball no local data for @types/d3-scale@https://registry.npmjs.org/@types/d3-scale/-/d3-scale-4.0.9.tgz. Extracting by manifest.
3099 silly tarball no local data for @types/d3-selection@https://registry.npmjs.org/@types/d3-selection/-/d3-selection-3.0.11.tgz. Extracting by manifest.
3100 silly tarball no local data for @types/d3-scale-chromatic@https://registry.npmjs.org/@types/d3-scale-chromatic/-/d3-scale-chromatic-3.1.0.tgz. Extracting by manifest.
3101 silly tarball no local data for @types/d3-time@https://registry.npmjs.org/@types/d3-time/-/d3-time-3.0.4.tgz. Extracting by manifest.
3102 silly tarball no local data for @types/d3-polygon@https://registry.npmjs.org/@types/d3-polygon/-/d3-polygon-3.0.2.tgz. Extracting by manifest.
3103 silly tarball no local data for @types/d3-zoom@https://registry.npmjs.org/@types/d3-zoom/-/d3-zoom-3.0.8.tgz. Extracting by manifest.
3104 silly tarball no local data for @types/d3-random@https://registry.npmjs.org/@types/d3-random/-/d3-random-3.0.4.tgz. Extracting by manifest.
3105 silly tarball no local data for @types/d3-quadtree@https://registry.npmjs.org/@types/d3-quadtree/-/d3-quadtree-3.0.6.tgz. Extracting by manifest.
3106 silly tarball no local data for @types/d3-interpolate@https://registry.npmjs.org/@types/d3-interpolate/-/d3-interpolate-3.0.4.tgz. Extracting by manifest.
3107 silly tarball no local data for @types/d3-path@https://registry.npmjs.org/@types/d3-path/-/d3-path-3.1.1.tgz. Extracting by manifest.
3108 silly tarball no local data for @types/d3-geo@https://registry.npmjs.org/@types/d3-geo/-/d3-geo-3.1.0.tgz. Extracting by manifest.
3109 silly tarball no local data for @types/d3-force@https://registry.npmjs.org/@types/d3-force/-/d3-force-3.0.10.tgz. Extracting by manifest.
3110 silly tarball no local data for @types/d3-ease@https://registry.npmjs.org/@types/d3-ease/-/d3-ease-3.0.2.tgz. Extracting by manifest.
3111 silly tarball no local data for @types/d3-fetch@https://registry.npmjs.org/@types/d3-fetch/-/d3-fetch-3.0.7.tgz. Extracting by manifest.
3112 silly tarball no local data for @types/d3-dsv@https://registry.npmjs.org/@types/d3-dsv/-/d3-dsv-3.0.7.tgz. Extracting by manifest.
3113 silly tarball no local data for @types/d3-drag@https://registry.npmjs.org/@types/d3-drag/-/d3-drag-3.0.7.tgz. Extracting by manifest.
3114 silly tarball no local data for @types/d3-format@https://registry.npmjs.org/@types/d3-format/-/d3-format-3.0.4.tgz. Extracting by manifest.
3115 silly tarball no local data for fraction.js@https://registry.npmjs.org/fraction.js/-/fraction.js-5.3.4.tgz. Extracting by manifest.
3116 silly tarball no local data for @types/d3-timer@https://registry.npmjs.org/@types/d3-timer/-/d3-timer-3.0.2.tgz. Extracting by manifest.
3117 silly tarball no local data for @types/d3-dispatch@https://registry.npmjs.org/@types/d3-dispatch/-/d3-dispatch-3.0.7.tgz. Extracting by manifest.
3118 silly tarball no local data for @types/d3-array@https://registry.npmjs.org/@types/d3-array/-/d3-array-3.2.2.tgz. Extracting by manifest.
3119 silly tarball no local data for @jridgewell/resolve-uri@https://registry.npmjs.org/@jridgewell/resolve-uri/-/resolve-uri-3.1.2.tgz. Extracting by manifest.
3120 silly tarball no local data for @types/d3-axis@https://registry.npmjs.org/@types/d3-axis/-/d3-axis-3.0.6.tgz. Extracting by manifest.
3121 silly tarball no local data for @types/d3-delaunay@https://registry.npmjs.org/@types/d3-delaunay/-/d3-delaunay-6.0.4.tgz. Extracting by manifest.
3122 silly tarball no local data for @jridgewell/sourcemap-codec@https://registry.npmjs.org/@jridgewell/sourcemap-codec/-/sourcemap-codec-1.5.5.tgz. Extracting by manifest.
3123 silly tarball no local data for @tailwindcss/oxide-darwin-arm64@https://registry.npmjs.org/@tailwindcss/oxide-darwin-arm64/-/oxide-darwin-arm64-4.3.3.tgz. Extracting by manifest.
3124 silly tarball no local data for @types/d3-contour@https://registry.npmjs.org/@types/d3-contour/-/d3-contour-3.0.6.tgz. Extracting by manifest.
3125 silly tarball no local data for @types/d3-brush@https://registry.npmjs.org/@types/d3-brush/-/d3-brush-3.0.6.tgz. Extracting by manifest.
3126 silly tarball no local data for @jridgewell/gen-mapping@https://registry.npmjs.org/@jridgewell/gen-mapping/-/gen-mapping-0.3.13.tgz. Extracting by manifest.
3127 silly tarball no local data for @types/d3-color@https://registry.npmjs.org/@types/d3-color/-/d3-color-3.1.3.tgz. Extracting by manifest.
3128 silly tarball no local data for @jridgewell/trace-mapping@https://registry.npmjs.org/@jridgewell/trace-mapping/-/trace-mapping-0.3.31.tgz. Extracting by manifest.
3129 silly tarball no local data for jiti@https://registry.npmjs.org/jiti/-/jiti-2.7.0.tgz. Extracting by manifest.
3130 silly tarball no local data for source-map-js@https://registry.npmjs.org/source-map-js/-/source-map-js-1.2.1.tgz. Extracting by manifest.
3131 silly tarball no local data for @tailwindcss/oxide@https://registry.npmjs.org/@tailwindcss/oxide/-/oxide-4.3.3.tgz. Extracting by manifest.
3132 silly tarball no local data for @tailwindcss/node@https://registry.npmjs.org/@tailwindcss/node/-/node-4.3.3.tgz. Extracting by manifest.
3133 silly tarball no local data for @jridgewell/remapping@https://registry.npmjs.org/@jridgewell/remapping/-/remapping-2.3.5.tgz. Extracting by manifest.
3134 silly tarball no local data for @alloc/quick-lru@https://registry.npmjs.org/@alloc/quick-lru/-/quick-lru-5.2.0.tgz. Extracting by manifest.
3135 silly tarball no local data for lightningcss@https://registry.npmjs.org/lightningcss/-/lightningcss-1.32.0.tgz. Extracting by manifest.
3136 silly tarball no local data for tslib@https://registry.npmjs.org/tslib/-/tslib-2.8.1.tgz. Extracting by manifest.
3137 silly tarball no local data for seedrandom@https://registry.npmjs.org/seedrandom/-/seedrandom-3.0.5.tgz. Extracting by manifest.
3138 silly tarball no local data for polylabel@https://registry.npmjs.org/polylabel/-/polylabel-1.1.0.tgz. Extracting by manifest.
3139 silly tarball no local data for pdfmake@https://registry.npmjs.org/pdfmake/-/pdfmake-0.3.11.tgz. Extracting by manifest.
3140 silly tarball no local data for markerjs2@https://registry.npmjs.org/markerjs2/-/markerjs2-2.32.7.tgz. Extracting by manifest.
3141 silly tarball no local data for svg-arc-to-cubic-bezier@https://registry.npmjs.org/svg-arc-to-cubic-bezier/-/svg-arc-to-cubic-bezier-3.2.0.tgz. Extracting by manifest.
3142 silly tarball no local data for d3-voronoi-treemap@https://registry.npmjs.org/d3-voronoi-treemap/-/d3-voronoi-treemap-1.1.2.tgz. Extracting by manifest.
3143 silly tarball no local data for enhanced-resolve@https://registry.npmjs.org/enhanced-resolve/-/enhanced-resolve-5.24.3.tgz. Extracting by manifest.
3144 silly tarball no local data for d3-transition@https://registry.npmjs.org/d3-transition/-/d3-transition-3.0.1.tgz. Extracting by manifest.
3145 silly tarball no local data for flatpickr@https://registry.npmjs.org/flatpickr/-/flatpickr-4.6.13.tgz. Extracting by manifest.
3146 silly tarball no local data for d3-selection@https://registry.npmjs.org/d3-selection/-/d3-selection-3.0.0.tgz. Extracting by manifest.
3147 silly tarball no local data for d3-sankey@https://registry.npmjs.org/d3-sankey/-/d3-sankey-0.12.3.tgz. Extracting by manifest.
3148 silly tarball no local data for d3-geo@https://registry.npmjs.org/d3-geo/-/d3-geo-3.1.1.tgz. Extracting by manifest.
3149 silly tarball no local data for d3-shape@https://registry.npmjs.org/d3-shape/-/d3-shape-3.2.0.tgz. Extracting by manifest.
3150 silly tarball no local data for d3-force@https://registry.npmjs.org/d3-force/-/d3-force-3.0.0.tgz. Extracting by manifest.
3151 silly tarball no local data for d3-chord@https://registry.npmjs.org/d3-chord/-/d3-chord-3.0.1.tgz. Extracting by manifest.
3152 silly tarball no local data for d3@https://registry.npmjs.org/d3/-/d3-7.9.0.tgz. Extracting by manifest.
3153 silly tarball no local data for @types/svg-arc-to-cubic-bezier@https://registry.npmjs.org/@types/svg-arc-to-cubic-bezier/-/svg-arc-to-cubic-bezier-3.2.3.tgz. Extracting by manifest.
3154 silly tarball no local data for @types/polylabel@https://registry.npmjs.org/@types/polylabel/-/polylabel-1.1.3.tgz. Extracting by manifest.
3155 silly tarball no local data for @types/geojson@https://registry.npmjs.org/@types/geojson/-/geojson-7946.0.16.tgz. Extracting by manifest.
3156 silly tarball no local data for @types/d3-chord@https://registry.npmjs.org/@types/d3-chord/-/d3-chord-3.0.6.tgz. Extracting by manifest.
3157 silly tarball no local data for @types/d3-sankey@https://registry.npmjs.org/@types/d3-sankey/-/d3-sankey-0.11.2.tgz. Extracting by manifest.
3158 silly tarball no local data for d3-hierarchy@https://registry.npmjs.org/d3-hierarchy/-/d3-hierarchy-3.1.2.tgz. Extracting by manifest.
3159 silly tarball no local data for @types/d3@https://registry.npmjs.org/@types/d3/-/d3-7.4.3.tgz. Extracting by manifest.
3160 silly tarball no local data for @types/d3-shape@https://registry.npmjs.org/@types/d3-shape/-/d3-shape-3.1.8.tgz. Extracting by manifest.
3161 silly tarball no local data for tailwindcss@https://registry.npmjs.org/tailwindcss/-/tailwindcss-4.3.3.tgz. Extracting by manifest.
3162 silly tarball no local data for @types/d3-hierarchy@https://registry.npmjs.org/@types/d3-hierarchy/-/d3-hierarchy-3.1.1.tgz. Extracting by manifest.
3163 silly tarball no local data for puppeteer-extra-plugin-stealth@https://registry.npmjs.org/puppeteer-extra-plugin-stealth/-/puppeteer-extra-plugin-stealth-2.11.2.tgz. Extracting by manifest.
3164 silly tarball no local data for vite@https://registry.npmjs.org/vite/-/vite-8.1.5.tgz. Extracting by manifest.
3165 silly tarball no local data for puppeteer-extra@https://registry.npmjs.org/puppeteer-extra/-/puppeteer-extra-3.3.6.tgz. Extracting by manifest.
3166 silly tarball no local data for nodemon@https://registry.npmjs.org/nodemon/-/nodemon-3.1.14.tgz. Extracting by manifest.
3167 silly tarball no local data for puppeteer@https://registry.npmjs.org/puppeteer/-/puppeteer-25.4.0.tgz. Extracting by manifest.
3168 silly tarball no local data for mysql2@https://registry.npmjs.org/mysql2/-/mysql2-3.23.1.tgz. Extracting by manifest.
3169 silly tarball no local data for @types/node@https://registry.npmjs.org/@types/node/-/node-26.1.1.tgz. Extracting by manifest.
3170 silly tarball no local data for multer@https://registry.npmjs.org/multer/-/multer-2.2.0.tgz. Extracting by manifest.
3171 silly tarball no local data for jsonwebtoken@https://registry.npmjs.org/jsonwebtoken/-/jsonwebtoken-9.0.3.tgz. Extracting by manifest.
3172 silly tarball no local data for express@https://registry.npmjs.org/express/-/express-5.2.1.tgz. Extracting by manifest.
3173 silly tarball no local data for node-cron@https://registry.npmjs.org/node-cron/-/node-cron-4.6.0.tgz. Extracting by manifest.
3174 silly tarball no local data for xlsx@https://registry.npmjs.org/xlsx/-/xlsx-0.18.5.tgz. Extracting by manifest.
3175 silly tarball no local data for cors@https://registry.npmjs.org/cors/-/cors-2.8.6.tgz. Extracting by manifest.
3176 silly tarball no local data for concurrently@https://registry.npmjs.org/concurrently/-/concurrently-9.2.4.tgz. Extracting by manifest.
3177 silly tarball no local data for postcss@https://registry.npmjs.org/postcss/-/postcss-8.5.23.tgz. Extracting by manifest.
3178 silly tarball no local data for autoprefixer@https://registry.npmjs.org/autoprefixer/-/autoprefixer-10.5.4.tgz. Extracting by manifest.
3179 silly tarball no local data for @tailwindcss/postcss@https://registry.npmjs.org/@tailwindcss/postcss/-/postcss-4.3.3.tgz. Extracting by manifest.
3180 silly tarball no local data for @amcharts/amcharts5@https://registry.npmjs.org/@amcharts/amcharts5/-/amcharts5-5.20.0.tgz. Extracting by manifest.
3181 silly tarball no local data for dotenv@https://registry.npmjs.org/dotenv/-/dotenv-17.4.2.tgz. Extracting by manifest.
3182 silly tarball no local data for picomatch@https://registry.npmjs.org/picomatch/-/picomatch-4.0.5.tgz. Extracting by manifest.
3183 silly tarball no local data for fdir@https://registry.npmjs.org/fdir/-/fdir-6.5.0.tgz. Extracting by manifest.
3184 silly tarball no local data for brace-expansion@https://registry.npmjs.org/brace-expansion/-/brace-expansion-1.1.16.tgz. Extracting by manifest.
3185 silly tarball no local data for for-in@https://registry.npmjs.org/for-in/-/for-in-0.1.8.tgz. Extracting by manifest.
3186 silly tarball no local data for lazy-cache@https://registry.npmjs.org/lazy-cache/-/lazy-cache-0.2.7.tgz. Extracting by manifest.
3187 silly tarball no local data for balanced-match@https://registry.npmjs.org/balanced-match/-/balanced-match-1.0.2.tgz. Extracting by manifest.
3188 silly tarball no local data for kind-of@https://registry.npmjs.org/kind-of/-/kind-of-2.0.1.tgz. Extracting by manifest.
3189 silly tarball no local data for ansi-styles@https://registry.npmjs.org/ansi-styles/-/ansi-styles-6.2.3.tgz. Extracting by manifest.
3190 silly tarball no local data for ansi-regex@https://registry.npmjs.org/ansi-regex/-/ansi-regex-6.2.2.tgz. Extracting by manifest.
3191 silly tarball no local data for wrap-ansi@https://registry.npmjs.org/wrap-ansi/-/wrap-ansi-9.0.2.tgz. Extracting by manifest.
3192 silly tarball no local data for string-width@https://registry.npmjs.org/string-width/-/string-width-7.2.0.tgz. Extracting by manifest.
3193 silly tarball no local data for strip-ansi@https://registry.npmjs.org/strip-ansi/-/strip-ansi-7.2.0.tgz. Extracting by manifest.
3194 silly tarball no local data for yargs-parser@https://registry.npmjs.org/yargs-parser/-/yargs-parser-22.0.0.tgz. Extracting by manifest.
3195 silly tarball no local data for string-width@https://registry.npmjs.org/string-width/-/string-width-8.2.2.tgz. Extracting by manifest.
3196 silly tarball no local data for cliui@https://registry.npmjs.org/cliui/-/cliui-9.0.1.tgz. Extracting by manifest.
3197 silly tarball no local data for string-width@https://registry.npmjs.org/string-width/-/string-width-7.2.0.tgz. Extracting by manifest.
3198 silly tarball no local data for yargs@https://registry.npmjs.org/yargs/-/yargs-18.1.0.tgz. Extracting by manifest.
3199 silly tarball no local data for base64-js@https://registry.npmjs.org/base64-js/-/base64-js-1.5.1.tgz. Extracting by manifest.
3200 silly tarball no local data for minimatch@https://registry.npmjs.org/minimatch/-/minimatch-3.1.5.tgz. Extracting by manifest.
3201 silly tarball no local data for emoji-regex@https://registry.npmjs.org/emoji-regex/-/emoji-regex-10.6.0.tgz. Extracting by manifest.
3202 silly tarball no local data for pako@https://registry.npmjs.org/pako/-/pako-0.2.9.tgz. Extracting by manifest.
3203 silly tarball no local data for iconv-lite@https://registry.npmjs.org/iconv-lite/-/iconv-lite-0.7.3.tgz. Extracting by manifest.
3204 silly tarball no local data for iconv-lite@https://registry.npmjs.org/iconv-lite/-/iconv-lite-0.7.3.tgz. Extracting by manifest.
3205 silly tarball no local data for base64-js@https://registry.npmjs.org/base64-js/-/base64-js-1.5.1.tgz. Extracting by manifest.
3206 silly tarball no local data for magic-string@https://registry.npmjs.org/magic-string/-/magic-string-0.30.21.tgz. Extracting by manifest.
3207 silly tarball no local data for content-type@https://registry.npmjs.org/content-type/-/content-type-2.0.0.tgz. Extracting by manifest.
3208 silly tarball no local data for internmap@https://registry.npmjs.org/internmap/-/internmap-1.0.1.tgz. Extracting by manifest.
3209 silly tarball no local data for d3-polygon@https://registry.npmjs.org/d3-polygon/-/d3-polygon-2.0.0.tgz. Extracting by manifest.
3210 silly tarball no local data for content-type@https://registry.npmjs.org/content-type/-/content-type-2.0.0.tgz. Extracting by manifest.
3211 silly tarball no local data for d3-timer@https://registry.npmjs.org/d3-timer/-/d3-timer-2.0.0.tgz. Extracting by manifest.
3212 silly tarball no local data for d3-array@https://registry.npmjs.org/d3-array/-/d3-array-2.12.1.tgz. Extracting by manifest.
3213 silly tarball no local data for d3-path@https://registry.npmjs.org/d3-path/-/d3-path-1.0.9.tgz. Extracting by manifest.
3214 silly tarball no local data for d3-polygon@https://registry.npmjs.org/d3-polygon/-/d3-polygon-2.0.0.tgz. Extracting by manifest.
3215 silly tarball no local data for supports-color@https://registry.npmjs.org/supports-color/-/supports-color-7.2.0.tgz. Extracting by manifest.
3216 silly tarball no local data for internmap@https://registry.npmjs.org/internmap/-/internmap-1.0.1.tgz. Extracting by manifest.
3217 silly tarball no local data for d3-array@https://registry.npmjs.org/d3-array/-/d3-array-2.12.1.tgz. Extracting by manifest.
3218 silly tarball no local data for @types/d3-path@https://registry.npmjs.org/@types/d3-path/-/d3-path-1.0.11.tgz. Extracting by manifest.
3219 silly tarball no local data for @types/d3-shape@https://registry.npmjs.org/@types/d3-shape/-/d3-shape-1.3.12.tgz. Extracting by manifest.
3220 silly tarball no local data for picomatch@https://registry.npmjs.org/picomatch/-/picomatch-4.0.5.tgz. Extracting by manifest.
3221 silly tarball no local data for has-flag@https://registry.npmjs.org/has-flag/-/has-flag-3.0.0.tgz. Extracting by manifest.
3222 silly tarball no local data for supports-color@https://registry.npmjs.org/supports-color/-/supports-color-5.5.0.tgz. Extracting by manifest.
3223 silly tarball no local data for iconv-lite@https://registry.npmjs.org/iconv-lite/-/iconv-lite-0.7.3.tgz. Extracting by manifest.
3224 silly tarball no local data for mime-db@https://registry.npmjs.org/mime-db/-/mime-db-1.52.0.tgz. Extracting by manifest.
3225 silly tarball no local data for d3-shape@https://registry.npmjs.org/d3-shape/-/d3-shape-1.3.7.tgz. Extracting by manifest.
3226 silly tarball no local data for media-typer@https://registry.npmjs.org/media-typer/-/media-typer-0.3.0.tgz. Extracting by manifest.
3227 silly tarball no local data for mime-types@https://registry.npmjs.org/mime-types/-/mime-types-2.1.35.tgz. Extracting by manifest.
3228 silly tarball no local data for d3-dispatch@https://registry.npmjs.org/d3-dispatch/-/d3-dispatch-2.0.0.tgz. Extracting by manifest.
3229 silly tarball no local data for type-is@https://registry.npmjs.org/type-is/-/type-is-1.6.18.tgz. Extracting by manifest.
3230 http fetch GET 200 https://registry.npmjs.org/get-east-asian-width/-/get-east-asian-width-1.6.0.tgz 143ms (cache miss)
3231 http fetch GET 200 https://registry.npmjs.org/concat-map/-/concat-map-0.0.1.tgz 142ms (cache miss)
3232 http fetch GET 200 https://registry.npmjs.org/strip-ansi/-/strip-ansi-6.0.1.tgz 142ms (cache miss)
3233 http fetch GET 200 https://registry.npmjs.org/string-width/-/string-width-4.2.3.tgz 142ms (cache miss)
3234 http fetch GET 200 https://registry.npmjs.org/wrap-ansi/-/wrap-ansi-7.0.0.tgz 142ms (cache miss)
3235 http fetch GET 200 https://registry.npmjs.org/wmf/-/wmf-1.0.2.tgz 165ms (cache miss)
3236 http fetch GET 200 https://registry.npmjs.org/emoji-regex/-/emoji-regex-8.0.0.tgz 166ms (cache miss)
3237 http fetch GET 200 https://registry.npmjs.org/crc-32/-/crc-32-1.2.2.tgz 175ms (cache miss)
3238 http fetch GET 200 https://registry.npmjs.org/sax/-/sax-1.6.1.tgz 192ms (cache miss)
3239 http fetch GET 200 https://registry.npmjs.org/ssf/-/ssf-0.11.2.tgz 193ms (cache miss)
3240 http fetch GET 200 https://registry.npmjs.org/adler-32/-/adler-32-1.3.1.tgz 198ms (cache miss)
3241 http fetch GET 200 https://registry.npmjs.org/require-directory/-/require-directory-2.1.1.tgz 199ms (cache miss)
3242 http fetch GET 200 https://registry.npmjs.org/is-fullwidth-code-point/-/is-fullwidth-code-point-3.0.0.tgz 200ms (cache miss)
3243 http fetch GET 200 https://registry.npmjs.org/get-caller-file/-/get-caller-file-2.0.5.tgz 200ms (cache miss)
3244 http fetch GET 200 https://registry.npmjs.org/y18n/-/y18n-5.0.8.tgz 202ms (cache miss)
3245 http fetch GET 200 https://registry.npmjs.org/word/-/word-0.3.0.tgz 202ms (cache miss)
3246 http fetch GET 200 https://registry.npmjs.org/ansi-regex/-/ansi-regex-5.0.1.tgz 206ms (cache miss)
3247 http fetch GET 200 https://registry.npmjs.org/yargs-parser/-/yargs-parser-21.1.1.tgz 206ms (cache miss)
3248 http fetch GET 200 https://registry.npmjs.org/tinyglobby/-/tinyglobby-0.2.17.tgz 211ms (cache miss)
3249 http fetch GET 200 https://registry.npmjs.org/is-number/-/is-number-7.0.0.tgz 222ms (cache miss)
3250 http fetch GET 200 https://registry.npmjs.org/@oxc-project/types/-/types-0.139.0.tgz 225ms (cache miss)
3251 http fetch GET 200 https://registry.npmjs.org/dunder-proto/-/dunder-proto-1.0.1.tgz 228ms (cache miss)
3252 http fetch GET 200 https://registry.npmjs.org/media-typer/-/media-typer-1.1.1.tgz 229ms (cache miss)
3253 http fetch GET 200 https://registry.npmjs.org/frac/-/frac-1.1.2.tgz 234ms (cache miss)
3254 http fetch GET 200 https://registry.npmjs.org/cliui/-/cliui-8.0.1.tgz 238ms (cache miss)
3255 http fetch GET 200 https://registry.npmjs.org/hasown/-/hasown-2.0.4.tgz 243ms (cache miss)
3256 http fetch GET 200 https://registry.npmjs.org/escalade/-/escalade-3.2.0.tgz 243ms (cache miss)
3257 http fetch GET 200 https://registry.npmjs.org/math-intrinsics/-/math-intrinsics-1.1.0.tgz 248ms (cache miss)
3258 http fetch GET 200 https://registry.npmjs.org/cfb/-/cfb-1.2.2.tgz 254ms (cache miss)
3259 http fetch GET 200 https://registry.npmjs.org/gopd/-/gopd-1.2.0.tgz 254ms (cache miss)
3260 http fetch GET 200 https://registry.npmjs.org/get-proto/-/get-proto-1.0.1.tgz 261ms (cache miss)
3261 http fetch GET 200 https://registry.npmjs.org/side-channel-weakmap/-/side-channel-weakmap-1.0.2.tgz 262ms (cache miss)
3262 http fetch GET 200 https://registry.npmjs.org/side-channel-map/-/side-channel-map-1.0.1.tgz 266ms (cache miss)
3263 http fetch GET 200 https://registry.npmjs.org/call-bound/-/call-bound-1.0.4.tgz 266ms (cache miss)
3264 http fetch GET 200 https://registry.npmjs.org/call-bind-apply-helpers/-/call-bind-apply-helpers-1.0.2.tgz 269ms (cache miss)
3265 http fetch GET 200 https://registry.npmjs.org/rolldown/-/rolldown-1.1.5.tgz 271ms (cache miss)
3266 http fetch GET 200 https://registry.npmjs.org/function-bind/-/function-bind-1.1.2.tgz 271ms (cache miss)
3267 http fetch GET 200 https://registry.npmjs.org/side-channel-list/-/side-channel-list-1.0.1.tgz 274ms (cache miss)
3268 http fetch GET 200 https://registry.npmjs.org/has-symbols/-/has-symbols-1.1.0.tgz 275ms (cache miss)
3269 http fetch GET 200 https://registry.npmjs.org/es-object-atoms/-/es-object-atoms-1.1.2.tgz 282ms (cache miss)
3270 http fetch GET 200 https://registry.npmjs.org/path-to-regexp/-/path-to-regexp-8.4.2.tgz 284ms (cache miss)
3271 http fetch POST 200 https://registry.npmjs.org/-/npm/v1/security/advisories/bulk 370ms
3272 silly audit report {
3272 silly audit report   xlsx: [
3272 silly audit report     {
3272 silly audit report       id: 1108110,
3272 silly audit report       url: 'https://github.com/advisories/GHSA-4r6h-8v6p-xvw6',
3272 silly audit report       title: 'Prototype Pollution in sheetJS',
3272 silly audit report       severity: 'high',
3272 silly audit report       vulnerable_versions: '<0.19.3',
3272 silly audit report       cwe: [Array],
3272 silly audit report       cvss: [Object]
3272 silly audit report     },
3272 silly audit report     {
3272 silly audit report       id: 1108111,
3272 silly audit report       url: 'https://github.com/advisories/GHSA-5pgg-2g8v-p4x9',
3272 silly audit report       title: 'SheetJS Regular Expression Denial of Service (ReDoS)',
3272 silly audit report       severity: 'high',
3272 silly audit report       vulnerable_versions: '<0.20.2',
3272 silly audit report       cwe: [Array],
3272 silly audit report       cvss: [Object]
3272 silly audit report     }
3272 silly audit report   ],
3272 silly audit report   'brace-expansion': [
3272 silly audit report     {
3272 silly audit report       id: 1124334,
3272 silly audit report       url: 'https://github.com/advisories/GHSA-mh99-v99m-4gvg',
3272 silly audit report       title: 'brace-expansion: DoS via unbounded expansion length causing an out-of-memory process crash',
3272 silly audit report       severity: 'high',
3272 silly audit report       vulnerable_versions: '<=5.0.7',
3272 silly audit report       cwe: [Array],
3272 silly audit report       cvss: [Object]
3272 silly audit report     }
3272 silly audit report   ]
3272 silly audit report }
3273 silly packumentCache corgi:https://registry.npmjs.org/xlsx cache-miss
3274 silly packumentCache corgi:https://registry.npmjs.org/brace-expansion cache-miss
3275 http fetch GET 200 https://registry.npmjs.org/get-intrinsic/-/get-intrinsic-1.3.0.tgz 298ms (cache miss)
3276 http fetch GET 200 https://registry.npmjs.org/path-is-absolute/-/path-is-absolute-1.0.1.tgz 302ms (cache miss)
3277 http fetch GET 200 https://registry.npmjs.org/is-extendable/-/is-extendable-0.1.1.tgz 302ms (cache miss)
3278 http fetch GET 200 https://registry.npmjs.org/has-flag/-/has-flag-4.0.0.tgz 302ms (cache miss)
3279 http fetch GET 200 https://registry.npmjs.org/mixin-object/-/mixin-object-2.0.1.tgz 303ms (cache miss)
3280 http fetch GET 200 https://registry.npmjs.org/fs.realpath/-/fs.realpath-1.0.0.tgz 303ms (cache miss)
3281 http fetch GET 200 https://registry.npmjs.org/string_decoder/-/string_decoder-1.3.0.tgz 304ms (cache miss)
3282 http fetch GET 200 https://registry.npmjs.org/inflight/-/inflight-1.0.6.tgz 305ms (cache miss)
3283 warn deprecated inflight@1.0.6: This module is not supported, and leaks memory. Do not use it. Check out lru-cache if you want a good and tested way to coalesce async requests by a key value, which is much more comprehensive and powerful.
3284 http fetch GET 200 https://registry.npmjs.org/util-deprecate/-/util-deprecate-1.0.2.tgz 305ms (cache miss)
3285 http fetch GET 200 https://registry.npmjs.org/glob/-/glob-7.2.3.tgz 308ms (cache miss)
3286 warn deprecated glob@7.2.3: Old versions of glob are not supported, and contain widely publicized security vulnerabilities, which have been fixed in the current version. Please update. Support for old versions may be purchased (at exorbitant rates) by contacting i@izs.me
3287 http fetch GET 200 https://registry.npmjs.org/is-promise/-/is-promise-4.0.0.tgz 314ms (cache miss)
3288 http fetch GET 200 https://registry.npmjs.org/side-channel/-/side-channel-1.1.1.tgz 314ms (cache miss)
3289 http fetch GET 200 https://registry.npmjs.org/jsonfile/-/jsonfile-6.2.1.tgz 323ms (cache miss)
3290 http fetch GET 200 https://registry.npmjs.org/es-define-property/-/es-define-property-1.0.1.tgz 324ms (cache miss)
3291 http fetch GET 200 https://registry.npmjs.org/universalify/-/universalify-2.0.1.tgz 325ms (cache miss)
3292 http fetch GET 200 https://registry.npmjs.org/rimraf/-/rimraf-3.0.2.tgz 326ms (cache miss)
3293 warn deprecated rimraf@3.0.2: Rimraf versions prior to v4 are no longer supported
3294 http fetch GET 200 https://registry.npmjs.org/shallow-clone/-/shallow-clone-0.1.2.tgz 326ms (cache miss)
3295 http fetch GET 200 https://registry.npmjs.org/unpipe/-/unpipe-1.0.0.tgz 329ms (cache miss)
3296 http fetch GET 200 https://registry.npmjs.org/puppeteer-extra-plugin-user-data-dir/-/puppeteer-extra-plugin-user-data-dir-2.4.1.tgz 330ms (cache miss)
3297 http fetch GET 200 https://registry.npmjs.org/isobject/-/isobject-3.0.1.tgz 332ms (cache miss)
3298 http fetch GET 200 https://registry.npmjs.org/is-buffer/-/is-buffer-1.1.6.tgz 332ms (cache miss)
3299 http fetch GET 200 https://registry.npmjs.org/@rolldown/pluginutils/-/pluginutils-1.0.1.tgz 344ms (cache miss)
3300 http fetch GET 200 https://registry.npmjs.org/for-in/-/for-in-1.0.2.tgz 344ms (cache miss)
3301 http fetch GET 200 https://registry.npmjs.org/object-inspect/-/object-inspect-1.13.4.tgz 348ms (cache miss)
3302 http fetch GET 200 https://registry.npmjs.org/clone-deep/-/clone-deep-0.2.4.tgz 349ms (cache miss)
3303 http fetch GET 200 https://registry.npmjs.org/for-own/-/for-own-0.1.5.tgz 350ms (cache miss)
3304 http fetch GET 200 https://registry.npmjs.org/merge-deep/-/merge-deep-3.0.3.tgz 352ms (cache miss)
3305 http fetch GET 200 https://registry.npmjs.org/arr-union/-/arr-union-3.1.0.tgz 353ms (cache miss)
3306 http fetch GET 200 https://registry.npmjs.org/es-errors/-/es-errors-1.3.0.tgz 355ms (cache miss)
3307 http fetch GET 200 https://registry.npmjs.org/is-plain-object/-/is-plain-object-2.0.4.tgz 357ms (cache miss)
3308 http fetch GET 200 https://registry.npmjs.org/kind-of/-/kind-of-3.2.2.tgz 360ms (cache miss)
3309 http fetch GET 200 https://registry.npmjs.org/@types/ms/-/ms-2.1.0.tgz 364ms (cache miss)
3310 http fetch GET 200 https://registry.npmjs.org/deepmerge/-/deepmerge-4.3.1.tgz 365ms (cache miss)
3311 http fetch GET 200 https://registry.npmjs.org/fs-extra/-/fs-extra-10.1.0.tgz 370ms (cache miss)
3312 http fetch GET 200 https://registry.npmjs.org/mitt/-/mitt-3.0.1.tgz 370ms (cache miss)
3313 http fetch GET 200 https://registry.npmjs.org/puppeteer-extra-plugin/-/puppeteer-extra-plugin-3.2.3.tgz 379ms (cache miss)
3314 http fetch GET 200 https://registry.npmjs.org/@types/debug/-/debug-4.1.13.tgz 384ms (cache miss)
3315 http fetch GET 200 https://registry.npmjs.org/lilconfig/-/lilconfig-3.1.3.tgz 383ms (cache miss)
3316 http fetch GET 200 https://registry.npmjs.org/modern-tar/-/modern-tar-0.7.7.tgz 387ms (cache miss)
3317 http fetch GET 200 https://registry.npmjs.org/typed-query-selector/-/typed-query-selector-2.12.2.tgz 387ms (cache miss)
3318 http fetch GET 200 https://registry.npmjs.org/puppeteer-extra-plugin-user-preferences/-/puppeteer-extra-plugin-user-preferences-2.4.1.tgz 388ms (cache miss)
3319 http fetch GET 200 https://registry.npmjs.org/forwarded/-/forwarded-0.2.0.tgz 398ms (cache miss)
3320 http fetch GET 200 https://registry.npmjs.org/ws/-/ws-8.21.1.tgz 403ms (cache miss)
3321 http fetch GET 200 https://registry.npmjs.org/tinyqueue/-/tinyqueue-2.0.3.tgz 402ms (cache miss)
3322 http fetch GET 200 https://registry.npmjs.org/ipaddr.js/-/ipaddr.js-1.9.1.tgz 406ms (cache miss)
3323 http fetch GET 200 https://registry.npmjs.org/nanoid/-/nanoid-3.3.16.tgz 409ms (cache miss)
3324 http fetch GET 200 https://registry.npmjs.org/lazy-cache/-/lazy-cache-1.0.4.tgz 417ms (cache miss)
3325 http fetch GET 200 https://registry.npmjs.org/unicode-properties/-/unicode-properties-1.4.1.tgz 422ms (cache miss)
3326 http fetch GET 200 https://registry.npmjs.org/codepage/-/codepage-1.15.0.tgz 436ms (cache miss)
3327 http fetch GET 200 https://registry.npmjs.org/dfa/-/dfa-1.2.0.tgz 425ms (cache miss)
3328 http fetch GET 200 https://registry.npmjs.org/tiny-inflate/-/tiny-inflate-1.0.3.tgz 428ms (cache miss)
3329 http fetch GET 200 https://registry.npmjs.org/webdriver-bidi-protocol/-/webdriver-bidi-protocol-0.4.2.tgz 431ms (cache miss)
3330 http fetch GET 200 https://registry.npmjs.org/png-js/-/png-js-1.1.0.tgz 433ms (cache miss)
3331 http fetch GET 200 https://registry.npmjs.org/clone/-/clone-2.1.2.tgz 434ms (cache miss)
3332 http fetch GET 200 https://registry.npmjs.org/browserify-zlib/-/browserify-zlib-0.2.0.tgz 444ms (cache miss)
3333 http fetch GET 200 https://registry.npmjs.org/base64-js/-/base64-js-0.0.8.tgz 454ms (cache miss)
3334 http fetch GET 200 https://registry.npmjs.org/unicode-trie/-/unicode-trie-2.0.0.tgz 465ms (cache miss)
3335 http fetch GET 200 https://registry.npmjs.org/wrappy/-/wrappy-1.0.2.tgz 468ms (cache miss)
3336 http fetch GET 200 https://registry.npmjs.org/js-md5/-/js-md5-0.8.3.tgz 472ms (cache miss)
3337 http fetch GET 200 https://registry.npmjs.org/linebreak/-/linebreak-1.1.0.tgz 472ms (cache miss)
3338 http fetch GET 200 https://registry.npmjs.org/ee-first/-/ee-first-1.1.1.tgz 478ms (cache miss)
3339 http fetch GET 200 https://registry.npmjs.org/xmldoc/-/xmldoc-2.0.3.tgz 480ms (cache miss)
3340 http fetch GET 200 https://registry.npmjs.org/restructure/-/restructure-3.0.2.tgz 486ms (cache miss)
3341 http fetch GET 200 https://registry.npmjs.org/pako/-/pako-1.0.11.tgz 490ms (cache miss)
3342 http fetch GET 200 https://registry.npmjs.org/balanced-match/-/balanced-match-4.0.4.tgz 492ms (cache miss)
3343 http fetch GET 200 https://registry.npmjs.org/fill-range/-/fill-range-7.1.1.tgz 499ms (cache miss)
3344 http fetch GET 200 https://registry.npmjs.org/fast-deep-equal/-/fast-deep-equal-3.1.3.tgz 505ms (cache miss)
3345 http fetch GET 200 https://registry.npmjs.org/to-regex-range/-/to-regex-range-5.0.1.tgz 505ms (cache miss)
3346 http fetch GET 200 https://registry.npmjs.org/brace-expansion/-/brace-expansion-5.0.8.tgz 506ms (cache miss)
3347 http fetch GET 200 https://registry.npmjs.org/readdirp/-/readdirp-3.6.0.tgz 506ms (cache miss)
3348 http fetch GET 200 https://registry.npmjs.org/normalize-path/-/normalize-path-3.0.0.tgz 507ms (cache miss)
3349 http fetch GET 200 https://registry.npmjs.org/glob-parent/-/glob-parent-5.1.2.tgz 506ms (cache miss)
3350 http fetch GET 200 https://registry.npmjs.org/is-extglob/-/is-extglob-2.1.1.tgz 508ms (cache miss)
3351 http fetch GET 200 https://registry.npmjs.org/is-glob/-/is-glob-4.0.3.tgz 508ms (cache miss)
3352 http fetch GET 200 https://registry.npmjs.org/anymatch/-/anymatch-3.1.3.tgz 521ms (cache miss)
3353 http fetch GET 200 https://registry.npmjs.org/brotli/-/brotli-1.3.3.tgz 527ms (cache miss)
3354 http fetch GET 200 https://registry.npmjs.org/fsevents/-/fsevents-2.3.3.tgz 529ms (cache miss)
3355 http fetch GET 200 https://registry.npmjs.org/is-binary-path/-/is-binary-path-2.1.0.tgz 533ms (cache miss)
3356 http fetch GET 200 https://registry.npmjs.org/braces/-/braces-3.0.3.tgz 537ms (cache miss)
3357 http fetch GET 200 https://registry.npmjs.org/binary-extensions/-/binary-extensions-2.3.0.tgz 539ms (cache miss)
3358 http fetch GET 200 https://registry.npmjs.org/ignore-by-default/-/ignore-by-default-1.0.1.tgz 540ms (cache miss)
3359 http fetch GET 200 https://registry.npmjs.org/pstree.remy/-/pstree.remy-1.1.8.tgz 541ms (cache miss)
3360 http fetch GET 200 https://registry.npmjs.org/touch/-/touch-3.1.1.tgz 543ms (cache miss)
3361 http fetch GET 200 https://registry.npmjs.org/chokidar/-/chokidar-3.6.0.tgz 543ms (cache miss)
3362 http fetch GET 200 https://registry.npmjs.org/sql-escaper/-/sql-escaper-1.5.1.tgz 546ms (cache miss)
3363 http fetch GET 200 https://registry.npmjs.org/picomatch/-/picomatch-2.3.2.tgz 548ms (cache miss)
3364 http fetch GET 200 https://registry.npmjs.org/denque/-/denque-2.1.0.tgz 552ms (cache miss)
3365 http fetch GET 200 https://registry.npmjs.org/undefsafe/-/undefsafe-2.0.5.tgz 554ms (cache miss)
3366 http fetch GET 200 https://registry.npmjs.org/named-placeholders/-/named-placeholders-1.1.6.tgz 564ms (cache miss)
3367 http fetch GET 200 https://registry.npmjs.org/lru.min/-/lru.min-1.1.4.tgz 564ms (cache miss)
3368 http fetch GET 200 https://registry.npmjs.org/long/-/long-5.3.2.tgz 573ms (cache miss)
3369 http fetch GET 200 https://registry.npmjs.org/typedarray/-/typedarray-0.0.6.tgz 572ms (cache miss)
3370 http fetch GET 200 https://registry.npmjs.org/is-property/-/is-property-1.0.2.tgz 578ms (cache miss)
3371 http fetch GET 200 https://registry.npmjs.org/streamsearch/-/streamsearch-1.1.0.tgz 578ms (cache miss)
3372 http fetch GET 200 https://registry.npmjs.org/simple-update-notifier/-/simple-update-notifier-2.0.0.tgz 582ms (cache miss)
3373 http fetch GET 200 https://registry.npmjs.org/buffer-from/-/buffer-from-1.1.2.tgz 583ms (cache miss)
3374 http fetch GET 200 https://registry.npmjs.org/generate-function/-/generate-function-2.3.1.tgz 600ms (cache miss)
3375 http fetch GET 200 https://registry.npmjs.org/concat-stream/-/concat-stream-2.0.0.tgz 600ms (cache miss)
3376 http fetch GET 200 https://registry.npmjs.org/ecdsa-sig-formatter/-/ecdsa-sig-formatter-1.0.11.tgz 601ms (cache miss)
3377 http fetch GET 200 https://registry.npmjs.org/buffer-equal-constant-time/-/buffer-equal-constant-time-1.0.1.tgz 602ms (cache miss)
3378 http fetch GET 200 https://registry.npmjs.org/mime-db/-/mime-db-1.54.0.tgz 605ms (cache miss)
3379 http fetch GET 200 https://registry.npmjs.org/append-field/-/append-field-1.0.0.tgz 605ms (cache miss)
3380 http fetch GET 200 https://registry.npmjs.org/aws-ssl-profiles/-/aws-ssl-profiles-1.1.2.tgz 608ms (cache miss)
3381 http fetch GET 200 https://registry.npmjs.org/lodash.isstring/-/lodash.isstring-4.0.1.tgz 609ms (cache miss)
3382 http fetch GET 200 https://registry.npmjs.org/jwa/-/jwa-2.0.1.tgz 609ms (cache miss)
3383 http fetch GET 200 https://registry.npmjs.org/lodash.once/-/lodash.once-4.1.1.tgz 613ms (cache miss)
3384 http fetch GET 200 https://registry.npmjs.org/lodash.isplainobject/-/lodash.isplainobject-4.0.6.tgz 622ms (cache miss)
3385 http fetch GET 200 https://registry.npmjs.org/safer-buffer/-/safer-buffer-2.1.2.tgz 627ms (cache miss)
3386 http fetch GET 200 https://registry.npmjs.org/lodash.isinteger/-/lodash.isinteger-4.0.4.tgz 628ms (cache miss)
3387 http fetch GET 200 https://registry.npmjs.org/lodash.includes/-/lodash.includes-4.3.0.tgz 628ms (cache miss)
3388 http fetch GET 200 https://registry.npmjs.org/toidentifier/-/toidentifier-1.0.1.tgz 629ms (cache miss)
3389 http fetch GET 200 https://registry.npmjs.org/safe-buffer/-/safe-buffer-5.2.1.tgz 630ms (cache miss)
3390 http fetch GET 200 https://registry.npmjs.org/detect-libc/-/detect-libc-2.1.2.tgz 630ms (cache miss)
3391 http fetch GET 200 https://registry.npmjs.org/busboy/-/busboy-1.6.0.tgz 633ms (cache miss)
3392 http fetch GET 200 https://registry.npmjs.org/readable-stream/-/readable-stream-3.6.2.tgz 639ms (cache miss)
3393 http fetch GET 200 https://registry.npmjs.org/jws/-/jws-4.0.1.tgz 644ms (cache miss)
3394 http fetch GET 200 https://registry.npmjs.org/lodash.isboolean/-/lodash.isboolean-3.0.3.tgz 650ms (cache miss)
3395 http fetch GET 200 https://registry.npmjs.org/setprototypeof/-/setprototypeof-1.2.0.tgz 652ms (cache miss)
3396 http fetch GET 200 https://registry.npmjs.org/bytes/-/bytes-3.1.2.tgz 655ms (cache miss)
3397 http fetch GET 200 https://registry.npmjs.org/negotiator/-/negotiator-1.0.0.tgz 655ms (cache miss)
3398 http fetch GET 200 https://registry.npmjs.org/statuses/-/statuses-2.0.2.tgz 656ms (cache miss)
3399 http fetch GET 200 https://registry.npmjs.org/ms/-/ms-2.1.3.tgz 656ms (cache miss)
3400 http fetch GET 200 https://registry.npmjs.org/router/-/router-2.2.0.tgz 656ms (cache miss)
3401 http fetch GET 200 https://registry.npmjs.org/range-parser/-/range-parser-1.3.0.tgz 656ms (cache miss)
3402 http fetch GET 200 https://registry.npmjs.org/type-is/-/type-is-2.1.0.tgz 658ms (cache miss)
3403 http fetch GET 200 https://registry.npmjs.org/@noble/ciphers/-/ciphers-1.3.0.tgz 671ms (cache miss)
3404 http fetch GET 200 https://registry.npmjs.org/serve-static/-/serve-static-2.2.1.tgz 667ms (cache miss)
3405 http fetch GET 200 https://registry.npmjs.org/lodash.isnumber/-/lodash.isnumber-3.0.3.tgz 675ms (cache miss)
3406 http fetch GET 200 https://registry.npmjs.org/send/-/send-1.2.1.tgz 676ms (cache miss)
3407 http fetch GET 200 https://registry.npmjs.org/semver/-/semver-7.8.5.tgz 680ms (cache miss)
3408 http fetch GET 200 https://registry.npmjs.org/once/-/once-1.4.0.tgz 684ms (cache miss)
3409 http fetch GET 200 https://registry.npmjs.org/on-finished/-/on-finished-2.4.1.tgz 685ms (cache miss)
3410 http fetch GET 200 https://registry.npmjs.org/parseurl/-/parseurl-1.3.3.tgz 686ms (cache miss)
3411 http fetch GET 200 https://registry.npmjs.org/fresh/-/fresh-2.0.0.tgz 688ms (cache miss)
3412 http fetch GET 200 https://registry.npmjs.org/escape-html/-/escape-html-1.0.3.tgz 689ms (cache miss)
3413 http fetch GET 200 https://registry.npmjs.org/http-errors/-/http-errors-2.0.1.tgz 690ms (cache miss)
3414 http fetch GET 200 https://registry.npmjs.org/inherits/-/inherits-2.0.4.tgz 691ms (cache miss)
3415 http fetch GET 200 https://registry.npmjs.org/proxy-addr/-/proxy-addr-2.0.7.tgz 696ms (cache miss)
3416 http fetch GET 200 https://registry.npmjs.org/qs/-/qs-6.15.3.tgz 709ms (cache miss)
3417 http fetch GET 200 https://registry.npmjs.org/merge-descriptors/-/merge-descriptors-2.0.0.tgz 711ms (cache miss)
3418 http fetch GET 200 https://registry.npmjs.org/cookie-signature/-/cookie-signature-1.2.2.tgz 712ms (cache miss)
3419 http fetch GET 200 https://registry.npmjs.org/depd/-/depd-2.0.0.tgz 713ms (cache miss)
3420 http fetch GET 200 https://registry.npmjs.org/debug/-/debug-4.4.3.tgz 715ms (cache miss)
3421 http fetch GET 200 https://registry.npmjs.org/content-disposition/-/content-disposition-1.1.0.tgz 714ms (cache miss)
3422 http fetch GET 200 https://registry.npmjs.org/cookie/-/cookie-0.7.2.tgz 716ms (cache miss)
3423 http fetch GET 200 https://registry.npmjs.org/encodeurl/-/encodeurl-2.0.0.tgz 717ms (cache miss)
3424 http fetch GET 200 https://registry.npmjs.org/minimatch/-/minimatch-10.2.5.tgz 724ms (cache miss)
3425 http fetch GET 200 https://registry.npmjs.org/mime-types/-/mime-types-3.0.2.tgz 717ms (cache miss)
3426 http fetch GET 200 https://registry.npmjs.org/body-parser/-/body-parser-2.3.0.tgz 722ms (cache miss)
3427 http fetch GET 200 https://registry.npmjs.org/accepts/-/accepts-2.0.0.tgz 723ms (cache miss)
3428 http fetch GET 200 https://registry.npmjs.org/devtools-protocol/-/devtools-protocol-0.0.1653615.tgz 745ms (cache miss)
3429 http fetch GET 200 https://registry.npmjs.org/raw-body/-/raw-body-3.0.2.tgz 736ms (cache miss)
3430 http fetch GET 200 https://registry.npmjs.org/content-type/-/content-type-1.0.5.tgz 741ms (cache miss)
3431 http fetch GET 200 https://registry.npmjs.org/graceful-fs/-/graceful-fs-4.2.11.tgz 744ms (cache miss)
3432 http fetch GET 200 https://registry.npmjs.org/etag/-/etag-1.8.1.tgz 749ms (cache miss)
3433 http fetch GET 200 https://registry.npmjs.org/rw/-/rw-1.3.3.tgz 755ms (cache miss)
3434 http fetch GET 200 https://registry.npmjs.org/finalhandler/-/finalhandler-2.1.1.tgz 764ms (cache miss)
3435 http fetch GET 200 https://registry.npmjs.org/d3-zoom/-/d3-zoom-3.0.0.tgz 766ms (cache miss)
3436 http fetch GET 200 https://registry.npmjs.org/commander/-/commander-7.2.0.tgz 772ms (cache miss)
3437 http fetch GET 200 https://registry.npmjs.org/robust-predicates/-/robust-predicates-3.0.3.tgz 774ms (cache miss)
3438 http fetch GET 200 https://registry.npmjs.org/tapable/-/tapable-2.3.3.tgz 781ms (cache miss)
3439 http fetch GET 200 https://registry.npmjs.org/internmap/-/internmap-2.0.3.tgz 783ms (cache miss)
3440 http fetch GET 200 https://registry.npmjs.org/d3-timer/-/d3-timer-3.0.1.tgz 784ms (cache miss)
3441 http fetch GET 200 https://registry.npmjs.org/d3-fetch/-/d3-fetch-3.0.1.tgz 784ms (cache miss)
3442 http fetch GET 200 https://registry.npmjs.org/d3-path/-/d3-path-3.1.0.tgz 795ms (cache miss)
3443 http fetch GET 200 https://registry.npmjs.org/d3-random/-/d3-random-3.0.1.tgz 798ms (cache miss)
3444 http fetch GET 200 https://registry.npmjs.org/d3-dsv/-/d3-dsv-3.0.1.tgz 798ms (cache miss)
3445 http fetch GET 200 https://registry.npmjs.org/d3-quadtree/-/d3-quadtree-3.0.1.tgz 806ms (cache miss)
3446 http fetch GET 200 https://registry.npmjs.org/delaunator/-/delaunator-5.1.0.tgz 807ms (cache miss)
3447 http fetch GET 200 https://registry.npmjs.org/d3-format/-/d3-format-3.1.2.tgz 807ms (cache miss)
3448 http fetch GET 200 https://registry.npmjs.org/d3-polygon/-/d3-polygon-3.0.1.tgz 807ms (cache miss)
3449 http fetch GET 200 https://registry.npmjs.org/d3-time/-/d3-time-3.1.0.tgz 809ms (cache miss)
3450 http fetch GET 200 https://registry.npmjs.org/d3-drag/-/d3-drag-3.0.0.tgz 809ms (cache miss)
3451 http fetch GET 200 https://registry.npmjs.org/d3-ease/-/d3-ease-3.0.1.tgz 810ms (cache miss)
3452 http fetch GET 200 https://registry.npmjs.org/d3-color/-/d3-color-3.1.0.tgz 811ms (cache miss)
3453 http fetch GET 200 https://registry.npmjs.org/d3-weighted-voronoi/-/d3-weighted-voronoi-1.1.3.tgz 819ms (cache miss)
3454 http fetch GET 200 https://registry.npmjs.org/d3-contour/-/d3-contour-4.0.2.tgz 827ms (cache miss)
3455 http fetch GET 200 https://registry.npmjs.org/@rolldown/binding-darwin-arm64/-/binding-darwin-arm64-1.1.5.tgz 855ms (cache miss)
3456 http fetch GET 200 https://registry.npmjs.org/d3-delaunay/-/d3-delaunay-6.0.4.tgz 829ms (cache miss)
3457 http fetch GET 200 https://registry.npmjs.org/color-convert/-/color-convert-2.0.1.tgz 830ms (cache miss)
3458 http fetch GET 200 https://registry.npmjs.org/@noble/hashes/-/hashes-1.8.0.tgz 848ms (cache miss)
3459 http fetch GET 200 https://registry.npmjs.org/d3-brush/-/d3-brush-3.0.0.tgz 832ms (cache miss)
3460 http fetch GET 200 https://registry.npmjs.org/ansi-styles/-/ansi-styles-4.3.0.tgz 833ms (cache miss)
3461 http fetch GET 200 https://registry.npmjs.org/chalk/-/chalk-4.1.2.tgz 836ms (cache miss)
3462 http fetch GET 200 https://registry.npmjs.org/update-browserslist-db/-/update-browserslist-db-1.2.3.tgz 837ms (cache miss)
3463 http fetch GET 200 https://registry.npmjs.org/d3-axis/-/d3-axis-3.0.0.tgz 839ms (cache miss)
3464 http fetch GET 200 https://registry.npmjs.org/object-assign/-/object-assign-4.1.1.tgz 840ms (cache miss)
3465 http fetch GET 200 https://registry.npmjs.org/d3-dispatch/-/d3-dispatch-3.0.1.tgz 841ms (cache miss)
3466 http fetch GET 200 https://registry.npmjs.org/d3-scale/-/d3-scale-4.0.2.tgz 843ms (cache miss)
3467 http fetch GET 200 https://registry.npmjs.org/d3-voronoi-map/-/d3-voronoi-map-2.1.1.tgz 850ms (cache miss)
3468 http fetch GET 200 https://registry.npmjs.org/electron-to-chromium/-/electron-to-chromium-1.5.396.tgz 850ms (cache miss)
3469 http fetch GET 200 https://registry.npmjs.org/d3-interpolate/-/d3-interpolate-3.0.1.tgz 857ms (cache miss)
3470 http fetch GET 200 https://registry.npmjs.org/iconv-lite/-/iconv-lite-0.6.3.tgz 864ms (cache miss)
3471 http fetch GET 200 https://registry.npmjs.org/d3-time-format/-/d3-time-format-4.1.0.tgz 864ms (cache miss)
3472 http fetch GET 200 https://registry.npmjs.org/node-releases/-/node-releases-2.0.51.tgz 861ms (cache miss)
3473 http fetch GET 200 https://registry.npmjs.org/color-name/-/color-name-1.1.4.tgz 864ms (cache miss)
3474 http fetch GET 200 https://registry.npmjs.org/shell-quote/-/shell-quote-1.9.0.tgz 865ms (cache miss)
3475 http fetch GET 200 https://registry.npmjs.org/vary/-/vary-1.1.2.tgz 868ms (cache miss)
3476 http fetch GET 200 https://registry.npmjs.org/supports-color/-/supports-color-8.1.1.tgz 870ms (cache miss)
3477 http fetch GET 200 https://registry.npmjs.org/tree-kill/-/tree-kill-1.2.2.tgz 873ms (cache miss)
3478 http fetch GET 200 https://registry.npmjs.org/postcss-value-parser/-/postcss-value-parser-4.2.0.tgz 872ms (cache miss)
3479 http fetch GET 200 https://registry.npmjs.org/baseline-browser-mapping/-/baseline-browser-mapping-2.11.4.tgz 873ms (cache miss)
3480 http fetch GET 200 https://registry.npmjs.org/picocolors/-/picocolors-1.1.1.tgz 872ms (cache miss)
3481 http fetch GET 200 https://registry.npmjs.org/pdfkit/-/pdfkit-0.19.1.tgz 906ms (cache miss)
3482 http fetch GET 200 https://registry.npmjs.org/undici-types/-/undici-types-8.3.0.tgz 889ms (cache miss)
3483 http fetch GET 200 https://registry.npmjs.org/d3-scale-chromatic/-/d3-scale-chromatic-3.1.0.tgz 910ms (cache miss)
3484 http fetch GET 200 https://registry.npmjs.org/browserslist/-/browserslist-4.28.7.tgz 907ms (cache miss)
3485 http fetch GET 200 https://registry.npmjs.org/@types/d3-path/-/d3-path-3.1.1.tgz 929ms (cache miss)
3486 http fetch GET 200 https://registry.npmjs.org/d3-array/-/d3-array-3.2.4.tgz 933ms (cache miss)
3487 http fetch GET 200 https://registry.npmjs.org/@types/d3-ease/-/d3-ease-3.0.2.tgz 943ms (cache miss)
3488 http fetch GET 200 https://registry.npmjs.org/yargs/-/yargs-17.7.2.tgz 955ms (cache miss)
3489 http fetch GET 200 https://registry.npmjs.org/lightningcss-darwin-arm64/-/lightningcss-darwin-arm64-1.32.0.tgz 971ms (cache miss)
3490 http fetch GET 200 https://registry.npmjs.org/fontkit/-/fontkit-2.0.4.tgz 988ms (cache miss)
3491 http fetch GET 200 https://registry.npmjs.org/@puppeteer/browsers/-/browsers-3.0.6.tgz 1001ms (cache miss)
3492 http fetch GET 200 https://registry.npmjs.org/@swc/helpers/-/helpers-0.5.23.tgz 1065ms (cache miss)
3493 http fetch GET 200 https://registry.npmjs.org/@types/d3-scale/-/d3-scale-4.0.9.tgz 1122ms (cache miss)
3494 http fetch GET 200 https://registry.npmjs.org/@types/d3-scale-chromatic/-/d3-scale-chromatic-3.1.0.tgz 1129ms (cache miss)
3495 http fetch GET 200 https://registry.npmjs.org/@types/d3-polygon/-/d3-polygon-3.0.2.tgz 1131ms (cache miss)
3496 http fetch GET 200 https://registry.npmjs.org/@types/d3-random/-/d3-random-3.0.4.tgz 1135ms (cache miss)
3497 http fetch GET 200 https://registry.npmjs.org/@types/d3-transition/-/d3-transition-3.0.9.tgz 1138ms (cache miss)
3498 http fetch GET 200 https://registry.npmjs.org/@types/d3-quadtree/-/d3-quadtree-3.0.6.tgz 1141ms (cache miss)
3499 http fetch GET 200 https://registry.npmjs.org/@types/d3-selection/-/d3-selection-3.0.11.tgz 1145ms (cache miss)
3500 http fetch GET 200 https://registry.npmjs.org/@types/d3-interpolate/-/d3-interpolate-3.0.4.tgz 1146ms (cache miss)
3501 http fetch GET 200 https://registry.npmjs.org/zod/-/zod-3.25.76.tgz 1183ms (cache miss)
3502 http fetch GET 200 https://registry.npmjs.org/@types/d3-time/-/d3-time-3.0.4.tgz 1161ms (cache miss)
3503 http fetch GET 200 https://registry.npmjs.org/@types/d3-time-format/-/d3-time-format-4.0.3.tgz 1162ms (cache miss)
3504 http fetch GET 200 https://registry.npmjs.org/@types/d3-timer/-/d3-timer-3.0.2.tgz 1174ms (cache miss)
3505 http fetch GET 200 https://registry.npmjs.org/@types/d3-geo/-/d3-geo-3.1.0.tgz 1176ms (cache miss)
3506 http fetch GET 200 https://registry.npmjs.org/@types/d3-force/-/d3-force-3.0.10.tgz 1176ms (cache miss)
3507 http fetch GET 200 https://registry.npmjs.org/@types/d3-zoom/-/d3-zoom-3.0.8.tgz 1178ms (cache miss)
3508 http fetch GET 200 https://registry.npmjs.org/fraction.js/-/fraction.js-5.3.4.tgz 1188ms (cache miss)
3509 http fetch GET 200 https://registry.npmjs.org/@types/d3-array/-/d3-array-3.2.2.tgz 1194ms (cache miss)
3510 http fetch GET 200 https://registry.npmjs.org/@types/d3-fetch/-/d3-fetch-3.0.7.tgz 1198ms (cache miss)
3511 http fetch GET 200 https://registry.npmjs.org/@types/d3-dsv/-/d3-dsv-3.0.7.tgz 1212ms (cache miss)
3512 http fetch GET 200 https://registry.npmjs.org/chromium-bidi/-/chromium-bidi-17.0.2.tgz 1243ms (cache miss)
3513 http fetch GET 200 https://registry.npmjs.org/caniuse-lite/-/caniuse-lite-1.0.30001806.tgz 1230ms (cache miss)
3514 http fetch GET 200 https://registry.npmjs.org/jiti/-/jiti-2.7.0.tgz 1240ms (cache miss)
3515 http fetch GET 200 https://registry.npmjs.org/source-map-js/-/source-map-js-1.2.1.tgz 1241ms (cache miss)
3516 http fetch GET 200 https://registry.npmjs.org/@jridgewell/trace-mapping/-/trace-mapping-0.3.31.tgz 1269ms (cache miss)
3517 http fetch GET 200 https://registry.npmjs.org/puppeteer-core/-/puppeteer-core-25.4.0.tgz 1311ms (cache miss)
3518 http fetch GET 200 https://registry.npmjs.org/@types/d3-drag/-/d3-drag-3.0.7.tgz 1387ms (cache miss)
3519 http fetch GET 200 https://registry.npmjs.org/@types/d3-format/-/d3-format-3.0.4.tgz 1387ms (cache miss)
3520 http fetch GET 200 https://registry.npmjs.org/@types/d3-axis/-/d3-axis-3.0.6.tgz 1403ms (cache miss)
3521 http fetch GET 200 https://registry.npmjs.org/@jridgewell/resolve-uri/-/resolve-uri-3.1.2.tgz 1412ms (cache miss)
3522 http fetch GET 200 https://registry.npmjs.org/@types/d3-dispatch/-/d3-dispatch-3.0.7.tgz 1425ms (cache miss)
3523 http fetch GET 200 https://registry.npmjs.org/lightningcss/-/lightningcss-1.32.0.tgz 1424ms (cache miss)
3524 http fetch GET 200 https://registry.npmjs.org/tslib/-/tslib-2.8.1.tgz 1426ms (cache miss)
3525 http fetch GET 200 https://registry.npmjs.org/@types/d3-contour/-/d3-contour-3.0.6.tgz 1437ms (cache miss)
3526 http fetch GET 200 https://registry.npmjs.org/polylabel/-/polylabel-1.1.0.tgz 1448ms (cache miss)
3527 http fetch GET 200 https://registry.npmjs.org/seedrandom/-/seedrandom-3.0.5.tgz 1453ms (cache miss)
3528 http fetch GET 200 https://registry.npmjs.org/@types/d3-color/-/d3-color-3.1.3.tgz 1457ms (cache miss)
3529 http fetch GET 200 https://registry.npmjs.org/@types/d3-brush/-/d3-brush-3.0.6.tgz 1457ms (cache miss)
3530 http fetch GET 200 https://registry.npmjs.org/@types/d3-delaunay/-/d3-delaunay-6.0.4.tgz 1469ms (cache miss)
3531 http fetch GET 200 https://registry.npmjs.org/markerjs2/-/markerjs2-2.32.7.tgz 1471ms (cache miss)
3532 http fetch GET 200 https://registry.npmjs.org/svg-arc-to-cubic-bezier/-/svg-arc-to-cubic-bezier-3.2.0.tgz 1478ms (cache miss)
3533 http fetch GET 200 https://registry.npmjs.org/d3-voronoi-treemap/-/d3-voronoi-treemap-1.1.2.tgz 1486ms (cache miss)
3534 http fetch GET 200 https://registry.npmjs.org/@tailwindcss/node/-/node-4.3.3.tgz 1492ms (cache miss)
3535 http fetch GET 200 https://registry.npmjs.org/enhanced-resolve/-/enhanced-resolve-5.24.3.tgz 1508ms (cache miss)
3536 http fetch GET 200 https://registry.npmjs.org/@jridgewell/remapping/-/remapping-2.3.5.tgz 1523ms (cache miss)
3537 http fetch GET 200 https://registry.npmjs.org/d3-chord/-/d3-chord-3.0.1.tgz 1528ms (cache miss)
3538 http fetch GET 200 https://registry.npmjs.org/d3-sankey/-/d3-sankey-0.12.3.tgz 1533ms (cache miss)
3539 http fetch GET 200 https://registry.npmjs.org/@tailwindcss/oxide/-/oxide-4.3.3.tgz 1536ms (cache miss)
3540 http fetch GET 200 https://registry.npmjs.org/d3-force/-/d3-force-3.0.0.tgz 1540ms (cache miss)
3541 http fetch GET 200 https://registry.npmjs.org/d3-selection/-/d3-selection-3.0.0.tgz 1542ms (cache miss)
3542 http fetch GET 200 https://registry.npmjs.org/@jridgewell/gen-mapping/-/gen-mapping-0.3.13.tgz 1546ms (cache miss)
3543 http fetch GET 200 https://registry.npmjs.org/d3/-/d3-7.9.0.tgz 1543ms (cache miss)
3544 http fetch GET 200 https://registry.npmjs.org/d3-transition/-/d3-transition-3.0.1.tgz 1549ms (cache miss)
3545 http fetch GET 200 https://registry.npmjs.org/@types/geojson/-/geojson-7946.0.16.tgz 1543ms (cache miss)
3546 http fetch GET 200 https://registry.npmjs.org/d3-geo/-/d3-geo-3.1.1.tgz 1557ms (cache miss)
3547 http fetch GET 200 https://registry.npmjs.org/d3-shape/-/d3-shape-3.2.0.tgz 1557ms (cache miss)
3548 http fetch GET 200 https://registry.npmjs.org/tailwindcss/-/tailwindcss-4.3.3.tgz 1573ms (cache miss)
3549 http fetch GET 200 https://registry.npmjs.org/puppeteer-extra/-/puppeteer-extra-3.3.6.tgz 1577ms (cache miss)
3550 http fetch GET 200 https://registry.npmjs.org/d3-hierarchy/-/d3-hierarchy-3.1.2.tgz 1583ms (cache miss)
3551 http fetch GET 200 https://registry.npmjs.org/puppeteer/-/puppeteer-25.4.0.tgz 1591ms (cache miss)
3552 http fetch GET 200 https://registry.npmjs.org/nodemon/-/nodemon-3.1.14.tgz 1606ms (cache miss)
3553 http fetch GET 200 https://registry.npmjs.org/vite/-/vite-8.1.5.tgz 1606ms (cache miss)
3554 http fetch GET 200 https://registry.npmjs.org/jsonwebtoken/-/jsonwebtoken-9.0.3.tgz 1612ms (cache miss)
3555 http fetch GET 200 https://registry.npmjs.org/multer/-/multer-2.2.0.tgz 1619ms (cache miss)
3556 http fetch GET 200 https://registry.npmjs.org/puppeteer-extra-plugin-stealth/-/puppeteer-extra-plugin-stealth-2.11.2.tgz 1628ms (cache miss)
3557 http fetch GET 200 https://registry.npmjs.org/express/-/express-5.2.1.tgz 1632ms (cache miss)
3558 http fetch GET 200 https://registry.npmjs.org/cors/-/cors-2.8.6.tgz 1641ms (cache miss)
3559 http fetch GET 200 https://registry.npmjs.org/node-cron/-/node-cron-4.6.0.tgz 1660ms (cache miss)
3560 http fetch GET 200 https://registry.npmjs.org/@jridgewell/sourcemap-codec/-/sourcemap-codec-1.5.5.tgz 1720ms (cache miss)
3561 http fetch GET 200 https://registry.npmjs.org/dotenv/-/dotenv-17.4.2.tgz 1710ms (cache miss)
3562 http fetch GET 200 https://registry.npmjs.org/@tailwindcss/oxide-darwin-arm64/-/oxide-darwin-arm64-4.3.3.tgz 1724ms (cache miss)
3563 http fetch GET 200 https://registry.npmjs.org/fdir/-/fdir-6.5.0.tgz 1720ms (cache miss)
3564 http fetch GET 200 https://registry.npmjs.org/@alloc/quick-lru/-/quick-lru-5.2.0.tgz 1736ms (cache miss)
3565 http fetch GET 200 https://registry.npmjs.org/postcss/-/postcss-8.5.23.tgz 1726ms (cache miss)
3566 http fetch GET 200 https://registry.npmjs.org/picomatch/-/picomatch-4.0.5.tgz 1731ms (cache miss)
3567 http fetch GET 200 https://registry.npmjs.org/for-in/-/for-in-0.1.8.tgz 1730ms (cache miss)
3568 http fetch GET 200 https://registry.npmjs.org/brace-expansion/-/brace-expansion-1.1.16.tgz 1740ms (cache miss)
3569 http fetch GET 200 https://registry.npmjs.org/balanced-match/-/balanced-match-1.0.2.tgz 1747ms (cache miss)
3570 http fetch GET 200 https://registry.npmjs.org/pdfmake/-/pdfmake-0.3.11.tgz 1760ms (cache miss)
3571 http fetch GET 200 https://registry.npmjs.org/mysql2/-/mysql2-3.23.1.tgz 1754ms (cache miss)
3572 http fetch GET 200 https://registry.npmjs.org/ansi-regex/-/ansi-regex-6.2.2.tgz 1755ms (cache miss)
3573 http fetch GET 200 https://registry.npmjs.org/lazy-cache/-/lazy-cache-0.2.7.tgz 1758ms (cache miss)
3574 http fetch GET 200 https://registry.npmjs.org/flatpickr/-/flatpickr-4.6.13.tgz 1770ms (cache miss)
3575 http fetch GET 200 https://registry.npmjs.org/autoprefixer/-/autoprefixer-10.5.4.tgz 1762ms (cache miss)
3576 http fetch GET 200 https://registry.npmjs.org/concurrently/-/concurrently-9.2.4.tgz 1763ms (cache miss)
3577 http fetch GET 200 https://registry.npmjs.org/ansi-styles/-/ansi-styles-6.2.3.tgz 1767ms (cache miss)
3578 http fetch GET 200 https://registry.npmjs.org/@types/svg-arc-to-cubic-bezier/-/svg-arc-to-cubic-bezier-3.2.3.tgz 1777ms (cache miss)
3579 http fetch GET 200 https://registry.npmjs.org/rxjs/-/rxjs-7.8.2.tgz 1792ms (cache miss)
3580 http fetch GET 200 https://registry.npmjs.org/@types/d3-sankey/-/d3-sankey-0.11.2.tgz 1778ms (cache miss)
3581 http fetch GET 200 https://registry.npmjs.org/wrap-ansi/-/wrap-ansi-9.0.2.tgz 1777ms (cache miss)
3582 http fetch GET 200 https://registry.npmjs.org/@types/polylabel/-/polylabel-1.1.3.tgz 1782ms (cache miss)
3583 http fetch GET 200 https://registry.npmjs.org/xlsx/-/xlsx-0.18.5.tgz 1783ms (cache miss)
3584 http fetch GET 200 https://registry.npmjs.org/@types/d3/-/d3-7.4.3.tgz 1791ms (cache miss)
3585 http fetch GET 200 https://registry.npmjs.org/string-width/-/string-width-7.2.0.tgz 1790ms (cache miss)
3586 http fetch GET 200 https://registry.npmjs.org/@types/d3-shape/-/d3-shape-3.1.8.tgz 1793ms (cache miss)
3587 http fetch GET 200 https://registry.npmjs.org/kind-of/-/kind-of-2.0.1.tgz 1791ms (cache miss)
3588 http fetch GET 200 https://registry.npmjs.org/strip-ansi/-/strip-ansi-7.2.0.tgz 1795ms (cache miss)
3589 http fetch GET 200 https://registry.npmjs.org/cliui/-/cliui-9.0.1.tgz 1798ms (cache miss)
3590 http fetch GET 200 https://registry.npmjs.org/string-width/-/string-width-7.2.0.tgz 1804ms (cache miss)
3591 http fetch GET 200 https://registry.npmjs.org/@types/d3-hierarchy/-/d3-hierarchy-3.1.1.tgz 1808ms (cache miss)
3592 http fetch GET 200 https://registry.npmjs.org/yargs-parser/-/yargs-parser-22.0.0.tgz 1807ms (cache miss)
3593 http fetch GET 200 https://registry.npmjs.org/emoji-regex/-/emoji-regex-10.6.0.tgz 1817ms (cache miss)
3594 http fetch GET 200 https://registry.npmjs.org/base64-js/-/base64-js-1.5.1.tgz 1824ms (cache miss)
3595 http fetch GET 200 https://registry.npmjs.org/minimatch/-/minimatch-3.1.5.tgz 1824ms (cache miss)
3596 http fetch GET 200 https://registry.npmjs.org/string-width/-/string-width-8.2.2.tgz 1825ms (cache miss)
3597 http fetch GET 200 https://registry.npmjs.org/yargs/-/yargs-18.1.0.tgz 1827ms (cache miss)
3598 http fetch GET 200 https://registry.npmjs.org/@types/d3-chord/-/d3-chord-3.0.6.tgz 1835ms (cache miss)
3599 http fetch GET 200 https://registry.npmjs.org/iconv-lite/-/iconv-lite-0.7.3.tgz 1831ms (cache miss)
3600 http fetch GET 200 https://registry.npmjs.org/content-type/-/content-type-2.0.0.tgz 1849ms (cache miss)
3601 http fetch GET 200 https://registry.npmjs.org/base64-js/-/base64-js-1.5.1.tgz 1849ms (cache miss)
3602 http fetch GET 200 https://registry.npmjs.org/internmap/-/internmap-1.0.1.tgz 1851ms (cache miss)
3603 http fetch GET 200 https://registry.npmjs.org/d3-polygon/-/d3-polygon-2.0.0.tgz 1854ms (cache miss)
3604 http fetch GET 200 https://registry.npmjs.org/d3-timer/-/d3-timer-2.0.0.tgz 1854ms (cache miss)
3605 http fetch GET 200 https://registry.npmjs.org/content-type/-/content-type-2.0.0.tgz 1856ms (cache miss)
3606 http fetch GET 200 https://registry.npmjs.org/magic-string/-/magic-string-0.30.21.tgz 1859ms (cache miss)
3607 http fetch GET 200 https://registry.npmjs.org/d3-path/-/d3-path-1.0.9.tgz 1861ms (cache miss)
3608 http fetch GET 200 https://registry.npmjs.org/pako/-/pako-0.2.9.tgz 1865ms (cache miss)
3609 http fetch GET 200 https://registry.npmjs.org/iconv-lite/-/iconv-lite-0.7.3.tgz 1865ms (cache miss)
3610 http fetch GET 200 https://registry.npmjs.org/d3-polygon/-/d3-polygon-2.0.0.tgz 1870ms (cache miss)
3611 http fetch GET 200 https://registry.npmjs.org/@types/node/-/node-26.1.1.tgz 1877ms (cache miss)
3612 http fetch GET 200 https://registry.npmjs.org/picomatch/-/picomatch-4.0.5.tgz 1877ms (cache miss)
3613 http fetch GET 200 https://registry.npmjs.org/supports-color/-/supports-color-5.5.0.tgz 1882ms (cache miss)
3614 http fetch GET 200 https://registry.npmjs.org/supports-color/-/supports-color-7.2.0.tgz 1884ms (cache miss)
3615 http fetch GET 200 https://registry.npmjs.org/internmap/-/internmap-1.0.1.tgz 1887ms (cache miss)
3616 http fetch GET 200 https://registry.npmjs.org/mime-db/-/mime-db-1.52.0.tgz 1892ms (cache miss)
3617 http fetch GET 200 https://registry.npmjs.org/d3-array/-/d3-array-2.12.1.tgz 1894ms (cache miss)
3618 http fetch GET 200 https://registry.npmjs.org/has-flag/-/has-flag-3.0.0.tgz 1893ms (cache miss)
3619 http fetch GET 200 https://registry.npmjs.org/iconv-lite/-/iconv-lite-0.7.3.tgz 1894ms (cache miss)
3620 http fetch GET 200 https://registry.npmjs.org/d3-array/-/d3-array-2.12.1.tgz 1898ms (cache miss)
3621 http fetch GET 200 https://registry.npmjs.org/d3-shape/-/d3-shape-1.3.7.tgz 1897ms (cache miss)
3622 http fetch GET 200 https://registry.npmjs.org/mime-types/-/mime-types-2.1.35.tgz 1903ms (cache miss)
3623 http fetch GET 200 https://registry.npmjs.org/brace-expansion 1670ms (cache miss)
3624 silly packumentCache corgi:https://registry.npmjs.org/brace-expansion set size:undefined disposed:false
3625 http fetch GET 200 https://registry.npmjs.org/media-typer/-/media-typer-0.3.0.tgz 1923ms (cache miss)
3626 http fetch GET 200 https://registry.npmjs.org/type-is/-/type-is-1.6.18.tgz 1881ms (cache miss)
3627 http fetch GET 200 https://registry.npmjs.org/d3-dispatch/-/d3-dispatch-2.0.0.tgz 1931ms (cache miss)
3628 http fetch GET 200 https://registry.npmjs.org/@types/d3-shape/-/d3-shape-1.3.12.tgz 2115ms (cache miss)
3629 http fetch GET 200 https://registry.npmjs.org/@types/d3-path/-/d3-path-1.0.11.tgz 2164ms (cache miss)
3630 http fetch GET 200 https://registry.npmjs.org/xlsx 1922ms (cache miss)
3631 silly packumentCache corgi:https://registry.npmjs.org/xlsx set size:undefined disposed:false
3632 silly packumentCache corgi:https://registry.npmjs.org/minimatch cache-miss
3633 http fetch GET 200 https://registry.npmjs.org/@tailwindcss/postcss/-/postcss-4.3.3.tgz 2211ms (cache miss)
3634 http fetch GET 200 https://registry.npmjs.org/minimatch 43ms (cache miss)
3635 silly packumentCache corgi:https://registry.npmjs.org/minimatch set size:undefined disposed:false
3636 silly packumentCache corgi:https://registry.npmjs.org/glob cache-miss
3637 http fetch GET 200 https://registry.npmjs.org/glob 50ms (cache miss)
3638 silly packumentCache corgi:https://registry.npmjs.org/glob set size:undefined disposed:false
3639 silly packumentCache corgi:https://registry.npmjs.org/rimraf cache-miss
3640 http fetch GET 200 https://registry.npmjs.org/rimraf 38ms (cache miss)
3641 silly packumentCache corgi:https://registry.npmjs.org/rimraf set size:undefined disposed:false
3642 silly packumentCache corgi:https://registry.npmjs.org/puppeteer-extra-plugin-user-data-dir cache-miss
3643 http fetch GET 200 https://registry.npmjs.org/puppeteer-extra-plugin-user-data-dir 280ms (cache miss)
3644 silly packumentCache corgi:https://registry.npmjs.org/puppeteer-extra-plugin-user-data-dir set size:undefined disposed:false
3645 silly packumentCache corgi:https://registry.npmjs.org/puppeteer-extra-plugin-user-preferences cache-miss
3646 http fetch GET 200 https://registry.npmjs.org/@amcharts/amcharts5/-/amcharts5-5.20.0.tgz 2696ms (cache miss)
3647 info run fsevents@2.3.3 install node_modules/fsevents node-gyp rebuild
3648 http fetch GET 200 https://registry.npmjs.org/puppeteer-extra-plugin-user-preferences 276ms (cache miss)
3649 silly packumentCache corgi:https://registry.npmjs.org/puppeteer-extra-plugin-user-preferences set size:undefined disposed:false
3650 silly packumentCache corgi:https://registry.npmjs.org/puppeteer-extra-plugin-stealth cache-miss
3651 http fetch GET 200 https://registry.npmjs.org/puppeteer-extra-plugin-stealth 272ms (cache miss)
3652 silly packumentCache corgi:https://registry.npmjs.org/puppeteer-extra-plugin-stealth set size:undefined disposed:false
3653 info run fsevents@2.3.3 install { code: 1, signal: null }
3654 verbose reify failed optional dependency /Users/mac/Desktop/App/NAE_Manages01/node_modules/fsevents
3655 silly reify mark deleted [ '/Users/mac/Desktop/App/NAE_Manages01/node_modules/fsevents' ]
3656 info run puppeteer@25.4.0 postinstall node_modules/puppeteer node install.mjs
3657 info run puppeteer@25.4.0 postinstall { code: 0, signal: null }
3658 silly ADD node_modules/concat-map
3659 silly ADD node_modules/get-east-asian-width
3660 silly ADD node_modules/ansi-regex
3661 silly ADD node_modules/is-fullwidth-code-point
3662 silly ADD node_modules/emoji-regex
3663 silly ADD node_modules/wrap-ansi
3664 silly ADD node_modules/strip-ansi
3665 silly ADD node_modules/yargs-parser
3666 silly ADD node_modules/y18n
3667 silly ADD node_modules/string-width
3668 silly ADD node_modules/require-directory
3669 silly ADD node_modules/get-caller-file
3670 silly ADD node_modules/cliui
3671 silly ADD node_modules/sax
3672 silly ADD node_modules/frac
3673 silly ADD node_modules/word
3674 silly ADD node_modules/wmf
3675 silly ADD node_modules/ssf
3676 silly ADD node_modules/crc-32
3677 silly ADD node_modules/codepage
3678 silly ADD node_modules/cfb
3679 silly ADD node_modules/adler-32
3680 silly ADD node_modules/@rolldown/pluginutils
3681 silly ADD node_modules/@rolldown/binding-darwin-arm64
3682 silly ADD node_modules/@oxc-project/types
3683 silly ADD node_modules/tinyglobby
3684 silly ADD node_modules/tinyglobby/node_modules/picomatch
3685 silly ADD node_modules/tinyglobby/node_modules/fdir
3686 silly ADD node_modules/rolldown
3687 silly ADD node_modules/escalade
3688 silly ADD node_modules/media-typer
3689 silly ADD node_modules/is-number
3690 silly ADD node_modules/has-flag
3691 silly ADD node_modules/dunder-proto
3692 silly ADD node_modules/math-intrinsics
3693 silly ADD node_modules/hasown
3694 silly ADD node_modules/has-symbols
3695 silly ADD node_modules/gopd
3696 silly ADD node_modules/get-proto
3697 silly ADD node_modules/es-object-atoms
3698 silly ADD node_modules/function-bind
3699 silly ADD node_modules/call-bind-apply-helpers
3700 silly ADD node_modules/get-intrinsic
3701 silly ADD node_modules/call-bound
3702 silly ADD node_modules/side-channel-weakmap
3703 silly ADD node_modules/side-channel-map
3704 silly ADD node_modules/side-channel-list
3705 silly ADD node_modules/object-inspect
3706 silly ADD node_modules/es-errors
3707 silly ADD node_modules/mixin-object
3708 silly ADD node_modules/mixin-object/node_modules/for-in
3709 silly ADD node_modules/is-extendable
3710 silly ADD node_modules/path-to-regexp
3711 silly ADD node_modules/is-promise
3712 silly ADD node_modules/path-is-absolute
3713 silly ADD node_modules/inflight
3714 silly ADD node_modules/fs.realpath
3715 silly ADD node_modules/glob
3716 silly ADD node_modules/glob/node_modules/balanced-match
3717 silly ADD node_modules/glob/node_modules/brace-expansion
3718 silly ADD node_modules/glob/node_modules/minimatch
3719 silly ADD node_modules/util-deprecate
3720 silly ADD node_modules/string_decoder
3721 silly ADD node_modules/unpipe
3722 silly ADD node_modules/side-channel
3723 silly ADD node_modules/es-define-property
3724 silly ADD node_modules/universalify
3725 silly ADD node_modules/jsonfile
3726 silly ADD node_modules/rimraf
3727 silly ADD node_modules/fs-extra
3728 silly ADD node_modules/puppeteer-extra-plugin-user-data-dir
3729 silly ADD node_modules/is-buffer
3730 silly ADD node_modules/isobject
3731 silly ADD node_modules/for-in
3732 silly ADD node_modules/shallow-clone
3733 silly ADD node_modules/shallow-clone/node_modules/lazy-cache
3734 silly ADD node_modules/shallow-clone/node_modules/kind-of
3735 silly ADD node_modules/lazy-cache
3736 silly ADD node_modules/is-plain-object
3737 silly ADD node_modules/for-own
3738 silly ADD node_modules/kind-of
3739 silly ADD node_modules/clone-deep
3740 silly ADD node_modules/arr-union
3741 silly ADD node_modules/merge-deep
3742 silly ADD node_modules/puppeteer-extra-plugin-user-preferences
3743 silly ADD node_modules/puppeteer-extra-plugin
3744 silly ADD node_modules/@types/ms
3745 silly ADD node_modules/deepmerge
3746 silly ADD node_modules/@types/debug
3747 silly ADD node_modules/ws
3748 silly ADD node_modules/webdriver-bidi-protocol
3749 silly ADD node_modules/zod
3750 silly ADD node_modules/mitt
3751 silly ADD node_modules/modern-tar
3752 silly ADD node_modules/typed-query-selector
3753 silly ADD node_modules/puppeteer-core
3754 silly ADD node_modules/lilconfig
3755 silly ADD node_modules/devtools-protocol
3756 silly ADD node_modules/chromium-bidi
3757 silly ADD node_modules/@puppeteer/browsers
3758 silly ADD node_modules/@puppeteer/browsers/node_modules/emoji-regex
3759 silly ADD node_modules/@puppeteer/browsers/node_modules/ansi-styles
3760 silly ADD node_modules/@puppeteer/browsers/node_modules/ansi-regex
3761 silly ADD node_modules/@puppeteer/browsers/node_modules/wrap-ansi
3762 silly ADD node_modules/@puppeteer/browsers/node_modules/wrap-ansi/node_modules/string-width
3763 silly ADD node_modules/@puppeteer/browsers/node_modules/strip-ansi
3764 silly ADD node_modules/@puppeteer/browsers/node_modules/yargs-parser
3765 silly ADD node_modules/@puppeteer/browsers/node_modules/string-width
3766 silly ADD node_modules/@puppeteer/browsers/node_modules/cliui
3767 silly ADD node_modules/@puppeteer/browsers/node_modules/cliui/node_modules/string-width
3768 silly ADD node_modules/@puppeteer/browsers/node_modules/yargs
3769 silly ADD node_modules/ipaddr.js
3770 silly ADD node_modules/forwarded
3771 silly ADD node_modules/nanoid
3772 silly ADD node_modules/tinyqueue
3773 silly ADD node_modules/pako
3774 silly ADD node_modules/browserify-zlib
3775 silly ADD node_modules/unicode-properties
3776 silly ADD node_modules/unicode-properties/node_modules/base64-js
3777 silly ADD node_modules/tiny-inflate
3778 silly ADD node_modules/restructure
3779 silly ADD node_modules/fast-deep-equal
3780 silly ADD node_modules/dfa
3781 silly ADD node_modules/clone
3782 silly ADD node_modules/brotli
3783 silly ADD node_modules/brotli/node_modules/base64-js
3784 silly ADD node_modules/@swc/helpers
3785 silly ADD node_modules/png-js
3786 silly ADD node_modules/js-md5
3787 silly ADD node_modules/fontkit
3788 silly ADD node_modules/@noble/hashes
3789 silly ADD node_modules/@noble/ciphers
3790 silly ADD node_modules/unicode-trie
3791 silly ADD node_modules/unicode-trie/node_modules/pako
3792 silly ADD node_modules/base64-js
3793 silly ADD node_modules/xmldoc
3794 silly ADD node_modules/pdfkit
3795 silly ADD node_modules/linebreak
3796 silly ADD node_modules/wrappy
3797 silly ADD node_modules/ee-first
3798 silly ADD node_modules/balanced-match
3799 silly ADD node_modules/brace-expansion
3800 silly ADD node_modules/is-extglob
3801 silly ADD node_modules/binary-extensions
3802 silly ADD node_modules/to-regex-range
3803 silly ADD node_modules/fill-range
3804 silly ADD node_modules/picomatch
3805 silly ADD node_modules/readdirp
3806 silly ADD node_modules/normalize-path
3807 silly ADD node_modules/is-glob
3808 silly ADD node_modules/is-binary-path
3809 silly ADD node_modules/glob-parent
3810 silly ADD
3811 silly ADD node_modules/braces
3812 silly ADD node_modules/anymatch
3813 silly ADD node_modules/undefsafe
3814 silly ADD node_modules/touch
3815 silly ADD node_modules/simple-update-notifier
3816 silly ADD node_modules/pstree.remy
3817 silly ADD node_modules/minimatch
3818 silly ADD node_modules/ignore-by-default
3819 silly ADD node_modules/chokidar
3820 silly ADD node_modules/is-property
3821 silly ADD node_modules/sql-escaper
3822 silly ADD node_modules/named-placeholders
3823 silly ADD node_modules/lru.min
3824 silly ADD node_modules/long
3825 silly ADD node_modules/generate-function
3826 silly ADD node_modules/denque
3827 silly ADD node_modules/aws-ssl-profiles
3828 silly ADD node_modules/typedarray
3829 silly ADD node_modules/readable-stream
3830 silly ADD node_modules/buffer-from
3831 silly ADD node_modules/streamsearch
3832 silly ADD node_modules/concat-stream
3833 silly ADD node_modules/busboy
3834 silly ADD node_modules/append-field
3835 silly ADD node_modules/mime-db
3836 silly ADD node_modules/lightningcss-darwin-arm64
3837 silly ADD node_modules/detect-libc
3838 silly ADD node_modules/ecdsa-sig-formatter
3839 silly ADD node_modules/buffer-equal-constant-time
3840 silly ADD node_modules/safe-buffer
3841 silly ADD node_modules/jwa
3842 silly ADD node_modules/semver
3843 silly ADD node_modules/lodash.once
3844 silly ADD node_modules/lodash.isstring
3845 silly ADD node_modules/lodash.isplainobject
3846 silly ADD node_modules/lodash.isnumber
3847 silly ADD node_modules/lodash.isinteger
3848 silly ADD node_modules/lodash.isboolean
3849 silly ADD node_modules/lodash.includes
3850 silly ADD node_modules/jws
3851 silly ADD node_modules/safer-buffer
3852 silly ADD node_modules/toidentifier
3853 silly ADD node_modules/setprototypeof
3854 silly ADD node_modules/inherits
3855 silly ADD node_modules/ms
3856 silly ADD node_modules/raw-body
3857 silly ADD node_modules/raw-body/node_modules/iconv-lite
3858 silly ADD node_modules/bytes
3859 silly ADD node_modules/negotiator
3860 silly ADD node_modules/type-is
3861 silly ADD node_modules/type-is/node_modules/content-type
3862 silly ADD node_modules/statuses
3863 silly ADD node_modules/serve-static
3864 silly ADD node_modules/send
3865 silly ADD node_modules/router
3866 silly ADD node_modules/range-parser
3867 silly ADD node_modules/qs
3868 silly ADD node_modules/proxy-addr
3869 silly ADD node_modules/parseurl
3870 silly ADD node_modules/once
3871 silly ADD node_modules/on-finished
3872 silly ADD node_modules/mime-types
3873 silly ADD node_modules/merge-descriptors
3874 silly ADD node_modules/http-errors
3875 silly ADD node_modules/fresh
3876 silly ADD node_modules/finalhandler
3877 silly ADD node_modules/etag
3878 silly ADD node_modules/escape-html
3879 silly ADD node_modules/encodeurl
3880 silly ADD node_modules/depd
3881 silly ADD node_modules/debug
3882 silly ADD node_modules/cookie-signature
3883 silly ADD node_modules/cookie
3884 silly ADD node_modules/content-type
3885 silly ADD node_modules/content-disposition
3886 silly ADD node_modules/body-parser
3887 silly ADD node_modules/body-parser/node_modules/iconv-lite
3888 silly ADD node_modules/body-parser/node_modules/content-type
3889 silly ADD node_modules/accepts
3890 silly ADD node_modules/tapable
3891 silly ADD node_modules/graceful-fs
3892 silly ADD node_modules/robust-predicates
3893 silly ADD node_modules/d3-weighted-voronoi
3894 silly ADD node_modules/d3-weighted-voronoi/node_modules/internmap
3895 silly ADD node_modules/d3-weighted-voronoi/node_modules/d3-polygon
3896 silly ADD node_modules/d3-weighted-voronoi/node_modules/d3-array
3897 silly ADD node_modules/d3-voronoi-map
3898 silly ADD node_modules/d3-voronoi-map/node_modules/d3-timer
3899 silly ADD node_modules/d3-voronoi-map/node_modules/d3-polygon
3900 silly ADD node_modules/d3-voronoi-map/node_modules/d3-dispatch
3901 silly ADD node_modules/rw
3902 silly ADD node_modules/iconv-lite
3903 silly ADD node_modules/commander
3904 silly ADD node_modules/delaunator
3905 silly ADD node_modules/internmap
3906 silly ADD node_modules/d3-zoom
3907 silly ADD node_modules/d3-timer
3908 silly ADD node_modules/d3-time-format
3909 silly ADD node_modules/d3-time
3910 silly ADD node_modules/d3-scale-chromatic
3911 silly ADD node_modules/d3-scale
3912 silly ADD node_modules/d3-random
3913 silly ADD node_modules/d3-quadtree
3914 silly ADD node_modules/d3-polygon
3915 silly ADD node_modules/d3-path
3916 silly ADD node_modules/d3-interpolate
3917 silly ADD node_modules/d3-format
3918 silly ADD node_modules/d3-fetch
3919 silly ADD node_modules/d3-ease
3920 silly ADD node_modules/d3-dsv
3921 silly ADD node_modules/d3-drag
3922 silly ADD node_modules/d3-dispatch
3923 silly ADD node_modules/d3-delaunay
3924 silly ADD node_modules/d3-contour
3925 silly ADD node_modules/d3-color
3926 silly ADD node_modules/d3-brush
3927 silly ADD node_modules/d3-axis
3928 silly ADD node_modules/d3-array
3929 silly ADD node_modules/vary
3930 silly ADD node_modules/object-assign
3931 silly ADD node_modules/color-name
3932 silly ADD node_modules/color-convert
3933 silly ADD node_modules/ansi-styles
3934 silly ADD node_modules/yargs
3935 silly ADD node_modules/tree-kill
3936 silly ADD node_modules/supports-color
3937 silly ADD node_modules/shell-quote
3938 silly ADD node_modules/rxjs
3939 silly ADD node_modules/chalk
3940 silly ADD node_modules/chalk/node_modules/supports-color
3941 silly ADD node_modules/update-browserslist-db
3942 silly ADD node_modules/node-releases
3943 silly ADD node_modules/electron-to-chromium
3944 silly ADD node_modules/baseline-browser-mapping
3945 silly ADD node_modules/postcss-value-parser
3946 silly ADD node_modules/picocolors
3947 silly ADD node_modules/fraction.js
3948 silly ADD node_modules/caniuse-lite
3949 silly ADD node_modules/browserslist
3950 silly ADD node_modules/undici-types
3951 silly ADD node_modules/@types/d3-zoom
3952 silly ADD node_modules/@types/d3-transition
3953 silly ADD node_modules/@types/d3-timer
3954 silly ADD node_modules/@types/d3-time-format
3955 silly ADD node_modules/@types/d3-time
3956 silly ADD node_modules/@types/d3-selection
3957 silly ADD node_modules/@types/d3-scale-chromatic
3958 silly ADD node_modules/@types/d3-scale
3959 silly ADD node_modules/@types/d3-random
3960 silly ADD node_modules/@types/d3-quadtree
3961 silly ADD node_modules/@types/d3-polygon
3962 silly ADD node_modules/@types/d3-path
3963 silly ADD node_modules/@types/d3-interpolate
3964 silly ADD node_modules/@types/d3-geo
3965 silly ADD node_modules/@types/d3-format
3966 silly ADD node_modules/@types/d3-force
3967 silly ADD node_modules/@types/d3-fetch
3968 silly ADD node_modules/@types/d3-ease
3969 silly ADD node_modules/@types/d3-dsv
3970 silly ADD node_modules/@types/d3-drag
3971 silly ADD node_modules/@types/d3-dispatch
3972 silly ADD node_modules/@types/d3-delaunay
3973 silly ADD node_modules/@types/d3-contour
3974 silly ADD node_modules/@types/d3-color
3975 silly ADD node_modules/@types/d3-brush
3976 silly ADD node_modules/@types/d3-axis
3977 silly ADD node_modules/@types/d3-array
3978 silly ADD node_modules/@tailwindcss/oxide-darwin-arm64
3979 silly ADD node_modules/@jridgewell/resolve-uri
3980 silly ADD node_modules/@jridgewell/sourcemap-codec
3981 silly ADD node_modules/@jridgewell/trace-mapping
3982 silly ADD node_modules/@jridgewell/gen-mapping
3983 silly ADD node_modules/source-map-js
3984 silly ADD node_modules/magic-string
3985 silly ADD node_modules/lightningcss
3986 silly ADD node_modules/jiti
3987 silly ADD node_modules/enhanced-resolve
3988 silly ADD node_modules/@jridgewell/remapping
3989 silly ADD node_modules/@tailwindcss/oxide
3990 silly ADD node_modules/@tailwindcss/node
3991 silly ADD node_modules/@alloc/quick-lru
3992 silly ADD node_modules/tslib
3993 silly ADD node_modules/svg-arc-to-cubic-bezier
3994 silly ADD node_modules/seedrandom
3995 silly ADD node_modules/polylabel
3996 silly ADD node_modules/pdfmake
3997 silly ADD node_modules/markerjs2
3998 silly ADD node_modules/flatpickr
3999 silly ADD node_modules/d3-voronoi-treemap
4000 silly ADD node_modules/d3-transition
4001 silly ADD node_modules/d3-shape
4002 silly ADD node_modules/d3-selection
4003 silly ADD node_modules/d3-sankey
4004 silly ADD node_modules/d3-sankey/node_modules/d3-path
4005 silly ADD node_modules/d3-sankey/node_modules/internmap
4006 silly ADD node_modules/d3-sankey/node_modules/d3-shape
4007 silly ADD node_modules/d3-sankey/node_modules/d3-array
4008 silly ADD node_modules/d3-hierarchy
4009 silly ADD node_modules/d3-geo
4010 silly ADD node_modules/d3-force
4011 silly ADD node_modules/d3-chord
4012 silly ADD node_modules/d3
4013 silly ADD node_modules/@types/svg-arc-to-cubic-bezier
4014 silly ADD node_modules/@types/polylabel
4015 silly ADD node_modules/@types/geojson
4016 silly ADD node_modules/@types/d3-shape
4017 silly ADD node_modules/@types/d3-sankey
4018 silly ADD node_modules/@types/d3-sankey/node_modules/@types/d3-path
4019 silly ADD node_modules/@types/d3-sankey/node_modules/@types/d3-shape
4020 silly ADD node_modules/@types/d3-hierarchy
4021 silly ADD node_modules/@types/d3-chord
4022 silly ADD node_modules/@types/d3
4023 silly ADD node_modules/xlsx
4024 silly ADD node_modules/vite
4025 silly ADD node_modules/vite/node_modules/picomatch
4026 silly ADD node_modules/tailwindcss
4027 silly ADD node_modules/puppeteer-extra-plugin-stealth
4028 silly ADD node_modules/puppeteer-extra
4029 silly ADD node_modules/puppeteer
4030 silly ADD node_modules/nodemon
4031 silly ADD node_modules/nodemon/node_modules/has-flag
4032 silly ADD node_modules/nodemon/node_modules/supports-color
4033 silly ADD node_modules/node-cron
4034 silly ADD node_modules/@types/node
4035 silly ADD node_modules/mysql2
4036 silly ADD node_modules/mysql2/node_modules/iconv-lite
4037 silly ADD node_modules/multer
4038 silly ADD node_modules/multer/node_modules/mime-db
4039 silly ADD node_modules/multer/node_modules/mime-types
4040 silly ADD node_modules/multer/node_modules/media-typer
4041 silly ADD node_modules/multer/node_modules/type-is
4042 silly ADD node_modules/jsonwebtoken
4043 silly ADD node_modules/express
4044 silly ADD node_modules/dotenv
4045 silly ADD node_modules/cors
4046 silly ADD node_modules/concurrently
4047 silly ADD node_modules/postcss
4048 silly ADD node_modules/autoprefixer
4049 silly ADD node_modules/@tailwindcss/postcss
4050 silly ADD node_modules/@amcharts/amcharts5
4051 warn allow-scripts 1 package has install scripts not yet covered by allowScripts:
4051 warn allow-scripts   puppeteer@25.4.0 (postinstall: node install.mjs)
4051 warn allow-scripts
4051 warn allow-scripts Run `npm approve-scripts --allow-scripts-pending` to review, or `npm approve-scripts <pkg>` to allow.
4052 verbose cwd /Users/mac/Desktop/App/NAE_Manages01
4053 verbose os Darwin 25.5.0
4054 verbose node v24.14.0
4055 verbose npm  v11.16.0
4056 notice
4056 notice New [33mminor[39m version of npm available! [33m11.16.0[39m -> [34m11.18.0[39m
4056 notice Changelog: [34mhttps://github.com/npm/cli/releases/tag/v11.18.0[39m
4056 notice To update run: [4mnpm install -g npm@11.18.0[24m
4056 notice  { force: true, Symbol(proc-log.meta): true }
4057 verbose exit 0
4058 info ok
